Time,UF유입압력_PT001,UF유입압력_PT007,UF유입압력_PT002,UF유입압력_PT005,UF압력_UF-TMP,UF유입압력_PT003,UF유입압력_PT004,UF유입압력_PT006,UF처리탁도_TUB001,UF농축유량_FIT001,UF처리유량_FIT002,UF유입온도_TIT001,UF유입온도_TIT002,UF유입온도_TIT003,전기전도도_EC001,UFpH_pH001,UF히터_EH001,UF레귤레이터_REG001,UF레귤레이터_REG002,UF펌프_P001,UF펌프_P002,UF펌프_P003,UF펌프_P004,UF펌프_P005,XV001,XV002,XV003,XV004,XV005,XV006,XV007,XV008,XV009,XV010,XV011,XV012
10/22/2025 11:04,1.4394,1.3281,0.0362,1.155,1.261,1.4394,1.3281,1.155,1.725,23.938,2.1874,48.3188,48.3188,48.3188,23.938,2.1874,,,,46.1314,21.7506,22.213,22.6099,22.4986,1,1,1,0,1,1,0,1,1,1,1,1
10/22/2025 11:09,1.43,1.3419,0.0338,1.1025,1.23245,1.43,1.3419,1.1025,1.75,23.9097,2.3445,48.0125,48.0125,48.0125,23.9097,2.3445,,,,45.668,21.5652,22.1597,22.5678,22.4797,1,1,1,0,1,1,0,1,1,1,1,1
10/22/2025 11:14,1.4306,1.3444,0.0375,1.105,1.2303,1.4306,1.3444,1.105,1.75,23.9323,2.377,48.2125,48.2125,48.2125,23.9323,2.377,,,,45.8355,21.5553,22.1823,22.5879,22.5017,1,1,1,0,1,1,0,1,1,1,1,1
10/22/2025 11:19,1.4266,1.3466,0,1.1325,1.27955,1.4266,1.3466,1.1325,1.8,23.8701,2.4204,48.1,48.1,48.1,23.8701,2.4204,,,,45.6796,21.4497,22.0701,22.5235,22.4435,1,1,1,0,1,1,0,1,1,1,1,1
10/22/2025 11:24,1.4284,1.3497,0,1.14,1.2842,1.4284,1.3497,1.14,1.8,23.8701,2.4005,48.275,48.275,48.275,23.8701,2.4005,,,,45.8745,21.4696,22.0701,22.5204,22.4417,1,1,1,0,1,1,0,1,1,1,1,1
10/22/2025 11:29,1.4353,1.3509,0,1.1538,1.29455,1.4353,1.3509,1.1538,1.75,23.8927,2.3897,48.4125,48.4125,48.4125,23.8927,2.3897,,,,46.0228,21.503,22.1427,22.5418,22.4574,1,1,1,0,1,1,0,1,1,1,1,1
10/22/2025 11:34,1.4284,1.3506,0,1.115,1.2717,1.4284,1.3506,1.115,1.75,23.9097,2.3861,48.2438,48.2438,48.2438,23.9097,2.3861,,,,45.8577,21.5236,22.1597,22.5591,22.4813,1,1,1,0,1,1,0,1,1,1,1,1
10/22/2025 11:39,1.4275,1.35,0,1.1225,1.275,1.4275,1.35,1.1225,1.775,23.873,2.377,48.3063,48.3063,48.3063,23.873,2.377,,,,45.9293,21.496,22.098,22.523,22.4455,1,1,1,0,1,1,0,1,1,1,1,1
10/22/2025 11:44,1.4288,1.3494,0,1.1213,1.27505,1.4288,1.3494,1.1213,1.775,23.873,2.3698,48.6188,48.6188,48.6188,23.873,2.3698,,,,46.249,21.5032,22.098,22.5236,22.4442,1,1,1,0,1,1,0,1,1,1,1,1
10/22/2025 11:49,1.4275,1.3503,0,1.105,1.26625,1.4275,1.3503,1.105,1.75,23.873,2.368,48.1688,48.1688,48.1688,23.873,2.368,,,,45.8008,21.505,22.123,22.5227,22.4455,1,1,1,0,1,1,0,1,1,1,1,1
10/22/2025 11:54,1.4328,1.35,0,1.1387,1.28575,1.4328,1.35,1.1387,1.75,23.8645,2.3734,48.3188,48.3188,48.3188,23.8645,2.3734,,,,45.9454,21.4911,22.1145,22.5145,22.4317,1,1,1,0,1,1,0,1,1,1,1,1
10/22/2025 11:59,1.4391,1.3491,0,1.1425,1.2908,1.4391,1.3491,1.1425,1.75,23.8673,2.368,48.45,48.45,48.45,23.8673,2.368,,,,46.082,21.4993,22.1173,22.5182,22.4282,1,1,1,0,1,1,0,1,1,1,1,1
10/22/2025 12:04,1.4338,1.35,0,1.1113,1.27255,1.4338,1.35,1.1113,1.775,23.8899,2.3626,48.35,48.35,48.35,23.8899,2.3626,,,,45.9874,21.5273,22.1149,22.5399,22.4561,1,1,1,0,1,1,0,1,1,1,1,1
10/22/2025 12:09,1.4359,1.3516,0,1.1213,1.2786,1.4359,1.3516,1.1213,1.775,23.8871,2.368,48.2438,48.3188,48.2438,23.8871,2.368,,,,45.9508,21.5191,22.1121,22.5355,22.4512,1,1,1,0,1,1,0,1,1,1,1,1
10/22/2025 12:14,1.4275,1.3516,0,1.1113,1.2694,1.4275,1.3516,1.1113,1.775,23.8843,2.3608,48.2563,48.0125,48.2563,23.8843,2.3608,,,,45.6517,21.5235,22.1093,22.5327,22.4568,1,1,1,0,1,1,0,1,1,1,1,1
10/22/2025 12:19,1.4291,1.3509,0,1.1425,1.2858,1.4291,1.3509,1.1425,1.775,23.8871,2.3644,47.8875,48.2125,47.8875,23.8871,2.3644,,,,45.8481,21.5227,22.1121,22.5362,22.458,1,1,1,0,1,1,0,1,1,1,1,1
10/22/2025 12:24,1.435,1.3509,0,1.1338,1.2844,1.435,1.3509,1.1338,1.75,23.8786,2.3572,48.2563,48.1,48.2563,23.8786,2.3572,,,,45.7428,21.5214,22.1286,22.5277,22.4436,1,1,1,0,1,1,0,1,1,1,1,1
10/22/2025 12:29,1.4334,1.3516,0,1.1,1.2667,1.4334,1.3516,1.1,1.775,23.8984,2.359,48.4125,48.4125,48.4125,23.8984,2.359,,,,46.0535,21.5394,22.1234,22.5468,22.465,1,1,1,0,1,1,0,1,1,1,1,1
10/22/2025 12:34,1.4319,1.3513,0,1.0725,1.2522,1.4319,1.3513,1.0725,1.75,23.8758,2.3572,48.2563,48.2563,48.2563,23.8758,2.3572,,,,45.8991,21.5186,22.1258,22.5245,22.4439,1,1,1,0,1,1,0,1,1,1,1,1
10/22/2025 12:39,1.4294,1.3497,0,1.1487,1.28905,1.4294,1.3497,1.1487,1.775,23.8871,2.3554,48.1813,48.1813,48.1813,23.8871,2.3554,,,,45.8259,21.5317,22.1121,22.5374,22.4577,1,1,1,0,1,1,0,1,1,1,1,1
10/22/2025 12:44,1.43,1.3513,0,1.1138,1.2719,1.43,1.3513,1.1138,1.775,23.8758,2.3626,48.2688,48.2688,48.2688,23.8758,2.3626,,,,45.9062,21.5132,22.1008,22.5245,22.4458,1,1,1,0,1,1,0,1,1,1,1,1
10/22/2025 12:49,1.4272,1.3488,0,1.125,1.2761,1.4272,1.3488,1.125,1.75,23.8984,2.3535,48.2688,48.3188,48.2688,23.8984,2.3535,,,,45.9653,21.5449,22.1484,22.5496,22.4712,1,1,1,0,1,1,0,1,1,1,1,1
10/22/2025 12:54,1.4306,1.3494,0,1.1575,1.29405,1.4306,1.3494,1.1575,1.8,23.8814,2.359,48.2375,48.0125,48.2375,23.8814,2.359,,,,45.6535,21.5224,22.0814,22.532,22.4508,1,1,1,0,1,1,0,1,1,1,1,1
10/22/2025 12:59,1.4222,1.3525,0,1.1338,1.278,1.4222,1.3525,1.1338,1.775,23.8899,2.3572,48.2125,48.2125,48.2125,23.8899,2.3572,,,,45.8553,21.5327,22.1149,22.5374,22.4677,1,1,1,0,1,1,0,1,1,1,1,1
10/22/2025 13:04,1.4297,1.3503,0,1.1138,1.27175,1.4297,1.3503,1.1138,1.775,23.8814,2.3662,48.3688,48.1,48.3688,23.8814,2.3662,,,,45.7338,21.5152,22.1064,22.5311,22.4517,1,1,1,0,1,1,0,1,1,1,1,1
10/22/2025 13:09,1.4303,1.3522,0,1.0962,1.26325,1.4303,1.3522,1.0962,1.75,23.8786,2.3608,48.2,48.2,48.2,23.8786,2.3608,,,,45.8392,21.5178,22.1286,22.5264,22.4483,1,1,1,0,1,1,0,1,1,1,1,1
10/22/2025 13:14,1.4316,1.3497,0,1.0988,1.2652,1.4316,1.3497,1.0988,1.75,23.8447,2.3644,48.0063,48.0063,48.0063,23.8447,2.3644,,,,45.6419,21.4803,22.0947,22.495,22.4131,1,1,1,0,1,1,0,1,1,1,1,1
10/22/2025 13:19,1.4375,1.3506,0,1.145,1.29125,1.4375,1.3506,1.145,1.775,23.8673,2.359,48.1438,48.1438,48.1438,23.8673,2.359,,,,45.7848,21.5083,22.0923,22.5167,22.4298,1,1,1,0,1,1,0,1,1,1,1,1
10/22/2025 13:24,1.4313,1.3525,0,1.1213,1.2763,1.4313,1.3525,1.1213,1.8,23.8871,2.3644,48.1125,48.1125,48.1125,23.8871,2.3644,,,,45.7481,21.5227,22.0871,22.5346,22.4558,1,1,1,0,1,1,0,1,1,1,1,1
10/22/2025 13:29,1.4238,1.3509,0,1.115,1.2694,1.4238,1.3509,1.115,1.775,23.8617,2.3572,48.0875,48.0875,48.0875,23.8617,2.3572,,,,45.7303,21.5045,22.0867,22.5108,22.4379,1,1,1,0,1,1,0,1,1,1,1,1
10/22/2025 13:34,1.4313,1.3503,0,1.1075,1.2694,1.4313,1.3503,1.1075,1.75,23.8673,2.359,48,48,48,23.8673,2.359,,,,45.641,21.5083,22.1173,22.517,22.436,1,1,1,0,1,1,0,1,1,1,1,1
10/22/2025 13:39,1.4256,1.3522,0,1.1338,1.2797,1.4256,1.3522,1.1338,1.75,23.8786,2.3662,48.2313,48.2313,48.3188,23.8786,2.3662,,,,45.8651,21.5124,22.1286,22.5264,22.453,1,1,1,0,1,1,0,1,1,1,1,1
10/22/2025 13:44,1.4266,1.3503,0,1.1287,1.27765,1.4266,1.3503,1.1287,1.75,23.8362,2.3662,48.25,48.25,48.0125,23.8362,2.3662,,,,45.8838,21.47,22.0862,22.4859,22.4096,1,1,1,0,1,1,0,1,1,1,1,1
10/22/2025 13:49,1.4238,1.3519,0,1.1225,1.27315,1.4238,1.3519,1.1225,1.75,23.8927,2.3644,48.1688,48.1688,48.2125,23.8927,2.3644,,,,45.8044,21.5283,22.1427,22.5408,22.4689,1,1,1,0,1,1,0,1,1,1,1,1
10/22/2025 13:54,1.4247,1.3509,0,1.1213,1.273,1.4247,1.3509,1.1213,1.775,23.8447,2.368,48.0938,48.0938,48.1,23.8447,2.368,,,,45.7258,21.4767,22.0697,22.4938,22.42,1,1,1,0,1,1,0,1,1,1,1,1
10/22/2025 13:59,1.4225,1.3528,0,1.1513,1.2869,1.4225,1.3528,1.1513,1.75,23.8588,2.3626,48.1,48.1,48.1,23.8588,2.3626,,,,45.7374,21.4962,22.1088,22.506,22.4363,1,1,1,0,1,1,0,1,1,1,1,1
10/22/2025 14:04,1.4225,1.3497,0,1.095,1.25875,1.4225,1.3497,1.095,1.75,23.8843,2.368,48.15,48.15,48.15,23.8843,2.368,,,,45.782,21.5163,22.1343,22.5346,22.4618,1,1,1,0,1,1,0,1,1,1,1,1
10/22/2025 14:09,1.4216,1.3519,0,1.1325,1.27705,1.4216,1.3519,1.1325,1.75,23.839,2.3662,48.0313,48.0313,48.0313,23.839,2.3662,,,,45.6651,21.4728,22.089,22.4871,22.4174,1,1,1,0,1,1,0,1,1,1,1,1
10/22/2025 14:14,1.4253,1.3522,0,1.1538,1.28955,1.4253,1.3522,1.1538,1.75,23.8786,2.3644,48.3438,48.3438,48.3438,23.8786,2.3644,,,,45.9794,21.5142,22.1286,22.5264,22.4533,1,1,1,0,1,1,0,1,1,1,1,1
10/22/2025 14:19,1.4303,1.3528,0,1.1263,1.2783,1.4303,1.3528,1.1263,1.75,23.9012,2.3662,48.175,48.175,48.175,23.9012,2.3662,,,,45.8088,21.535,22.1512,22.5484,22.4709,1,1,1,0,1,1,0,1,1,1,1,1
10/22/2025 14:24,1.4272,1.3519,0,1.1225,1.27485,1.4272,1.3519,1.1225,1.8,23.8588,2.368,48.2813,48.3188,48.2813,23.8588,2.368,,,,45.9508,21.4908,22.0588,22.5069,22.4316,1,1,1,0,1,1,0,1,1,1,1,1
10/22/2025 14:29,1.4313,1.3525,0,1.1138,1.27255,1.4313,1.3525,1.1138,1.775,23.8617,2.368,48.2625,48.0125,48.2625,23.8617,2.368,,,,45.6445,21.4937,22.0867,22.5092,22.4304,1,1,1,0,1,1,0,1,1,1,1,1
10/22/2025 14:34,1.4341,1.3538,0,1.1113,1.2727,1.4341,1.3538,1.1113,1.75,23.8899,2.3662,48.0438,48.2125,48.0438,23.8899,2.3662,,,,45.8463,21.5237,22.1399,22.5361,22.4558,1,1,1,0,1,1,0,1,1,1,1,1
10/22/2025 14:39,1.4297,1.3525,0,1.1287,1.2792,1.4297,1.3525,1.1287,1.75,23.8673,2.377,48.3375,48.1,48.3375,23.8673,2.377,,,,45.723,21.4903,22.1173,22.5148,22.4376,1,1,1,0,1,1,0,1,1,1,1,1
10/22/2025 14:44,1.4297,1.3516,0,1.1387,1.2842,1.4297,1.3516,1.1387,1.775,23.8758,2.3662,48.325,48.325,48.325,23.8758,2.3662,,,,45.9588,21.5096,22.1008,22.5242,22.4461,1,1,1,0,1,1,0,1,1,1,1,1
10/22/2025 14:49,1.4297,1.3519,0,1.1275,1.2786,1.4297,1.3519,1.1275,1.725,23.8871,2.3716,48.175,48.175,48.175,23.8871,2.3716,,,,45.8034,21.5155,22.1621,22.5352,22.4574,1,1,1,0,1,1,0,1,1,1,1,1
10/22/2025 14:54,1.4269,1.3519,0,1.1088,1.26785,1.4269,1.3519,1.1088,1.75,23.8588,2.3662,48.4625,48.4625,48.4625,23.8588,2.3662,,,,46.0963,21.4926,22.1088,22.5069,22.4319,1,1,1,0,1,1,0,1,1,1,1,1
10/22/2025 14:59,1.4316,1.3519,0,1.1313,1.28145,1.4316,1.3519,1.1313,1.775,23.8814,2.3752,48.275,48.275,48.275,23.8814,2.3752,,,,45.8998,21.5062,22.1064,22.5295,22.4498,1,1,1,0,1,1,0,1,1,1,1,1
10/22/2025 15:04,1.4331,1.3506,0,1.1263,1.2797,1.4331,1.3506,1.1263,1.775,23.8645,2.3698,48.1688,48.1688,48.1688,23.8645,2.3698,,,,45.799,21.4947,22.0895,22.5139,22.4314,1,1,1,0,1,1,0,1,1,1,1,1
10/22/2025 15:09,1.4331,1.3528,0,1.1387,1.2859,1.4331,1.3528,1.1387,1.775,23.8871,2.3734,48.2875,48.2875,48.2875,23.8871,2.3734,,,,45.9141,21.5137,22.1121,22.5343,22.454,1,1,1,0,1,1,0,1,1,1,1,1
10/22/2025 15:14,1.4297,1.3531,0,1.1338,1.28175,1.4297,1.3531,1.1338,1.75,23.8673,2.3734,48.2875,48.2875,48.2875,23.8673,2.3734,,,,45.9141,21.4939,22.1173,22.5142,22.4376,1,1,1,0,1,1,0,1,1,1,1,1
10/22/2025 15:19,1.4334,1.3541,0,1.1313,1.28235,1.4334,1.3541,1.1313,1.75,23.8871,2.3644,48.0313,48.0313,48.0313,23.8871,2.3644,,,,45.6669,21.5227,22.1371,22.533,22.4537,1,1,1,0,1,1,0,1,1,1,1,1
10/22/2025 15:24,1.4313,1.3525,0,1.1313,1.2813,1.4313,1.3525,1.1313,1.775,23.8617,2.3734,48.2313,48.2313,48.2313,23.8617,2.3734,,,,45.8579,21.4883,22.0867,22.5092,22.4304,1,1,1,0,1,1,0,1,1,1,1,1
10/22/2025 15:29,1.4316,1.3531,0,1.1063,1.26895,1.4316,1.3531,1.1063,1.75,23.8164,2.3752,48.4125,48.4125,48.4125,23.8164,2.3752,,,,46.0373,21.4412,22.0664,22.4633,22.3848,1,1,1,0,1,1,0,1,1,1,1,1
10/22/2025 15:34,1.4291,1.3503,0,1.1188,1.27395,1.4291,1.3503,1.1188,1.75,23.8532,2.368,48.2688,48.2688,48.2688,23.8532,2.368,,,,45.9008,21.4852,22.1032,22.5029,22.4241,1,1,1,0,1,1,0,1,1,1,1,1
10/22/2025 15:39,1.4322,1.3547,0,1.1113,1.27175,1.4322,1.3547,1.1113,1.75,23.8758,2.3716,48.0188,48.0188,48.0188,23.8758,2.3716,,,,45.6472,21.5042,22.1258,22.5211,22.4436,1,1,1,0,1,1,0,1,1,1,1,1
10/22/2025 15:44,1.4228,1.3525,0,1.1213,1.27205,1.4228,1.3525,1.1213,1.75,23.873,2.377,48.4875,48.4875,48.4875,23.873,2.377,,,,46.1105,21.496,22.123,22.5205,22.4502,1,1,1,0,1,1,0,1,1,1,1,1
10/22/2025 15:49,1.425,1.3503,0,1.1213,1.27315,1.425,1.3503,1.1213,1.75,23.8249,2.377,48.3313,48.3313,48.3313,23.8249,2.377,,,,45.9543,21.4479,22.0749,22.4746,22.3999,1,1,1,0,1,1,0,1,1,1,1,1
10/22/2025 15:54,1.4244,1.3509,0,1.14,1.2822,1.4244,1.3509,1.14,1.75,23.8701,2.3734,48.55,48.55,48.55,23.8701,2.3734,,,,46.1766,21.4967,22.1201,22.5192,22.4457,1,1,1,0,1,1,0,1,1,1,1,1
10/22/2025 15:59,1.4275,1.3519,0,1.1013,1.2644,1.4275,1.3519,1.1013,1.8,23.8701,2.3752,48.0438,48.0438,48.0438,23.8701,2.3752,,,,45.6686,21.4949,22.0701,22.5182,22.4426,1,1,1,0,1,1,0,1,1,1,1,1
10/22/2025 16:04,1.4316,1.3516,0,1.1213,1.27645,1.4316,1.3516,1.1213,1.775,23.8984,2.3752,47.9625,47.9625,47.9625,23.8984,2.3752,,,,45.5873,21.5232,22.1234,22.5468,22.4668,1,1,1,0,1,1,0,1,1,1,1,1
10/22/2025 16:09,1.4297,1.3516,0,1.1275,1.2786,1.4297,1.3516,1.1275,1.775,23.873,2.377,48.2938,48.2938,48.2938,23.873,2.377,,,,45.9168,21.496,22.098,22.5214,22.4433,1,1,1,0,1,1,0,1,1,1,1,1
10/22/2025 16:14,1.4325,1.3509,0,1.135,1.28375,1.4325,1.3509,1.135,1.775,23.8758,2.3716,48.3875,48.3875,48.3875,23.8758,2.3716,,,,46.0159,21.5042,22.1008,22.5249,22.4433,1,1,1,0,1,1,0,1,1,1,1,1
10/22/2025 16:19,1.4228,1.3509,0,1.1075,1.26515,1.4228,1.3509,1.1075,1.75,23.8758,2.3734,48.1,48.1,48.1,23.8758,2.3734,,,,45.7266,21.5024,22.1258,22.5249,22.453,1,1,1,0,1,1,0,1,1,1,1,1
10/22/2025 16:24,1.4272,1.3509,0,1.1538,1.2905,1.4272,1.3509,1.1538,1.75,23.8503,2.3716,48.0125,48.0125,48.0125,23.8503,2.3716,,,,45.6409,21.4787,22.1003,22.4994,22.4231,1,1,1,0,1,1,0,1,1,1,1,1
10/22/2025 16:29,1.4309,1.3506,0,1.1225,1.2767,1.4309,1.3506,1.1225,1.775,23.8899,2.3752,48.2125,48.2125,48.2125,23.8899,2.3752,,,,45.8373,21.5147,22.1149,22.5393,22.459,1,1,1,0,1,1,0,1,1,1,1,1
10/22/2025 16:34,1.4278,1.3488,0,1.1475,1.28765,1.4278,1.3488,1.1475,1.775,23.8899,2.377,48.0375,48.0375,48.0375,23.8899,2.377,,,,45.6605,21.5129,22.1149,22.5411,22.4621,1,1,1,0,1,1,0,1,1,1,1,1
10/22/2025 16:39,1.4253,1.3503,0,1.115,1.27015,1.4253,1.3503,1.115,1.75,23.8701,2.3788,48.3438,48.3438,48.3438,23.8701,2.3788,,,,45.965,21.4913,22.1201,22.5198,22.4448,1,1,1,0,1,1,0,1,1,1,1,1
10/22/2025 16:44,1.4228,1.3509,0,1.1313,1.27705,1.4228,1.3509,1.1313,1.75,23.8758,2.377,48.15,48.15,48.15,23.8758,2.377,,,,45.773,21.4988,22.1258,22.5249,22.453,1,1,1,0,1,1,0,1,1,1,1,1
10/22/2025 16:49,1.4234,1.3516,0,1.1025,1.26295,1.4234,1.3516,1.1025,1.775,23.8871,2.3752,48.2125,48.2125,48.2125,23.8871,2.3752,,,,45.8373,21.5119,22.1121,22.5355,22.4637,1,1,1,0,1,1,0,1,1,1,1,1
10/22/2025 16:54,1.4313,1.3528,0,1.1387,1.285,1.4313,1.3528,1.1387,1.75,23.8814,2.3734,48.3625,48.3625,48.3625,23.8814,2.3734,,,,45.9891,21.508,22.1314,22.5286,22.4501,1,1,1,0,1,1,0,1,1,1,1,1
10/22/2025 16:59,1.4288,1.3509,0,1.0988,1.2638,1.4288,1.3509,1.0988,1.75,23.8532,2.3716,48.225,48.225,48.225,23.8532,2.3716,,,,45.8534,21.4816,22.1032,22.5023,22.4244,1,1,1,0,1,1,0,1,1,1,1,1
10/22/2025 17:04,1.4241,1.3528,0,1.1425,1.2833,1.4241,1.3528,1.1425,1.8,23.921,2.3824,48.1625,48.1625,48.1625,23.921,2.3824,,,,45.7801,21.5386,22.121,22.5682,22.4969,1,1,1,0,1,1,0,1,1,1,1,1
10/22/2025 17:09,1.4197,1.3519,0,1.1325,1.2761,1.4197,1.3519,1.1325,1.8,23.8419,2.3752,48.1313,48.1313,48.1313,23.8419,2.3752,,,,45.7561,21.4667,22.0419,22.49,22.4222,1,1,1,0,1,1,0,1,1,1,1,1
10/22/2025 17:14,1.4256,1.3525,0,1.1338,1.2797,1.4256,1.3525,1.1338,1.8,23.8758,2.3806,48.25,48.25,48.25,23.8758,2.3806,,,,45.8694,21.4952,22.0758,22.5233,22.4502,1,1,1,0,1,1,0,1,1,1,1,1
10/22/2025 17:19,1.4278,1.3522,0,1.1013,1.26455,1.4278,1.3522,1.1013,1.775,23.8645,2.3752,48.3125,48.3125,48.3125,23.8645,2.3752,,,,45.9373,21.4893,22.0895,22.5123,22.4367,1,1,1,0,1,1,0,1,1,1,1,1
10/22/2025 17:24,1.4169,1.3522,0,1.1375,1.2772,1.4169,1.3522,1.1375,1.775,23.8503,2.3806,48.225,48.225,48.225,23.8503,2.3806,,,,45.8444,21.4697,22.0753,22.4981,22.4334,1,1,1,0,1,1,0,1,1,1,1,1
10/22/2025 17:29,1.4147,1.3522,0,1.12,1.26735,1.4147,1.3522,1.12,1.75,23.8617,2.3788,48.1125,48.1125,48.1125,23.8617,2.3788,,,,45.7337,21.4829,22.1117,22.5095,22.447,1,1,1,0,1,1,0,1,1,1,1,1
10/22/2025 17:34,1.4166,1.3503,0,1.0925,1.25455,1.4166,1.3503,1.0925,1.775,23.8899,2.3716,48.0875,48.0875,48.0875,23.8899,2.3716,,,,45.7159,21.5183,22.1149,22.5396,22.4733,1,1,1,0,1,1,0,1,1,1,1,1
10/22/2025 17:39,1.4147,1.3509,0,1.1275,1.2711,1.4147,1.3509,1.1275,1.775,23.8475,2.3716,48.0188,48.0188,48.0188,23.8475,2.3716,,,,45.6472,21.4759,22.0725,22.4966,22.4328,1,1,1,0,1,1,0,1,1,1,1,1
10/22/2025 17:44,1.415,1.3528,0,1.1088,1.2619,1.415,1.3528,1.1088,1.775,23.8419,2.377,47.9,47.9,47.9,23.8419,2.377,,,,45.523,21.4649,22.0669,22.4891,22.4269,1,1,1,0,1,1,0,1,1,1,1,1
10/22/2025 17:49,1.4297,1.3513,0,1.105,1.26735,1.4297,1.3513,1.105,1.75,23.8447,2.377,48.1063,48.1063,48.1063,23.8447,2.377,,,,45.7293,21.4677,22.0947,22.4934,22.415,1,1,1,0,1,1,0,1,1,1,1,1
10/22/2025 17:54,1.4184,1.3509,0,1.125,1.2717,1.4184,1.3509,1.125,1.725,23.8645,2.3824,48.1938,48.1938,48.1938,23.8645,2.3824,,,,45.8114,21.4821,22.1395,22.5136,22.4461,1,1,1,0,1,1,0,1,1,1,1,1
10/22/2025 17:59,1.4209,1.3516,0,1.1113,1.2661,1.4209,1.3516,1.1113,1.75,23.8701,2.377,48.1563,48.1563,48.1563,23.8701,2.377,,,,45.7793,21.4931,22.1201,22.5185,22.4492,1,1,1,0,1,1,0,1,1,1,1,1
10/22/2025 18:04,1.4141,1.3494,0,1.1,1.25705,1.4141,1.3494,1.1,1.675,23.8871,2.377,48.1625,48.1625,48.1625,23.8871,2.377,,,,45.7855,21.5101,22.2121,22.5377,22.473,1,1,1,0,1,1,0,1,1,1,1,1
10/22/2025 18:09,1.4247,1.3522,0,1.0862,1.25545,1.4247,1.3522,1.0862,1.75,23.8701,2.3734,47.9,47.9,47.9,23.8701,2.3734,,,,45.5266,21.4967,22.1201,22.5179,22.4454,1,1,1,0,1,1,0,1,1,1,1,1
10/22/2025 18:14,1.4144,1.3516,0,1.1338,1.2741,1.4144,1.3516,1.1338,1.725,23.8673,2.3824,48.3125,48.3125,48.3125,23.8673,2.3824,,,,45.9301,21.4849,22.1423,22.5157,22.4529,1,1,1,0,1,1,0,1,1,1,1,1
10/22/2025 18:19,1.4206,1.3509,0,1.125,1.2728,1.4206,1.3509,1.125,1.675,23.8673,2.377,48.0688,48.0688,48.0688,23.8673,2.377,,,,45.6918,21.4903,22.1923,22.5164,22.4467,1,1,1,0,1,1,0,1,1,1,1,1
10/22/2025 18:24,1.4238,1.3497,0,1.0938,1.2588,1.4238,1.3497,1.0938,1.675,23.8701,2.3806,48.2625,48.2625,48.2625,23.8701,2.3806,,,,45.8819,21.4895,22.1951,22.5204,22.4463,1,1,1,0,1,1,0,1,1,1,1,1
10/22/2025 18:29,1.4225,1.3516,0,1.125,1.27375,1.4225,1.3516,1.125,1.775,23.8984,2.3716,48.3688,48.3688,48.3688,23.8984,2.3716,,,,45.9972,21.5268,22.1234,22.5468,22.4759,1,1,1,0,1,1,0,1,1,1,1,1
10/22/2025 18:34,1.4213,1.3509,0,1.115,1.26815,1.4213,1.3509,1.115,1.8,23.8758,2.3752,48.1125,48.1125,48.1125,23.8758,2.3752,,,,45.7373,21.5006,22.0758,22.5249,22.4545,1,1,1,0,1,1,0,1,1,1,1,1
10/22/2025 18:39,1.4191,1.3516,0,1.1325,1.2758,1.4191,1.3516,1.1325,1.85,23.8617,2.3788,48.0938,48.0938,48.0938,23.8617,2.3788,,,,45.715,21.4829,22.0117,22.5101,22.4426,1,1,1,0,1,1,0,1,1,1,1,1
10/22/2025 18:44,1.4234,1.3516,0,1.0925,1.25795,1.4234,1.3516,1.0925,1.725,23.8956,2.3788,48.1,48.1,48.1,23.8956,2.3788,,,,45.7212,21.5168,22.1706,22.544,22.4722,1,1,1,0,1,1,0,1,1,1,1,1
10/22/2025 18:49,1.4197,1.3513,0,1.0825,1.2511,1.4197,1.3513,1.0825,1.725,23.8588,2.3842,47.9438,47.9438,47.9438,23.8588,2.3842,,,,45.5596,21.4746,22.1338,22.5075,22.4391,1,1,1,0,1,1,0,1,1,1,1,1
10/22/2025 18:54,1.4216,1.3503,0,1.125,1.2733,1.4216,1.3503,1.125,1.8,23.8447,2.3734,48.075,48.075,48.075,23.8447,2.3734,,,,45.7016,21.4713,22.0447,22.4944,22.4231,1,1,1,0,1,1,0,1,1,1,1,1
10/22/2025 18:59,1.4253,1.3503,0,1.1213,1.2733,1.4253,1.3503,1.1213,1.775,23.8503,2.377,48.0375,48.0375,48.0375,23.8503,2.377,,,,45.6605,21.4733,22.0753,22.5,22.425,1,1,1,0,1,1,0,1,1,1,1,1
10/22/2025 19:04,1.4234,1.3513,0,1.0925,1.25795,1.4234,1.3513,1.0925,1.775,23.8814,2.3752,48.0813,48.0813,48.0813,23.8814,2.3752,,,,45.7061,21.5062,22.1064,22.5301,22.458,1,1,1,0,1,1,0,1,1,1,1,1
10/22/2025 19:09,1.4225,1.3525,0,1.1188,1.27065,1.4225,1.3525,1.1188,1.8,23.8419,2.3824,48.2438,48.2438,48.2438,23.8419,2.3824,,,,45.8614,21.4595,22.0419,22.4894,22.4194,1,1,1,0,1,1,0,1,1,1,1,1
10/22/2025 19:14,1.4263,1.3525,0,1.09,1.25815,1.4263,1.3525,1.09,1.8,23.8871,2.3861,48.4188,48.4188,48.4188,23.8871,2.3861,,,,46.0327,21.501,22.0871,22.5346,22.4608,1,1,1,0,1,1,0,1,1,1,1,1
10/22/2025 19:19,1.4191,1.3522,0,1.085,1.25205,1.4191,1.3522,1.085,1.8,23.8843,2.3788,48.0938,48.0938,48.0938,23.8843,2.3788,,,,45.715,21.5055,22.0843,22.5321,22.4652,1,1,1,0,1,1,0,1,1,1,1,1
10/22/2025 19:24,1.4219,1.35,0,1.1375,1.2797,1.4219,1.35,1.1375,1.725,23.8927,2.3788,48.2625,48.2625,48.2625,23.8927,2.3788,,,,45.8837,21.5139,22.1677,22.5427,22.4708,1,1,1,0,1,1,0,1,1,1,1,1
10/22/2025 19:29,1.4247,1.3494,0,1.1163,1.2705,1.4247,1.3494,1.1163,1.85,23.873,2.377,48.1625,48.1625,48.1625,23.873,2.377,,,,45.7855,21.496,22.023,22.5236,22.4483,1,1,1,0,1,1,0,1,1,1,1,1
10/22/2025 19:34,1.4216,1.3506,0,1.1313,1.27645,1.4216,1.3506,1.1313,1.775,23.8532,2.3734,48.1188,48.1188,48.1188,23.8532,2.3734,,,,45.7454,21.4798,22.0782,22.5026,22.4316,1,1,1,0,1,1,0,1,1,1,1,1
10/22/2025 19:39,1.4169,1.35,0,1.1063,1.2616,1.4169,1.35,1.1063,1.725,23.873,2.3824,48.2438,48.2438,48.2438,23.873,2.3824,,,,45.8614,21.4906,22.148,22.523,22.4561,1,1,1,0,1,1,0,1,1,1,1,1
10/22/2025 19:44,1.4203,1.3506,0,1.1275,1.2739,1.4203,1.3506,1.1275,1.8,23.873,2.377,48.125,48.125,48.125,23.873,2.377,,,,45.748,21.496,22.073,22.5224,22.4527,1,1,1,0,1,1,0,1,1,1,1,1
10/22/2025 19:49,1.4172,1.3528,0,1.085,1.2511,1.4172,1.3528,1.085,1.8,23.8871,2.3788,48.2563,48.2563,48.2563,23.8871,2.3788,,,,45.8775,21.5083,22.0871,22.5343,22.4699,1,1,1,0,1,1,0,1,1,1,1,1
10/22/2025 19:54,1.4181,1.3509,0,1.1213,1.2697,1.4181,1.3509,1.1213,1.775,23.8814,2.377,48.025,48.025,48.025,23.8814,2.377,,,,45.648,21.5044,22.1064,22.5305,22.4633,1,1,1,0,1,1,0,1,1,1,1,1
10/22/2025 19:59,1.4216,1.3503,0,1.1463,1.28395,1.4216,1.3503,1.1463,1.85,23.8362,2.3806,48.425,48.425,48.425,23.8362,2.3806,,,,46.0444,21.4556,21.9862,22.4859,22.4146,1,1,1,0,1,1,0,1,1,1,1,1
10/22/2025 20:04,1.4228,1.3506,0,1.095,1.2589,1.4228,1.3506,1.095,1.725,23.8984,2.3788,48.2188,48.2188,48.2188,23.8984,2.3788,,,,45.84,21.5196,22.1734,22.5478,22.4756,1,1,1,0,1,1,0,1,1,1,1,1
10/22/2025 20:09,1.4256,1.3497,0,1.1063,1.26595,1.4256,1.3497,1.1063,1.8,23.8927,2.3752,48.1625,48.1625,48.1625,23.8927,2.3752,,,,45.7873,21.5175,22.0927,22.543,22.4671,1,1,1,0,1,1,0,1,1,1,1,1
10/22/2025 20:14,1.4181,1.3488,0,1.125,1.27155,1.4181,1.3488,1.125,1.85,23.8786,2.377,48.2063,48.2063,48.2063,23.8786,2.377,,,,45.8293,21.5016,22.0286,22.5298,22.4605,1,1,1,0,1,1,0,1,1,1,1,1
10/22/2025 20:19,1.4191,1.3513,0,1.1063,1.2627,1.4191,1.3513,1.1063,1.725,23.8617,2.3806,48.0063,48.0063,48.0063,23.8617,2.3806,,,,45.6257,21.4811,22.1367,22.5104,22.4426,1,1,1,0,1,1,0,1,1,1,1,1
10/22/2025 20:24,1.42,1.3497,0,1.0888,1.2544,1.42,1.3497,1.0888,1.8,23.8843,2.377,48.2875,48.2875,48.2875,23.8843,2.377,,,,45.9105,21.5073,22.0843,22.5346,22.4643,1,1,1,0,1,1,0,1,1,1,1,1
10/22/2025 20:29,1.42,1.3484,0,1.125,1.2725,1.42,1.3484,1.125,1.85,23.8843,2.3806,48.225,48.225,48.225,23.8843,2.3806,,,,45.8444,21.5037,22.0343,22.5359,22.4643,1,1,1,0,1,1,0,1,1,1,1,1
10/22/2025 20:34,1.4159,1.3497,0,1.0888,1.25235,1.4159,1.3497,1.0888,1.8,23.8843,2.3806,48.3313,48.3313,48.3313,23.8843,2.3806,,,,45.9507,21.5037,22.0843,22.5346,22.4684,1,1,1,0,1,1,0,1,1,1,1,1
10/22/2025 20:39,1.4294,1.35,0,1.1163,1.27285,1.4294,1.35,1.1163,1.8,23.8871,2.3716,48.1,48.1,48.1,23.8871,2.3716,,,,45.7284,21.5155,22.0871,22.5371,22.4577,1,1,1,0,1,1,0,1,1,1,1,1
10/22/2025 20:44,1.4228,1.3497,0,1.1075,1.26515,1.4228,1.3497,1.1075,1.775,23.8814,2.368,48.1875,48.1875,48.1875,23.8814,2.368,,,,45.8195,21.5134,22.1064,22.5317,22.4586,1,1,1,0,1,1,0,1,1,1,1,1
10/22/2025 20:49,1.4238,1.3519,0,1.0962,1.26,1.4238,1.3519,1.0962,1.85,23.9267,2.3806,48.2188,48.2188,48.2188,23.9267,2.3806,,,,45.8382,21.5461,22.0767,22.5748,22.5029,1,1,1,0,1,1,0,1,1,1,1,1
10/22/2025 20:54,1.4281,1.3503,0,1.0638,1.24595,1.4281,1.3503,1.0638,1.8,23.8532,2.3788,48.1875,48.1875,48.1875,23.8532,2.3788,,,,45.8087,21.4744,22.0532,22.5029,22.4251,1,1,1,0,1,1,0,1,1,1,1,1
10/22/2025 20:59,1.4166,1.3469,0,1.1413,1.27895,1.4166,1.3469,1.1413,1.725,23.8984,2.3842,48.3,48.3,48.3,23.8984,2.3842,,,,45.9158,21.5142,22.1734,22.5515,22.4818,1,1,1,0,1,1,0,1,1,1,1,1
10/22/2025 21:04,1.4184,1.3519,0,1.1188,1.2686,1.4184,1.3519,1.1188,1.75,23.8758,2.3788,48.3625,48.3625,48.3625,23.8758,2.3788,,,,45.9837,21.497,22.1258,22.5239,22.4574,1,1,1,0,1,1,0,1,1,1,1,1
10/22/2025 21:09,1.4181,1.3513,0,1.0762,1.24715,1.4181,1.3513,1.0762,1.85,23.8786,2.3806,48.2,48.2,48.2,23.8786,2.3806,,,,45.8194,21.498,22.0286,22.5273,22.4605,1,1,1,0,1,1,0,1,1,1,1,1
10/22/2025 21:14,1.4216,1.3481,0,1.1587,1.29015,1.4216,1.3481,1.1587,1.75,23.8899,2.3806,47.9875,47.9875,47.9875,23.8899,2.3806,,,,45.6069,21.5093,22.1399,22.5418,22.4683,1,1,1,0,1,1,0,1,1,1,1,1
10/22/2025 21:19,1.4194,1.3516,0,1.12,1.2697,1.4194,1.3516,1.12,1.725,23.8814,2.3824,47.9875,47.9875,47.9875,23.8814,2.3824,,,,45.6051,21.499,22.1564,22.5298,22.462,1,1,1,0,1,1,0,1,1,1,1,1
10/22/2025 21:24,1.42,1.3503,0,1.085,1.2525,1.42,1.3503,1.085,1.775,23.8758,2.3788,48.2,48.2,48.2,23.8758,2.3788,,,,45.8212,21.497,22.1008,22.5255,22.4558,1,1,1,0,1,1,0,1,1,1,1,1
10/22/2025 21:29,1.4191,1.3484,0,1.1013,1.2602,1.4191,1.3484,1.1013,1.75,23.873,2.3788,48.0375,48.0375,48.0375,23.873,2.3788,,,,45.6587,21.4942,22.123,22.5246,22.4539,1,1,1,0,1,1,0,1,1,1,1,1
10/22/2025 21:34,1.4263,1.3497,0,1.1425,1.2844,1.4263,1.3497,1.1425,1.725,23.8758,2.3752,48.225,48.225,48.225,23.8758,2.3752,,,,45.8498,21.5006,22.1508,22.5261,22.4495,1,1,1,0,1,1,0,1,1,1,1,1
10/22/2025 21:39,1.4213,1.3506,0,1.1425,1.2819,1.4213,1.3506,1.1425,1.725,23.9097,2.3806,48.1375,48.1375,48.1375,23.9097,2.3806,,,,45.7569,21.5291,22.1847,22.5591,22.4884,1,1,1,0,1,1,0,1,1,1,1,1
10/22/2025 21:44,1.4172,1.3494,0,1.1075,1.26235,1.4172,1.3494,1.1075,1.8,23.8758,2.377,48.2688,48.2688,48.2688,23.8758,2.377,,,,45.8918,21.4988,22.0758,22.5264,22.4586,1,1,1,0,1,1,0,1,1,1,1,1
10/22/2025 21:49,1.4219,1.3488,0,1.095,1.25845,1.4219,1.3488,1.095,1.75,23.9267,2.3752,48.3375,48.3375,48.3375,23.9267,2.3752,,,,45.9623,21.5515,22.1767,22.5779,22.5048,1,1,1,0,1,1,0,1,1,1,1,1
10/22/2025 21:54,1.4241,1.3488,0,1.1225,1.2733,1.4241,1.3488,1.1225,1.725,23.8899,2.3716,48.3688,48.3688,48.3688,23.8899,2.3716,,,,45.9972,21.5183,22.1649,22.5411,22.4658,1,1,1,0,1,1,0,1,1,1,1,1
10/22/2025 21:59,1.4241,1.3475,0,1.1125,1.2683,1.4241,1.3475,1.1125,1.725,23.8956,2.3806,48.3063,48.3063,48.3063,23.8956,2.3806,,,,45.9257,21.515,22.1706,22.5481,22.4715,1,1,1,0,1,1,0,1,1,1,1,1
10/22/2025 22:04,1.4238,1.3513,0,1.1487,1.28625,1.4238,1.3513,1.1487,1.725,23.8701,2.3788,48.3188,48.3188,48.3188,23.8701,2.3788,,,,45.94,21.4913,22.1451,22.5188,22.4463,1,1,1,0,1,1,0,1,1,1,1,1
10/22/2025 22:09,1.4213,1.3491,0,1.1313,1.2763,1.4213,1.3491,1.1313,1.725,23.9012,2.3734,48.1,48.1,48.1,23.9012,2.3734,,,,45.7266,21.5278,22.1762,22.5521,22.4799,1,1,1,0,1,1,0,1,1,1,1,1
10/22/2025 22:14,1.4191,1.3497,0,1.1,1.25955,1.4191,1.3497,1.1,1.725,23.8814,2.3734,48.25,48.25,48.25,23.8814,2.3734,,,,45.8766,21.508,22.1564,22.5317,22.4623,1,1,1,0,1,1,0,1,1,1,1,1
10/22/2025 22:19,1.4244,1.3509,0,1.125,1.2747,1.4244,1.3509,1.125,1.725,23.8701,2.3788,48.3625,48.3625,48.3625,23.8701,2.3788,,,,45.9837,21.4913,22.1451,22.5192,22.4457,1,1,1,0,1,1,0,1,1,1,1,1
10/22/2025 22:24,1.4178,1.3478,0,1.1287,1.27325,1.4178,1.3478,1.1287,1.775,23.9154,2.3716,48.225,48.225,48.225,23.9154,2.3716,,,,45.8534,21.5438,22.1404,22.5676,22.4976,1,1,1,0,1,1,0,1,1,1,1,1
10/22/2025 22:29,1.4234,1.3475,0,1.1088,1.2661,1.4234,1.3475,1.1088,1.775,23.9069,2.3788,48.1188,48.1188,48.1188,23.9069,2.3788,,,,45.74,21.5281,22.1319,22.5594,22.4835,1,1,1,0,1,1,0,1,1,1,1,1
10/22/2025 22:34,1.4172,1.3497,0,1.0988,1.258,1.4172,1.3497,1.0988,1.775,23.856,2.3644,48.1688,48.1688,48.1688,23.856,2.3644,,,,45.8044,21.4916,22.081,22.5063,22.4388,1,1,1,0,1,1,0,1,1,1,1,1
10/22/2025 22:39,1.4184,1.3509,0,1.1325,1.27545,1.4184,1.3509,1.1325,1.725,23.8419,2.3698,48.1938,48.1938,48.1938,23.8419,2.3698,,,,45.824,21.4721,22.1169,22.491,22.4235,1,1,1,0,1,1,0,1,1,1,1,1
10/22/2025 22:44,1.4219,1.3494,0,1.115,1.26845,1.4219,1.3494,1.115,1.725,23.8984,2.368,48.0938,48.0938,48.0938,23.8984,2.368,,,,45.7258,21.5304,22.1734,22.549,22.4765,1,1,1,0,1,1,0,1,1,1,1,1
10/22/2025 22:49,1.4181,1.35,0,1.1013,1.2597,1.4181,1.35,1.1013,1.75,23.8786,2.3698,48.325,48.325,48.325,23.8786,2.3698,,,,45.9552,21.5088,22.1286,22.5286,22.4605,1,1,1,0,1,1,0,1,1,1,1,1
10/22/2025 22:54,1.4228,1.3491,0,1.0925,1.25765,1.4228,1.3491,1.0925,1.75,23.8814,2.3806,48.1313,48.1313,48.1313,23.8814,2.3806,,,,45.7507,21.5008,22.1314,22.5323,22.4586,1,1,1,0,1,1,0,1,1,1,1,1
10/22/2025 22:59,1.4247,1.3488,0,1.0662,1.24545,1.4247,1.3488,1.0662,1.75,23.8532,2.3716,48.2313,48.2313,48.2313,23.8532,2.3716,,,,45.8597,21.4816,22.1032,22.5044,22.4285,1,1,1,0,1,1,0,1,1,1,1,1
10/22/2025 23:04,1.4272,1.3475,0,1.1113,1.26925,1.4272,1.3475,1.1113,1.775,23.8956,2.377,48.4125,48.4125,48.4125,23.8956,2.377,,,,46.0355,21.5186,22.1206,22.5481,22.4684,1,1,1,0,1,1,0,1,1,1,1,1
10/22/2025 23:09,1.4281,1.3494,0,1.1113,1.2697,1.4281,1.3494,1.1113,1.725,23.8758,2.3734,48.2938,48.2938,48.2938,23.8758,2.3734,,,,45.9204,21.5024,22.1508,22.5264,22.4477,1,1,1,0,1,1,0,1,1,1,1,1
10/22/2025 23:14,1.4181,1.3466,0,1.0962,1.25715,1.4181,1.3466,1.0962,1.725,23.8814,2.3734,48.1625,48.1625,48.1625,23.8814,2.3734,,,,45.7891,21.508,22.1564,22.5348,22.4633,1,1,1,0,1,1,0,1,1,1,1,1
10/22/2025 23:19,1.4172,1.3491,0,1.0888,1.253,1.4172,1.3491,1.0888,1.725,23.8645,2.3716,48.2625,48.2625,48.2625,23.8645,2.3716,,,,45.8909,21.4929,22.1395,22.5154,22.4473,1,1,1,0,1,1,0,1,1,1,1,1
10/22/2025 23:24,1.42,1.3494,0,1.1063,1.26315,1.42,1.3494,1.1063,1.775,23.856,2.3806,48.1438,48.1438,48.1438,23.856,2.3806,,,,45.7632,21.4754,22.081,22.5066,22.436,1,1,1,0,1,1,0,1,1,1,1,1
10/22/2025 23:29,1.4272,1.3475,0,1.0988,1.263,1.4272,1.3475,1.0988,1.725,23.873,2.3716,48.0625,48.0625,48.0625,23.873,2.3716,,,,45.6909,21.5014,22.148,22.5255,22.4458,1,1,1,0,1,1,0,1,1,1,1,1
10/22/2025 23:34,1.4169,1.3494,0,1.1263,1.2716,1.4169,1.3494,1.1263,1.725,23.8871,2.3662,48.0688,48.0688,48.0688,23.8871,2.3662,,,,45.7026,21.5209,22.1621,22.5377,22.4702,1,1,1,0,1,1,0,1,1,1,1,1
10/22/2025 23:39,1.4122,1.3472,0,1.12,1.2661,1.4122,1.3472,1.12,1.775,23.8871,2.377,48.3125,48.3125,48.3125,23.8871,2.377,,,,45.9355,21.5101,22.1121,22.5399,22.4749,1,1,1,0,1,1,0,1,1,1,1,1
10/22/2025 23:44,1.4222,1.3478,0,1.0888,1.2555,1.4222,1.3478,1.0888,1.775,23.8814,2.368,48.1,48.1,48.1,23.8814,2.368,,,,45.732,21.5134,22.1064,22.5336,22.4592,1,1,1,0,1,1,0,1,1,1,1,1
10/22/2025 23:49,1.4241,1.3459,0,1.14,1.28205,1.4241,1.3459,1.14,1.8,23.9097,2.3752,48.3563,48.3563,48.3563,23.9097,2.3752,,,,45.9811,21.5345,22.1097,22.5638,22.4856,1,1,1,0,1,1,0,1,1,1,1,1
10/22/2025 23:54,1.4247,1.3481,0,1.1013,1.263,1.4247,1.3481,1.1013,1.85,23.8871,2.3734,48.1875,48.1875,48.1875,23.8871,2.3734,,,,45.8141,21.5137,22.0371,22.539,22.4624,1,1,1,0,1,1,0,1,1,1,1,1
10/22/2025 23:59,1.4241,1.3488,0,1.075,1.24955,1.4241,1.3488,1.075,1.725,23.8814,2.3752,48.125,48.125,48.125,23.8814,2.3752,,,,45.7498,21.5062,22.1564,22.5326,22.4573,1,1,1,0,1,1,0,1,1,1,1,1
10/23/2025 0:04,1.4194,1.3475,0,1.1013,1.26035,1.4194,1.3475,1.1013,1.725,23.8843,2.3752,48.275,48.275,48.275,23.8843,2.3752,,,,45.8998,21.5091,22.1593,22.5368,22.4649,1,1,1,0,1,1,0,1,1,1,1,1
10/23/2025 0:09,1.4206,1.3484,0,1.1,1.2603,1.4206,1.3484,1.1,1.75,23.8843,2.377,48.25,48.25,48.25,23.8843,2.377,,,,45.873,21.5073,22.1343,22.5359,22.4637,1,1,1,0,1,1,0,1,1,1,1,1
10/23/2025 0:14,1.4338,1.3469,0,1.1125,1.27315,1.4338,1.3469,1.1125,1.725,23.9154,2.3698,48.1875,48.1875,48.1875,23.9154,2.3698,,,,45.8177,21.5456,22.1904,22.5685,22.4816,1,1,1,0,1,1,0,1,1,1,1,1
10/23/2025 0:19,1.4281,1.3484,0,1.1375,1.2828,1.4281,1.3484,1.1375,1.725,23.9125,2.377,48.2063,48.2063,48.2063,23.9125,2.377,,,,45.8293,21.5355,22.1875,22.5641,22.4844,1,1,1,0,1,1,0,1,1,1,1,1
10/23/2025 0:24,1.4203,1.3472,0,1.125,1.27265,1.4203,1.3472,1.125,1.725,23.8927,2.3698,48.1375,48.1375,48.1375,23.8927,2.3698,,,,45.7677,21.5229,22.1677,22.5455,22.4724,1,1,1,0,1,1,0,1,1,1,1,1
10/23/2025 0:29,1.4203,1.3488,0,1.1338,1.27705,1.4203,1.3488,1.1338,1.725,23.8843,2.3788,48.1938,48.1938,48.1938,23.8843,2.3788,,,,45.815,21.5055,22.1593,22.5355,22.464,1,1,1,0,1,1,0,1,1,1,1,1
10/23/2025 0:34,1.4203,1.3466,0,1.12,1.27015,1.4203,1.3466,1.12,1.725,23.921,2.3734,48.1125,48.1125,48.1125,23.921,2.3734,,,,45.7391,21.5476,22.196,22.5744,22.5007,1,1,1,0,1,1,0,1,1,1,1,1
10/23/2025 0:39,1.4259,1.3453,0,1.125,1.27545,1.4259,1.3453,1.125,1.725,23.8475,2.3716,48.4813,48.4813,48.4813,23.8475,2.3716,,,,46.1097,21.4759,22.1225,22.5022,22.4216,1,1,1,0,1,1,0,1,1,1,1,1
10/23/2025 0:44,1.4231,1.3478,0,1.0888,1.25595,1.4231,1.3478,1.0888,1.725,23.8786,2.3734,48.1875,48.1875,48.1875,23.8786,2.3734,,,,45.8141,21.5052,22.1536,22.5308,22.4555,1,1,1,0,1,1,0,1,1,1,1,1
10/23/2025 0:49,1.4263,1.3478,0,1.0988,1.26255,1.4263,1.3478,1.0988,1.75,23.9012,2.3752,48.3563,48.3563,48.3563,23.9012,2.3752,,,,45.9811,21.526,22.1512,22.5534,22.4749,1,1,1,0,1,1,0,1,1,1,1,1
10/23/2025 0:54,1.4272,1.3484,0,1.115,1.2711,1.4272,1.3484,1.115,1.725,23.8984,2.3716,48.3438,48.3438,48.3438,23.8984,2.3716,,,,45.9722,21.5268,22.1734,22.55,22.4712,1,1,1,0,1,1,0,1,1,1,1,1
10/23/2025 0:59,1.4231,1.3466,0,1.0988,1.26095,1.4231,1.3466,1.0988,1.775,23.9041,2.3752,48.3813,48.3813,48.3813,23.9041,2.3752,,,,46.0061,21.5289,22.1291,22.5575,22.481,1,1,1,0,1,1,0,1,1,1,1,1
10/23/2025 1:04,1.4266,1.3478,0,1.1325,1.27955,1.4266,1.3478,1.1325,1.725,23.8758,2.3752,48.125,48.125,48.125,23.8758,2.3752,,,,45.7498,21.5006,22.1508,22.528,22.4492,1,1,1,0,1,1,0,1,1,1,1,1
10/23/2025 1:09,1.425,1.3453,0,1.1425,1.28375,1.425,1.3453,1.1425,1.725,23.8786,2.3734,48.125,48.125,48.125,23.8786,2.3734,,,,45.7516,21.5052,22.1536,22.5333,22.4536,1,1,1,0,1,1,0,1,1,1,1,1
10/23/2025 1:14,1.4256,1.3456,0,1.0962,1.2609,1.4256,1.3456,1.0962,1.75,23.8927,2.368,48.3063,48.3063,48.3063,23.8927,2.368,,,,45.9383,21.5247,22.1427,22.5471,22.4671,1,1,1,0,1,1,0,1,1,1,1,1
10/23/2025 1:19,1.4341,1.3478,0,1.0888,1.26145,1.4341,1.3478,1.0888,1.75,23.8758,2.3662,48.5188,48.5188,48.5188,23.8758,2.3662,,,,46.1526,21.5096,22.1258,22.528,22.4417,1,1,1,0,1,1,0,1,1,1,1,1
10/23/2025 1:24,1.4191,1.3469,0,1.1138,1.26645,1.4191,1.3469,1.1138,1.725,23.8588,2.3752,48.15,48.15,48.15,23.8588,2.3752,,,,45.7748,21.4836,22.1338,22.5119,22.4397,1,1,1,0,1,1,0,1,1,1,1,1
10/23/2025 1:29,1.4278,1.3462,0,1.105,1.2664,1.4278,1.3462,1.105,1.725,23.9069,2.377,48.1813,48.1813,48.1813,23.9069,2.377,,,,45.8043,21.5299,22.1819,22.5607,22.4791,1,1,1,0,1,1,0,1,1,1,1,1
10/23/2025 1:34,1.4316,1.3434,0,1.1287,1.28015,1.4316,1.3434,1.1287,1.725,23.8899,2.3716,48.3563,48.3563,48.3563,23.8899,2.3716,,,,45.9847,21.5183,22.1649,22.5465,22.4583,1,1,1,0,1,1,0,1,1,1,1,1
10/23/2025 1:39,1.4241,1.3475,0,1.0875,1.2558,1.4241,1.3475,1.0875,1.75,23.9154,2.3788,48.3438,48.3438,48.3438,23.9154,2.3788,,,,45.965,21.5366,22.1654,22.5679,22.4913,1,1,1,0,1,1,0,1,1,1,1,1
10/23/2025 1:44,1.4234,1.3481,0,1.0813,1.25235,1.4234,1.3481,1.0813,1.775,23.873,2.3698,48.3375,48.3375,48.3375,23.873,2.3698,,,,45.9677,21.5032,22.098,22.5249,22.4496,1,1,1,0,1,1,0,1,1,1,1,1
10/23/2025 1:49,1.4216,1.3459,0,1.1163,1.26895,1.4216,1.3459,1.1163,1.75,23.8984,2.368,48.0375,48.0375,48.0375,23.8984,2.368,,,,45.6695,21.5304,22.1484,22.5525,22.4768,1,1,1,0,1,1,0,1,1,1,1,1
10/23/2025 1:54,1.4253,1.345,0,1.115,1.27015,1.4253,1.345,1.115,1.75,23.921,2.3698,48.1813,48.1813,48.1813,23.921,2.3698,,,,45.8115,21.5512,22.171,22.576,22.4957,1,1,1,0,1,1,0,1,1,1,1,1
10/23/2025 1:59,0.0434,1.3438,0,0.0438,0.0436,0.0434,1.3438,0.0438,1.775,0,-0.0036,-0.025,-0.025,-0.025,0,0.0036,,,,-0.0286,-0.0036,-1.775,-1.3438,-0.0434,1,1,1,0,1,1,0,1,1,1,1,1
10/23/2025 2:04,-0.0016,1.3441,0,0,-0.0008,-0.0016,1.3441,0,1.75,-0.0028,-0.0018,0.2063,0.2063,0.2063,-0.0028,0.0018,,,,0.2045,-0.0046,-1.7528,-1.3469,-0.0012,1,1,1,0,1,1,0,1,1,1,1,1
10/23/2025 9:28,1.4553,1.2813,0.0288,1.0538,1.22575,1.4553,1.2813,1.0538,1.75,22.9995,2.1874,28.4813,28.4813,28.4813,22.9995,2.1874,,,,26.2939,20.8121,21.2495,21.7182,21.5442,1,1,1,0,1,1,0,1,1,1,1,1
10/23/2025 9:33,1.4284,1.3572,0.0262,1.1088,1.2424,1.4284,1.3572,1.1088,1.75,23.9069,2.3264,48.4875,48.4875,48.4875,23.9069,2.3264,,,,46.1611,21.5805,22.1569,22.5497,22.4785,1,1,1,0,1,1,0,1,1,1,1,1
10/23/2025 9:38,1.4303,1.345,0.035,1.1387,1.2495,1.4303,1.345,1.1387,1.75,23.8927,2.3535,48.2688,48.2688,48.2688,23.8927,2.3535,,,,45.9153,21.5392,22.1427,22.5477,22.4624,1,1,1,0,1,1,0,1,1,1,1,1
10/23/2025 9:43,1.4363,1.3413,0.035,1.135,1.25065,1.4363,1.3413,1.135,1.75,23.8673,2.3662,48.4813,48.4813,48.4813,23.8673,2.3662,,,,46.1151,21.5011,22.1173,22.526,22.431,1,1,1,0,1,1,0,1,1,1,1,1
10/23/2025 9:48,1.4363,1.3381,0.0313,1.1088,1.24125,1.4363,1.3381,1.1088,1.75,23.8843,2.368,48.6125,48.6125,48.6125,23.8843,2.368,,,,46.2445,21.5163,22.1343,22.5462,22.448,1,1,1,0,1,1,0,1,1,1,1,1
10/23/2025 9:53,1.4319,1.3406,0,1.1375,1.2847,1.4319,1.3406,1.1375,1.75,23.8334,2.3806,48.4313,48.4313,48.4313,23.8334,2.3806,,,,46.0507,21.4528,22.0834,22.4928,22.4015,1,1,1,0,1,1,0,1,1,1,1,1
10/23/2025 9:58,1.4456,1.34,0,1.1325,1.28905,1.4456,1.34,1.1325,1.775,23.8588,2.3824,48.7375,48.7375,48.7375,23.8588,2.3824,,,,46.3551,21.4764,22.0838,22.5188,22.4132,1,1,1,0,1,1,0,1,1,1,1,1
10/23/2025 10:03,1.4425,1.3388,0,1.09,1.26625,1.4425,1.3388,1.09,1.675,23.8475,2.3698,48.5938,48.5938,48.5938,23.8475,2.3698,,,,46.224,21.4777,22.1725,22.5087,22.405,1,1,1,0,1,1,0,1,1,1,1,1
10/23/2025 10:08,1.4363,1.3381,0,1.1213,1.2788,1.4363,1.3381,1.1213,1.65,23.8645,2.368,48.6125,48.6125,48.6125,23.8645,2.368,,,,46.2445,21.4965,22.2145,22.5264,22.4282,1,1,1,0,1,1,0,1,1,1,1,1
10/23/2025 10:13,1.43,1.3403,0,1.1325,1.28125,1.43,1.3403,1.1325,1.65,23.8758,2.3626,48.4125,48.4125,48.4125,23.8758,2.3626,,,,46.0499,21.5132,22.2258,22.5355,22.4458,1,1,1,0,1,1,0,1,1,1,1,1
10/23/2025 10:18,1.4322,1.3388,0,1.1225,1.27735,1.4322,1.3388,1.1225,1.65,23.8786,2.3554,48.4313,48.4313,48.4313,23.8786,2.3554,,,,46.0759,21.5232,22.2286,22.5398,22.4464,1,1,1,0,1,1,0,1,1,1,1,1
10/23/2025 10:23,1.4294,1.3388,0,1.1138,1.2716,1.4294,1.3388,1.1138,1.65,23.8588,2.359,48.3625,48.3625,48.3625,23.8588,2.359,,,,46.0035,21.4998,22.2088,22.52,22.4294,1,1,1,0,1,1,0,1,1,1,1,1
10/23/2025 10:28,1.4319,1.3397,0,1.1287,1.2803,1.4319,1.3397,1.1287,1.65,23.8588,2.3517,48.5125,48.5125,48.5125,23.8588,2.3517,,,,46.1608,21.5071,22.2088,22.5191,22.4269,1,1,1,0,1,1,0,1,1,1,1,1
10/23/2025 10:33,1.4341,1.3378,0,1.1487,1.2914,1.4341,1.3378,1.1487,1.65,23.8645,2.3535,48.3063,48.3063,48.3063,23.8645,2.3535,,,,45.9528,21.511,22.2145,22.5267,22.4304,1,1,1,0,1,1,0,1,1,1,1,1
10/23/2025 10:38,1.4422,1.34,0,1.1788,1.3105,1.4422,1.34,1.1788,1.675,23.8419,2.3481,48.525,48.525,48.525,23.8419,2.3481,,,,46.1769,21.4938,22.1669,22.5019,22.3997,1,1,1,0,1,1,0,1,1,1,1,1
10/23/2025 10:43,1.4259,1.3384,0,1.1213,1.2736,1.4259,1.3384,1.1213,1.725,23.8786,2.3463,48.5313,48.5313,48.5313,23.8786,2.3463,,,,46.185,21.5323,22.1536,22.5402,22.4527,1,1,1,0,1,1,0,1,1,1,1,1
10/23/2025 10:48,1.4447,1.3384,0,1.12,1.28235,1.4447,1.3384,1.12,1.725,23.856,2.3517,48.6,48.6,48.6,23.856,2.3517,,,,46.2483,21.5043,22.131,22.5176,22.4113,1,1,1,0,1,1,0,1,1,1,1,1
10/23/2025 10:53,1.4403,1.3403,0,1.1225,1.2814,1.4403,1.3403,1.1225,1.675,23.8786,2.3517,48.3,48.3,48.3,23.8786,2.3517,,,,45.9483,21.5269,22.2036,22.5383,22.4383,1,1,1,0,1,1,0,1,1,1,1,1
10/23/2025 10:58,1.4419,1.3406,0,1.1263,1.2841,1.4419,1.3406,1.1263,1.675,23.8673,2.3463,48.4625,48.4625,48.4625,23.8673,2.3463,,,,46.1162,21.521,22.1923,22.5267,22.4254,1,1,1,0,1,1,0,1,1,1,1,1
10/23/2025 11:03,1.4338,1.3375,0,1.1313,1.28255,1.4338,1.3375,1.1313,1.725,23.8192,2.359,48.375,48.375,48.375,23.8192,2.359,,,,46.016,21.4602,22.0942,22.4817,22.3854,1,1,1,0,1,1,0,1,1,1,1,1
10/23/2025 11:08,1.4353,1.3403,0,1.1425,1.2889,1.4353,1.3403,1.1425,1.675,23.8871,2.3517,48.5188,48.5188,48.5188,23.8871,2.3517,,,,46.1671,21.5354,22.2121,22.5468,22.4518,1,1,1,0,1,1,0,1,1,1,1,1
10/23/2025 11:13,1.4403,1.3391,0,1.1188,1.27955,1.4403,1.3391,1.1188,1.65,23.8588,2.3499,48.4688,48.4688,48.4688,23.8588,2.3499,,,,46.1189,21.5089,22.2088,22.5197,22.4185,1,1,1,0,1,1,0,1,1,1,1,1
10/23/2025 11:18,1.4344,1.3391,0,1.1163,1.27535,1.4344,1.3391,1.1163,1.725,23.8814,2.3517,48.5813,48.5813,48.5813,23.8814,2.3517,,,,46.2296,21.5297,22.1564,22.5423,22.447,1,1,1,0,1,1,0,1,1,1,1,1
10/23/2025 11:23,1.4334,1.3366,0,1.1275,1.28045,1.4334,1.3366,1.1275,1.725,23.8588,2.3572,48.425,48.425,48.425,23.8588,2.3572,,,,46.0678,21.5016,22.1338,22.5222,22.4254,1,1,1,0,1,1,0,1,1,1,1,1
10/23/2025 11:28,1.4388,1.3397,0,1.14,1.2894,1.4388,1.3397,1.14,1.725,23.9012,2.3499,48.2313,48.2313,48.2313,23.9012,2.3499,,,,45.8814,21.5513,22.1762,22.5615,22.4624,1,1,1,0,1,1,0,1,1,1,1,1
10/23/2025 11:33,1.4363,1.3378,0,1.14,1.28815,1.4363,1.3378,1.14,1.725,23.8617,2.3517,48.5125,48.5125,48.5125,23.8617,2.3517,,,,46.1608,21.51,22.1367,22.5239,22.4254,1,1,1,0,1,1,0,1,1,1,1,1
10/23/2025 11:38,1.4316,1.3406,0,1.1587,1.29515,1.4316,1.3406,1.1587,1.725,23.8673,2.3517,48.4063,48.4063,48.4063,23.8673,2.3517,,,,46.0546,21.5156,22.1423,22.5267,22.4357,1,1,1,0,1,1,0,1,1,1,1,1
10/23/2025 11:43,1.4328,1.3384,0,1.105,1.2689,1.4328,1.3384,1.105,1.725,23.8701,2.3608,48.35,48.35,48.35,23.8701,2.3608,,,,45.9892,21.5093,22.1451,22.5317,22.4373,1,1,1,0,1,1,0,1,1,1,1,1
10/23/2025 11:48,1.4375,1.3388,0,1.125,1.28125,1.4375,1.3388,1.125,1.65,23.8673,2.3481,48.3563,48.3563,48.3563,23.8673,2.3481,,,,46.0082,21.5192,22.2173,22.5285,22.4298,1,1,1,0,1,1,0,1,1,1,1,1
10/23/2025 11:53,1.4294,1.3422,0,1.14,1.2847,1.4294,1.3422,1.14,1.675,23.8843,2.3535,48.3438,48.3438,48.3438,23.8843,2.3535,,,,45.9903,21.5308,22.2093,22.5421,22.4549,1,1,1,0,1,1,0,1,1,1,1,1
10/23/2025 11:58,1.4381,1.34,0,1.1163,1.2772,1.4381,1.34,1.1163,1.675,23.8701,2.3535,48.325,48.325,48.325,23.8701,2.3535,,,,45.9715,21.5166,22.1951,22.5301,22.432,1,1,1,0,1,1,0,1,1,1,1,1
10/23/2025 12:03,1.4369,1.3397,0,1.1463,1.2916,1.4369,1.3397,1.1463,1.65,23.8475,2.3517,48.6125,48.6125,48.6125,23.8475,2.3517,,,,46.2608,21.4958,22.1975,22.5078,22.4106,1,1,1,0,1,1,0,1,1,1,1,1
10/23/2025 12:08,1.4406,1.34,0,1.1313,1.28595,1.4406,1.34,1.1313,1.75,23.873,2.3554,48.2438,48.2438,48.2438,23.873,2.3554,,,,45.8884,21.5176,22.123,22.533,22.4324,1,1,1,0,1,1,0,1,1,1,1,1
10/23/2025 12:13,1.4281,1.3409,0,1.1188,1.27345,1.4281,1.3409,1.1188,1.65,23.8503,2.3517,48.3875,48.3875,48.3875,23.8503,2.3517,,,,46.0358,21.4986,22.2003,22.5094,22.4222,1,1,1,0,1,1,0,1,1,1,1,1
10/23/2025 12:18,1.4316,1.3369,0,1.1387,1.28515,1.4316,1.3369,1.1387,1.65,23.8673,2.3572,48.5188,48.5188,48.5188,23.8673,2.3572,,,,46.1616,21.5101,22.2173,22.5304,22.4357,1,1,1,0,1,1,0,1,1,1,1,1
10/23/2025 12:23,1.4338,1.3375,0,1.1163,1.27505,1.4338,1.3375,1.1163,1.75,23.856,2.3572,48.6938,48.6938,48.6938,23.856,2.3572,,,,46.3366,21.4988,22.106,22.5185,22.4222,1,1,1,0,1,1,0,1,1,1,1,1
10/23/2025 12:28,1.4309,1.3397,0,1.1225,1.2767,1.4309,1.3397,1.1225,1.75,23.8532,2.359,48.4063,48.4063,48.4063,23.8532,2.359,,,,46.0473,21.4942,22.1032,22.5135,22.4223,1,1,1,0,1,1,0,1,1,1,1,1
10/23/2025 12:33,1.435,1.3394,0,1.1313,1.28315,1.435,1.3394,1.1313,1.775,23.9041,2.3572,48.5188,48.5188,48.5188,23.9041,2.3572,,,,46.1616,21.5469,22.1291,22.5647,22.4691,1,1,1,0,1,1,0,1,1,1,1,1
10/23/2025 12:38,1.4281,1.3384,0,1.1487,1.2884,1.4281,1.3384,1.1487,1.775,23.8843,2.3572,48.7063,48.7063,48.7063,23.8843,2.3572,,,,46.3491,21.5271,22.1093,22.5459,22.4562,1,1,1,0,1,1,0,1,1,1,1,1
10/23/2025 12:43,1.4366,1.3369,0,1.125,1.2808,1.4366,1.3369,1.125,1.75,23.8645,2.3572,48.35,48.35,48.35,23.8645,2.3572,,,,45.9928,21.5073,22.1145,22.5276,22.4279,1,1,1,0,1,1,0,1,1,1,1,1
10/23/2025 12:48,1.4353,1.3403,0,1.105,1.27015,1.4353,1.3403,1.105,1.775,23.8645,2.359,48.5125,48.5125,48.5125,23.8645,2.359,,,,46.1535,21.5055,22.0895,22.5242,22.4292,1,1,1,0,1,1,0,1,1,1,1,1
10/23/2025 12:53,1.4309,1.3388,0,1.1075,1.2692,1.4309,1.3388,1.1075,1.75,23.8419,2.3535,48.3875,48.3875,48.3875,23.8419,2.3535,,,,46.034,21.4884,22.0919,22.5031,22.411,1,1,1,0,1,1,0,1,1,1,1,1
10/23/2025 12:58,1.4403,1.34,0,1.1163,1.2783,1.4403,1.34,1.1163,1.775,23.8532,2.3572,48.4938,48.4938,48.4938,23.8532,2.3572,,,,46.1366,21.496,22.0782,22.5132,22.4129,1,1,1,0,1,1,0,1,1,1,1,1
10/23/2025 13:03,1.4281,1.3369,0,1.1338,1.28095,1.4281,1.3369,1.1338,1.75,23.8871,2.3572,48.2813,48.2813,48.2813,23.8871,2.3572,,,,45.9241,21.5299,22.1371,22.5502,22.459,1,1,1,0,1,1,0,1,1,1,1,1
10/23/2025 13:08,1.4294,1.3375,0,1.0988,1.2641,1.4294,1.3375,1.0988,1.75,23.8447,2.3608,48.6125,48.6125,48.6125,23.8447,2.3608,,,,46.2517,21.4839,22.0947,22.5072,22.4153,1,1,1,0,1,1,0,1,1,1,1,1
10/23/2025 13:13,1.4278,1.3394,0,1.1387,1.28325,1.4278,1.3394,1.1387,1.75,23.8362,2.3644,48.1875,48.1875,48.1875,23.8362,2.3644,,,,45.8231,21.4718,22.0862,22.4968,22.4084,1,1,1,0,1,1,0,1,1,1,1,1
10/23/2025 13:18,1.4366,1.3409,0,1.1188,1.2777,1.4366,1.3409,1.1188,1.8,23.8645,2.3572,48.3938,48.3938,48.3938,23.8645,2.3572,,,,46.0366,21.5073,22.0645,22.5236,22.4279,1,1,1,0,1,1,0,1,1,1,1,1
10/23/2025 13:23,1.4272,1.3362,0,1.1575,1.29235,1.4272,1.3362,1.1575,1.75,23.8079,2.359,48.4375,48.4375,48.4375,23.8079,2.359,,,,46.0785,21.4489,22.0579,22.4717,22.3807,1,1,1,0,1,1,0,1,1,1,1,1
10/23/2025 13:28,1.4341,1.3391,0,1.1287,1.2814,1.4341,1.3391,1.1287,1.75,23.8758,2.359,48.1125,48.1125,48.1125,23.8758,2.359,,,,45.7535,21.5168,22.1258,22.5367,22.4417,1,1,1,0,1,1,0,1,1,1,1,1
10/23/2025 13:33,1.4269,1.3413,0,1.135,1.28095,1.4269,1.3413,1.135,1.75,23.873,2.3716,48.3875,48.3875,48.3875,23.873,2.3716,,,,46.0159,21.5014,22.123,22.5317,22.4461,1,1,1,0,1,1,0,1,1,1,1,1
10/23/2025 13:38,1.4372,1.3394,0,1.1413,1.28925,1.4372,1.3394,1.1413,1.775,23.8645,2.3572,48.4813,48.4813,48.4813,23.8645,2.3572,,,,46.1241,21.5073,22.0895,22.5251,22.4273,1,1,1,0,1,1,0,1,1,1,1,1
10/23/2025 13:43,1.4344,1.3406,0,1.1275,1.28095,1.4344,1.3406,1.1275,1.675,23.8617,2.3608,48.0938,48.0938,48.0938,23.8617,2.3608,,,,45.733,21.5009,22.1867,22.5211,22.4273,1,1,1,0,1,1,0,1,1,1,1,1
10/23/2025 13:48,1.4403,1.3406,0,1.1525,1.2964,1.4403,1.3406,1.1525,1.75,23.8645,2.3644,48.275,48.275,48.275,23.8645,2.3644,,,,45.9106,21.5001,22.1145,22.5239,22.4242,1,1,1,0,1,1,0,1,1,1,1,1
10/23/2025 13:53,1.4281,1.3406,0,1.12,1.27405,1.4281,1.3406,1.12,1.725,23.9069,2.368,48.2125,48.3188,48.2125,23.9069,2.368,,,,45.9508,21.5389,22.1819,22.5663,22.4788,1,1,1,0,1,1,0,1,1,1,1,1
10/23/2025 13:58,1.4306,1.3406,0,1.1113,1.27095,1.4306,1.3406,1.1113,1.75,23.873,2.3626,48.525,48.0125,48.525,23.873,2.3626,,,,45.6499,21.5104,22.123,22.5324,22.4424,1,1,1,0,1,1,0,1,1,1,1,1
10/23/2025 14:03,1.4322,1.3409,0,1.105,1.2686,1.4322,1.3409,1.105,1.675,23.8673,2.3662,48.4188,48.2125,48.4188,23.8673,2.3662,,,,45.8463,21.5011,22.1923,22.5264,22.4351,1,1,1,0,1,1,0,1,1,1,1,1
10/23/2025 14:08,1.4319,1.3406,0,1.1325,1.2822,1.4319,1.3406,1.1325,1.725,23.8814,2.3644,48.3438,48.1,48.3438,23.8814,2.3644,,,,45.7356,21.517,22.1564,22.5408,22.4495,1,1,1,0,1,1,0,1,1,1,1,1
10/23/2025 14:13,1.4416,1.3409,0,1.1138,1.2777,1.4416,1.3409,1.1138,1.675,23.8758,2.3608,48.4438,48.4438,48.4438,23.8758,2.3608,,,,46.083,21.515,22.2008,22.5349,22.4342,1,1,1,0,1,1,0,1,1,1,1,1
10/23/2025 14:18,1.4303,1.3409,0,1.1263,1.2783,1.4303,1.3409,1.1263,1.675,23.8673,2.368,48.3313,48.3313,48.3313,23.8673,2.368,,,,45.9633,21.4993,22.1923,22.5264,22.437,1,1,1,0,1,1,0,1,1,1,1,1
10/23/2025 14:23,1.4272,1.3384,0,1.1338,1.2805,1.4272,1.3384,1.1338,1.675,23.8673,2.3608,48.3875,48.3875,48.3875,23.8673,2.3608,,,,46.0267,21.5065,22.1923,22.5289,22.4401,1,1,1,0,1,1,0,1,1,1,1,1
10/23/2025 14:28,1.4344,1.3375,0,1.095,1.2647,1.4344,1.3375,1.095,1.675,23.8814,2.3644,48.375,48.375,48.3188,23.8814,2.3644,,,,46.0106,21.517,22.2064,22.5439,22.447,1,1,1,0,1,1,0,1,1,1,1,1
10/23/2025 14:33,1.4378,1.3394,0,1.115,1.2764,1.4378,1.3394,1.115,1.675,23.8814,2.3572,48.3125,48.3125,48.0125,23.8814,2.3572,,,,45.9553,21.5242,22.2064,22.542,22.4436,1,1,1,0,1,1,0,1,1,1,1,1
10/23/2025 14:38,1.4322,1.34,0,1.1188,1.2755,1.4322,1.34,1.1188,1.675,23.8447,2.368,48.3875,48.3875,48.2125,23.8447,2.368,,,,46.0195,21.4767,22.1697,22.5047,22.4125,1,1,1,0,1,1,0,1,1,1,1,1
10/23/2025 14:43,1.4238,1.34,0,1.1138,1.2688,1.4238,1.34,1.1138,1.725,23.8814,2.3698,48.6563,48.6563,48.1,23.8814,2.3698,,,,46.2865,21.5116,22.1564,22.5414,22.4576,1,1,1,0,1,1,0,1,1,1,1,1
10/23/2025 14:48,1.4234,1.3416,0,1.115,1.2692,1.4234,1.3416,1.115,1.75,23.8419,2.3662,48.4938,48.4938,48.4938,23.8419,2.3662,,,,46.1276,21.4757,22.0919,22.5003,22.4185,1,1,1,0,1,1,0,1,1,1,1,1
10/23/2025 14:53,1.4288,1.3397,0,1.1063,1.26755,1.4288,1.3397,1.1063,1.725,23.8673,2.3698,48.3813,48.3813,48.3813,23.8673,2.3698,,,,46.0115,21.4975,22.1423,22.5276,22.4385,1,1,1,0,1,1,0,1,1,1,1,1
10/23/2025 14:58,1.4278,1.3428,0,1.0925,1.26015,1.4278,1.3428,1.0925,1.675,23.8786,2.3662,48.5188,48.5188,48.5188,23.8786,2.3662,,,,46.1526,21.5124,22.2036,22.5358,22.4508,1,1,1,0,1,1,0,1,1,1,1,1
10/23/2025 15:03,1.4234,1.3425,0,1.1313,1.27735,1.4234,1.3425,1.1313,1.725,23.8758,2.368,48.2875,48.3188,48.2875,23.8758,2.368,,,,45.9508,21.5078,22.1508,22.5333,22.4524,1,1,1,0,1,1,0,1,1,1,1,1
10/23/2025 15:08,1.4291,1.3409,0,1.0925,1.2608,1.4291,1.3409,1.0925,1.75,23.8532,2.3644,48.3188,48.0125,48.3188,23.8532,2.3644,,,,45.6481,21.4888,22.1032,22.5123,22.4241,1,1,1,0,1,1,0,1,1,1,1,1
10/23/2025 15:13,1.4244,1.3406,0,1.105,1.2647,1.4244,1.3406,1.105,1.725,23.8871,2.3626,48.425,48.2125,48.425,23.8871,2.3626,,,,45.8499,21.5245,22.1621,22.5465,22.4627,1,1,1,0,1,1,0,1,1,1,1,1
10/23/2025 15:18,1.4213,1.3428,0,1.0875,1.2544,1.4213,1.3428,1.0875,1.75,23.8673,2.3608,48.3125,48.1,48.3125,23.8673,2.3608,,,,45.7392,21.5065,22.1173,22.5245,22.446,1,1,1,0,1,1,0,1,1,1,1,1
10/23/2025 15:23,1.4206,1.3419,0,1.1188,1.2697,1.4206,1.3419,1.1188,1.75,23.8814,2.3644,48.2938,48.2938,48.2938,23.8814,2.3644,,,,45.9294,21.517,22.1314,22.5395,22.4608,1,1,1,0,1,1,0,1,1,1,1,1
10/23/2025 15:28,1.4291,1.3416,0,1.1463,1.2877,1.4291,1.3416,1.1463,1.75,23.8334,2.359,48.0188,48.0188,48.0188,23.8334,2.359,,,,45.6598,21.4744,22.0834,22.4918,22.4043,1,1,1,0,1,1,0,1,1,1,1,1
10/23/2025 15:33,1.4256,1.34,0,1.0962,1.2609,1.4256,1.34,1.0962,1.75,23.8843,2.368,48.25,48.25,48.25,23.8843,2.368,,,,45.882,21.5163,22.1343,22.5443,22.4587,1,1,1,0,1,1,0,1,1,1,1,1
10/23/2025 15:38,1.4272,1.3428,0,1.145,1.2861,1.4272,1.3428,1.145,1.725,23.8814,2.3662,48.4188,48.4188,48.4188,23.8814,2.3662,,,,46.0526,21.5152,22.1564,22.5386,22.4542,1,1,1,0,1,1,0,1,1,1,1,1
10/23/2025 15:43,1.4278,1.34,0,1.1338,1.2808,1.4278,1.34,1.1338,1.725,23.8899,2.3698,48.4,48.4,48.4,23.8899,2.3698,,,,46.0302,21.5201,22.1649,22.5499,22.4621,1,1,1,0,1,1,0,1,1,1,1,1
10/23/2025 15:48,1.4291,1.3441,0,1.12,1.27455,1.4291,1.3441,1.12,1.775,23.8645,2.3608,48.4375,48.4375,48.4375,23.8645,2.3608,,,,46.0767,21.5037,22.0895,22.5204,22.4354,1,1,1,0,1,1,0,1,1,1,1,1
10/23/2025 15:53,1.4228,1.34,0,1.095,1.2589,1.4228,1.34,1.095,1.725,23.8701,2.359,48.2313,48.2313,48.2313,23.8701,2.359,,,,45.8723,21.5111,22.1451,22.5301,22.4473,1,1,1,0,1,1,0,1,1,1,1,1
10/23/2025 15:58,1.4209,1.3416,0,1.1075,1.2642,1.4209,1.3416,1.1075,1.75,23.8532,2.3698,48.4625,48.4625,48.4625,23.8532,2.3698,,,,46.0927,21.4834,22.1032,22.5116,22.4323,1,1,1,0,1,1,0,1,1,1,1,1
10/23/2025 16:03,1.4222,1.3413,0,1.1188,1.2705,1.4222,1.3413,1.1188,1.75,23.8277,2.359,48.1063,48.1063,48.1063,23.8277,2.359,,,,45.7473,21.4687,22.0777,22.4864,22.4055,1,1,1,0,1,1,0,1,1,1,1,1
10/23/2025 16:08,1.4259,1.3413,0,1.1375,1.2817,1.4259,1.3413,1.1375,1.725,23.8758,2.3662,48.225,48.225,48.225,23.8758,2.3662,,,,45.8588,21.5096,22.1508,22.5345,22.4499,1,1,1,0,1,1,0,1,1,1,1,1
10/23/2025 16:13,1.4213,1.3413,0,1.1338,1.27755,1.4213,1.3413,1.1338,1.75,23.839,2.3662,48.2563,48.2563,48.2563,23.839,2.3662,,,,45.8901,21.4728,22.089,22.4977,22.4177,1,1,1,0,1,1,0,1,1,1,1,1
10/23/2025 16:18,1.4188,1.3422,0,1.1075,1.26315,1.4188,1.3422,1.1075,1.725,23.8645,2.3644,48.1625,48.1625,48.1625,23.8645,2.3644,,,,45.7981,21.5001,22.1395,22.5223,22.4457,1,1,1,0,1,1,0,1,1,1,1,1
10/23/2025 16:23,1.4269,1.3397,0,1.0813,1.2541,1.4269,1.3397,1.0813,1.75,23.873,2.3626,48.1438,48.1438,48.1438,23.873,2.3626,,,,45.7812,21.5104,22.123,22.5333,22.4461,1,1,1,0,1,1,0,1,1,1,1,1
10/23/2025 16:28,1.4219,1.3413,0,1.1275,1.2747,1.4219,1.3413,1.1275,1.725,23.8617,2.368,48.3563,48.3563,48.3563,23.8617,2.368,,,,45.9883,21.4937,22.1367,22.5204,22.4398,1,1,1,0,1,1,0,1,1,1,1,1
10/23/2025 16:33,1.4197,1.34,0,1.1063,1.263,1.4197,1.34,1.1063,1.725,23.8419,2.3662,48.3688,48.3688,48.3688,23.8419,2.3662,,,,46.0026,21.4757,22.1169,22.5019,22.4222,1,1,1,0,1,1,0,1,1,1,1,1
10/23/2025 16:38,1.4213,1.3409,0,1.1338,1.27755,1.4213,1.3409,1.1338,1.775,23.8843,2.3644,48.0875,48.0875,48.0875,23.8843,2.3644,,,,45.7231,21.5199,22.1093,22.5434,22.463,1,1,1,0,1,1,0,1,1,1,1,1
10/23/2025 16:43,1.4216,1.3413,0,1.12,1.2708,1.4216,1.3413,1.12,1.725,23.8136,2.3608,48.1438,48.1438,48.1438,23.8136,2.3608,,,,45.783,21.4528,22.0886,22.4723,22.392,1,1,1,0,1,1,0,1,1,1,1,1
10/23/2025 16:48,1.4288,1.3403,0,1.1225,1.27565,1.4288,1.3403,1.1225,1.725,23.8758,2.368,48.2625,48.2625,48.2625,23.8758,2.368,,,,45.8945,21.5078,22.1508,22.5355,22.447,1,1,1,0,1,1,0,1,1,1,1,1
10/23/2025 16:53,1.4225,1.3406,0,1.135,1.27875,1.4225,1.3406,1.135,1.75,23.856,2.3698,48.2313,48.2313,48.2313,23.856,2.3698,,,,45.8615,21.4862,22.106,22.5154,22.4335,1,1,1,0,1,1,0,1,1,1,1,1
10/23/2025 16:58,1.4206,1.3397,0,1.0962,1.2584,1.4206,1.3397,1.0962,1.725,23.8673,2.3662,48.1813,48.1813,48.1813,23.8673,2.3662,,,,45.8151,21.5011,22.1423,22.5276,22.4467,1,1,1,0,1,1,0,1,1,1,1,1
10/23/2025 17:03,1.4272,1.3388,0,1.1,1.2636,1.4272,1.3388,1.1,1.725,23.8701,2.3716,48.5625,48.5625,48.5625,23.8701,2.3716,,,,46.1909,21.4985,22.1451,22.5313,22.4429,1,1,1,0,1,1,0,1,1,1,1,1
10/23/2025 17:08,1.4234,1.3394,0,1.1125,1.26795,1.4234,1.3394,1.1125,1.775,23.8532,2.3662,48.2875,48.2875,48.2875,23.8532,2.3662,,,,45.9213,21.487,22.0782,22.5138,22.4298,1,1,1,0,1,1,0,1,1,1,1,1
10/23/2025 17:13,1.4156,1.3397,0,1.1,1.2578,1.4156,1.3397,1.1,1.775,23.8588,2.368,48.2438,48.2438,48.2438,23.8588,2.368,,,,45.8758,21.4908,22.0838,22.5191,22.4432,1,1,1,0,1,1,0,1,1,1,1,1
10/23/2025 17:18,1.4288,1.3397,0,1.0862,1.2575,1.4288,1.3397,1.0862,1.725,23.8673,2.368,48.2813,48.2813,48.2813,23.8673,2.368,,,,45.9133,21.4993,22.1423,22.5276,22.4385,1,1,1,0,1,1,0,1,1,1,1,1
10/23/2025 17:23,1.4228,1.34,0,1.1538,1.2883,1.4228,1.34,1.1538,1.775,23.8645,2.3662,48.1813,48.1813,48.1813,23.8645,2.3662,,,,45.8151,21.4983,22.0895,22.5245,22.4417,1,1,1,0,1,1,0,1,1,1,1,1
10/23/2025 17:28,1.4194,1.3391,0,1.1138,1.2666,1.4194,1.3391,1.1138,1.725,23.8475,2.3644,48.2625,48.2625,48.2625,23.8475,2.3644,,,,45.8981,21.4831,22.1225,22.5084,22.4281,1,1,1,0,1,1,0,1,1,1,1,1
10/23/2025 17:33,1.4275,1.3409,0,1.1063,1.2669,1.4275,1.3409,1.1063,1.75,23.8645,2.368,48.4,48.4,48.4,23.8645,2.368,,,,46.032,21.4965,22.1145,22.5236,22.437,1,1,1,0,1,1,0,1,1,1,1,1
10/23/2025 17:38,1.4244,1.3397,0,1.1,1.2622,1.4244,1.3397,1.1,1.725,23.8617,2.3644,48.45,48.45,48.45,23.8617,2.3644,,,,46.0856,21.4973,22.1367,22.522,22.4373,1,1,1,0,1,1,0,1,1,1,1,1
10/23/2025 17:43,1.4275,1.3388,0,1.0925,1.26,1.4275,1.3388,1.0925,1.725,23.8588,2.3662,48.3188,48.3188,48.3188,23.8588,2.3662,,,,45.9526,21.4926,22.1338,22.52,22.4313,1,1,1,0,1,1,0,1,1,1,1,1
10/23/2025 17:48,1.4269,1.3384,0,1.1325,1.2797,1.4269,1.3384,1.1325,1.725,23.8673,2.359,48.4438,48.4438,48.4438,23.8673,2.359,,,,46.0848,21.5083,22.1423,22.5289,22.4404,1,1,1,0,1,1,0,1,1,1,1,1
10/23/2025 17:53,1.4231,1.3391,0,1.1275,1.2753,1.4231,1.3391,1.1275,1.725,23.8617,2.368,48.3188,48.3188,48.3188,23.8617,2.368,,,,45.9508,21.4937,22.1367,22.5226,22.4386,1,1,1,0,1,1,0,1,1,1,1,1
10/23/2025 17:58,1.4269,1.3419,0,1.1313,1.2791,1.4269,1.3419,1.1313,1.775,23.8758,2.368,48.3313,48.3313,48.3313,23.8758,2.368,,,,45.9633,21.5078,22.1008,22.5339,22.4489,1,1,1,0,1,1,0,1,1,1,1,1
10/23/2025 18:03,1.4244,1.3391,0,1.1025,1.26345,1.4244,1.3391,1.1025,1.775,23.8701,2.3644,48.0938,48.0938,48.0938,23.8701,2.3644,,,,45.7294,21.5057,22.0951,22.531,22.4457,1,1,1,0,1,1,0,1,1,1,1,1
10/23/2025 18:08,1.43,1.3384,0,1.1188,1.2744,1.43,1.3384,1.1188,1.725,23.8758,2.359,48.525,48.525,48.525,23.8758,2.359,,,,46.166,21.5168,22.1508,22.5374,22.4458,1,1,1,0,1,1,0,1,1,1,1,1
10/23/2025 18:13,1.425,1.3384,0,1.1113,1.26815,1.425,1.3384,1.1113,1.75,23.8673,2.3698,48.3125,48.3125,48.3125,23.8673,2.3698,,,,45.9427,21.4975,22.1173,22.5289,22.4423,1,1,1,0,1,1,0,1,1,1,1,1
10/23/2025 18:18,1.4222,1.3378,0,1.1113,1.26675,1.4222,1.3378,1.1113,1.725,23.8984,2.359,48.4438,48.4438,48.4438,23.8984,2.359,,,,46.0848,21.5394,22.1734,22.5606,22.4762,1,1,1,0,1,1,0,1,1,1,1,1
10/23/2025 18:23,1.4216,1.3406,0,1.1225,1.27205,1.4216,1.3406,1.1225,1.8,23.8701,2.3644,48.2688,48.2688,48.2688,23.8701,2.3644,,,,45.9044,21.5057,22.0701,22.5295,22.4485,1,1,1,0,1,1,0,1,1,1,1,1
10/23/2025 18:28,1.4303,1.3369,0,1.135,1.28265,1.4303,1.3369,1.135,1.775,23.8701,2.368,48.3313,48.3313,48.3313,23.8701,2.368,,,,45.9633,21.5021,22.0951,22.5332,22.4398,1,1,1,0,1,1,0,1,1,1,1,1
10/23/2025 18:33,1.4216,1.34,0,1.1138,1.2677,1.4216,1.34,1.1138,1.725,23.9125,2.3626,48.4563,48.4563,48.4563,23.9125,2.3626,,,,46.0937,21.5499,22.1875,22.5725,22.4909,1,1,1,0,1,1,0,1,1,1,1,1
10/23/2025 18:38,1.4266,1.3388,0,1.0888,1.2577,1.4266,1.3388,1.0888,1.8,23.8814,2.3662,48.2938,48.2938,48.2938,23.8814,2.3662,,,,45.9276,21.5152,22.0814,22.5426,22.4548,1,1,1,0,1,1,0,1,1,1,1,1
10/23/2025 18:43,1.4231,1.34,0,1.1113,1.2672,1.4231,1.34,1.1113,1.775,23.8956,2.3644,48.3125,48.3125,48.3125,23.8956,2.3644,,,,45.9481,21.5312,22.1206,22.5556,22.4725,1,1,1,0,1,1,0,1,1,1,1,1
10/23/2025 18:48,1.4266,1.3372,0,1.1387,1.28265,1.4266,1.3372,1.1387,1.775,23.9069,2.368,48.1938,48.1938,48.1938,23.9069,2.368,,,,45.8258,21.5389,22.1319,22.5697,22.4803,1,1,1,0,1,1,0,1,1,1,1,1
10/23/2025 18:53,1.4259,1.3388,0,1.1163,1.2711,1.4259,1.3388,1.1163,1.75,23.8617,2.3662,48.35,48.35,48.35,23.8617,2.3662,,,,45.9838,21.4955,22.1117,22.5229,22.4358,1,1,1,0,1,1,0,1,1,1,1,1
10/23/2025 18:58,1.4231,1.3375,0,1.1413,1.2822,1.4231,1.3375,1.1413,1.75,23.8701,2.3626,48.2188,48.2188,48.2188,23.8701,2.3626,,,,45.8562,21.5075,22.1201,22.5326,22.447,1,1,1,0,1,1,0,1,1,1,1,1
10/23/2025 19:03,1.4275,1.3391,0,1.115,1.27125,1.4275,1.3391,1.115,1.725,23.8871,2.368,48.6813,48.6813,48.6813,23.8871,2.368,,,,46.3133,21.5191,22.1621,22.548,22.4596,1,1,1,0,1,1,0,1,1,1,1,1
10/23/2025 19:08,1.4278,1.3388,0,1.1325,1.28015,1.4278,1.3388,1.1325,1.775,23.8984,2.3716,48.3438,48.3438,48.3438,23.8984,2.3716,,,,45.9722,21.5268,22.1234,22.5596,22.4706,1,1,1,0,1,1,0,1,1,1,1,1
10/23/2025 19:13,1.4281,1.3369,0,1.1487,1.2884,1.4281,1.3369,1.1487,1.775,23.8984,2.3626,48.3563,48.3563,48.3563,23.8984,2.3626,,,,45.9937,21.5358,22.1234,22.5615,22.4703,1,1,1,0,1,1,0,1,1,1,1,1
10/23/2025 19:18,1.4275,1.3375,0,1.1525,1.29,1.4275,1.3375,1.1525,1.725,23.9069,2.3608,48.6375,48.6375,48.6375,23.9069,2.3608,,,,46.2767,21.5461,22.1819,22.5694,22.4794,1,1,1,0,1,1,0,1,1,1,1,1
10/23/2025 19:23,1.4313,1.3397,0,1.1063,1.2688,1.4313,1.3397,1.1063,1.725,23.9041,2.3662,48.5688,48.5688,48.5688,23.9041,2.3662,,,,46.2026,21.5379,22.1791,22.5644,22.4728,1,1,1,0,1,1,0,1,1,1,1,1
10/23/2025 19:28,1.4275,1.3375,0,1.1025,1.265,1.4275,1.3375,1.1025,1.725,23.8701,2.3644,48.5,48.5,48.5,23.8701,2.3644,,,,46.1356,21.5057,22.1451,22.5326,22.4426,1,1,1,0,1,1,0,1,1,1,1,1
10/23/2025 19:33,1.4238,1.3384,0,1.1075,1.26565,1.4238,1.3384,1.1075,1.75,23.8617,2.359,48.4188,48.4188,48.4188,23.8617,2.359,,,,46.0598,21.5027,22.1117,22.5233,22.4379,1,1,1,0,1,1,0,1,1,1,1,1
10/23/2025 19:38,1.4303,1.3378,0,1.1287,1.2795,1.4303,1.3378,1.1287,1.725,23.8871,2.3662,48.6,48.6,48.6,23.8871,2.3662,,,,46.2338,21.5209,22.1621,22.5493,22.4568,1,1,1,0,1,1,0,1,1,1,1,1
10/23/2025 19:43,1.4234,1.3372,0,1.0962,1.2598,1.4234,1.3372,1.0962,1.725,23.8786,2.3734,48.4688,48.4688,48.4688,23.8786,2.3734,,,,46.0954,21.5052,22.1536,22.5414,22.4552,1,1,1,0,1,1,0,1,1,1,1,1
10/23/2025 19:48,1.4247,1.3375,0,1.075,1.24985,1.4247,1.3375,1.075,1.725,23.8701,2.368,48.3125,48.3125,48.3125,23.8701,2.368,,,,45.9445,21.5021,22.1451,22.5326,22.4454,1,1,1,0,1,1,0,1,1,1,1,1
10/23/2025 19:53,1.4247,1.3375,0,1.1188,1.27175,1.4247,1.3375,1.1188,1.725,23.8701,2.3644,48.5563,48.5563,48.5563,23.8701,2.3644,,,,46.1919,21.5057,22.1451,22.5326,22.4454,1,1,1,0,1,1,0,1,1,1,1,1
10/23/2025 19:58,1.4225,1.3378,0,1.1225,1.2725,1.4225,1.3378,1.1225,1.725,23.8786,2.368,48.4063,48.4063,48.4063,23.8786,2.368,,,,46.0383,21.5106,22.1536,22.5408,22.4561,1,1,1,0,1,1,0,1,1,1,1,1
10/23/2025 20:03,1.4297,1.3378,0,1.1313,1.2805,1.4297,1.3378,1.1313,1.725,23.9069,2.368,48.275,48.275,48.275,23.9069,2.368,,,,45.907,21.5389,22.1819,22.5691,22.4772,1,1,1,0,1,1,0,1,1,1,1,1
10/23/2025 20:08,1.4238,1.3366,0,1.1263,1.27505,1.4238,1.3366,1.1263,1.725,23.8899,2.3662,48.4063,48.4063,48.4063,23.8899,2.3662,,,,46.0401,21.5237,22.1649,22.5533,22.4661,1,1,1,0,1,1,0,1,1,1,1,1
10/23/2025 20:13,1.4206,1.3381,0,1.1313,1.27595,1.4206,1.3381,1.1313,1.775,23.8758,2.3662,48.7188,48.7188,48.7188,23.8758,2.3662,,,,46.3526,21.5096,22.1008,22.5377,22.4552,1,1,1,0,1,1,0,1,1,1,1,1
10/23/2025 20:18,1.4325,1.3366,0,1.1,1.26625,1.4325,1.3366,1.1,1.725,23.8927,2.3644,48.5125,48.5125,48.5125,23.8927,2.3644,,,,46.1481,21.5283,22.1677,22.5561,22.4602,1,1,1,0,1,1,0,1,1,1,1,1
10/23/2025 20:23,1.4275,1.3369,0,1.1088,1.26815,1.4275,1.3369,1.1088,1.75,23.8786,2.3572,48.2625,48.2625,48.2625,23.8786,2.3572,,,,45.9053,21.5214,22.1286,22.5417,22.4511,1,1,1,0,1,1,0,1,1,1,1,1
10/23/2025 20:28,1.4284,1.3369,0,1.1188,1.2736,1.4284,1.3369,1.1188,1.725,23.8588,2.3608,48.3563,48.3563,48.3563,23.8588,2.3608,,,,45.9955,21.498,22.1338,22.5219,22.4304,1,1,1,0,1,1,0,1,1,1,1,1
10/23/2025 20:33,1.4319,1.3375,0,1.1375,1.2847,1.4319,1.3375,1.1375,1.775,23.8871,2.3572,48.475,48.475,48.475,23.8871,2.3572,,,,46.1178,21.5299,22.1121,22.5496,22.4552,1,1,1,0,1,1,0,1,1,1,1,1
10/23/2025 20:38,1.4275,1.3372,0,1.12,1.27375,1.4275,1.3372,1.12,1.725,23.8927,2.3644,48.5313,48.5313,48.5313,23.8927,2.3644,,,,46.1669,21.5283,22.1677,22.5555,22.4652,1,1,1,0,1,1,0,1,1,1,1,1
10/23/2025 20:43,1.4319,1.3372,0,1.1375,1.2847,1.4319,1.3372,1.1375,1.725,23.8475,2.3662,48.6438,48.6438,48.6438,23.8475,2.3662,,,,46.2776,21.4813,22.1225,22.5103,22.4156,1,1,1,0,1,1,0,1,1,1,1,1
10/23/2025 20:48,1.4331,1.3378,0,1.1,1.26655,1.4331,1.3378,1.1,1.725,23.8532,2.3644,48.3688,48.3688,48.3688,23.8532,2.3644,,,,46.0044,21.4888,22.1282,22.5154,22.4201,1,1,1,0,1,1,0,1,1,1,1,1
10/23/2025 20:53,1.4322,1.3356,0,1.1425,1.28735,1.4322,1.3356,1.1425,1.725,23.856,2.3626,48.7188,48.7188,48.7188,23.856,2.3626,,,,46.3562,21.4934,22.131,22.5204,22.4238,1,1,1,0,1,1,0,1,1,1,1,1
10/23/2025 20:58,1.4313,1.3375,0,1.125,1.27815,1.4313,1.3375,1.125,1.725,23.8588,2.3626,48.3188,48.3188,48.3188,23.8588,2.3626,,,,45.9562,21.4962,22.1338,22.5213,22.4275,1,1,1,0,1,1,0,1,1,1,1,1
10/23/2025 21:03,1.4288,1.3359,0,1.1138,1.2713,1.4288,1.3359,1.1138,1.725,23.8843,2.359,48.6,48.6,48.6,23.8843,2.359,,,,46.241,21.5253,22.1593,22.5484,22.4555,1,1,1,0,1,1,0,1,1,1,1,1
10/23/2025 21:08,1.4266,1.3353,0,1.1225,1.27455,1.4266,1.3353,1.1225,1.75,23.8871,2.3644,48.2813,48.2813,48.2813,23.8871,2.3644,,,,45.9169,21.5227,22.1371,22.5518,22.4605,1,1,1,0,1,1,0,1,1,1,1,1
10/23/2025 21:13,1.4306,1.3353,0,1.0788,1.2547,1.4306,1.3353,1.0788,1.725,23.873,2.3644,48.1875,48.1875,48.1875,23.873,2.3644,,,,45.8231,21.5086,22.148,22.5377,22.4424,1,1,1,0,1,1,0,1,1,1,1,1
10/23/2025 21:18,1.4363,1.3366,0,1.1138,1.27505,1.4363,1.3366,1.1138,1.725,23.9012,2.359,48.3,48.3,48.3,23.9012,2.359,,,,45.941,21.5422,22.1762,22.5646,22.4649,1,1,1,0,1,1,0,1,1,1,1,1
10/23/2025 21:23,1.4297,1.3347,0,1.125,1.27735,1.4297,1.3347,1.125,1.725,23.8814,2.359,48.2375,48.2375,48.2375,23.8814,2.359,,,,45.8785,21.5224,22.1564,22.5467,22.4517,1,1,1,0,1,1,0,1,1,1,1,1
10/23/2025 21:28,1.4284,1.3331,0,1.1263,1.27735,1.4284,1.3331,1.1263,1.725,23.8645,2.3626,48.55,48.55,48.55,23.8645,2.3626,,,,46.1874,21.5019,22.1395,22.5314,22.4361,1,1,1,0,1,1,0,1,1,1,1,1
10/23/2025 21:33,1.4272,1.3353,0,1.1138,1.2705,1.4272,1.3353,1.1138,1.725,23.8617,2.3644,48.5,48.5,48.5,23.8617,2.3644,,,,46.1356,21.4973,22.1367,22.5264,22.4345,1,1,1,0,1,1,0,1,1,1,1,1
10/23/2025 21:38,1.435,1.3366,0,1.125,1.28,1.435,1.3366,1.125,1.725,23.856,2.3626,48.5563,48.5563,48.5563,23.856,2.3626,,,,46.1937,21.4934,22.131,22.5194,22.421,1,1,1,0,1,1,0,1,1,1,1,1
10/23/2025 21:43,1.4241,1.3356,0,1.125,1.27455,1.4241,1.3356,1.125,1.725,23.8871,2.3572,48.5063,48.5063,48.5063,23.8871,2.3572,,,,46.1491,21.5299,22.1621,22.5515,22.463,1,1,1,0,1,1,0,1,1,1,1,1
10/23/2025 21:48,1.4234,1.3359,0,1.1225,1.27295,1.4234,1.3359,1.1225,1.725,23.8362,2.3554,48.5438,48.5438,48.5438,23.8362,2.3554,,,,46.1884,21.4808,22.1112,22.5003,22.4128,1,1,1,0,1,1,0,1,1,1,1,1
10/23/2025 21:53,1.4241,1.3353,0,1.125,1.27455,1.4241,1.3353,1.125,1.75,23.8588,2.3608,48.5313,48.5313,48.5313,23.8588,2.3608,,,,46.1705,21.498,22.1088,22.5235,22.4347,1,1,1,0,1,1,0,1,1,1,1,1
10/23/2025 21:58,1.4228,1.3359,0,1.1063,1.26455,1.4228,1.3359,1.1063,1.725,23.8475,2.3554,48.3438,48.3438,48.3438,23.8475,2.3554,,,,45.9884,21.4921,22.1225,22.5116,22.4247,1,1,1,0,1,1,0,1,1,1,1,1
10/23/2025 22:03,1.4297,1.3356,0,1.14,1.28485,1.4297,1.3356,1.14,1.775,23.839,2.3572,48.5375,48.5375,48.5375,23.839,2.3572,,,,46.1803,21.4818,22.064,22.5034,22.4093,1,1,1,0,1,1,0,1,1,1,1,1
10/23/2025 22:08,1.4309,1.3359,0,1.1387,1.2848,1.4309,1.3359,1.1387,1.725,23.8701,2.3535,48.275,48.275,48.275,23.8701,2.3535,,,,45.9215,21.5166,22.1451,22.5342,22.4392,1,1,1,0,1,1,0,1,1,1,1,1
10/23/2025 22:13,1.4359,1.335,0,1.105,1.27045,1.4359,1.335,1.105,1.775,23.8306,2.3535,48.5063,48.5063,48.5063,23.8306,2.3535,,,,46.1528,21.4771,22.0556,22.4956,22.3947,1,1,1,0,1,1,0,1,1,1,1,1
10/23/2025 22:18,1.4356,1.3344,0,1.115,1.2753,1.4356,1.3344,1.115,1.675,23.8079,2.3499,48.2875,48.2875,48.2875,23.8079,2.3499,,,,45.9376,21.458,22.1329,22.4735,22.3723,1,1,1,0,1,1,0,1,1,1,1,1
10/23/2025 22:23,1.4309,1.335,0,1.1338,1.28235,1.4309,1.335,1.1338,1.725,23.8701,2.3572,48.5125,48.5125,48.5125,23.8701,2.3572,,,,46.1553,21.5129,22.1451,22.5351,22.4392,1,1,1,0,1,1,0,1,1,1,1,1
10/23/2025 22:28,1.4219,1.3353,0,1.0925,1.2572,1.4219,1.3353,1.0925,1.725,23.8503,2.3554,48.4813,48.4813,48.4813,23.8503,2.3554,,,,46.1259,21.4949,22.1253,22.515,22.4284,1,1,1,0,1,1,0,1,1,1,1,1
10/23/2025 22:33,1.4275,1.335,0,1.125,1.27625,1.4275,1.335,1.125,1.725,23.8475,2.3572,48.5625,48.5625,48.5625,23.8475,2.3572,,,,46.2053,21.4903,22.1225,22.5125,22.42,1,1,1,0,1,1,0,1,1,1,1,1
10/23/2025 22:38,1.4322,1.3347,0,1.1025,1.26735,1.4322,1.3347,1.1025,1.725,23.8588,2.3554,48.4938,48.4938,48.4938,23.8588,2.3554,,,,46.1384,21.5034,22.1338,22.5241,22.4266,1,1,1,0,1,1,0,1,1,1,1,1
10/23/2025 22:43,1.4359,1.3378,0,1.1325,1.2842,1.4359,1.3378,1.1325,1.75,23.8532,2.3572,48.3875,48.3875,48.3875,23.8532,2.3572,,,,46.0303,21.496,22.1032,22.5154,22.4173,1,1,1,0,1,1,0,1,1,1,1,1
10/23/2025 22:48,1.4284,1.3325,0,1.0962,1.2623,1.4284,1.3325,1.0962,1.75,23.8701,2.3445,48.4125,48.4125,48.4125,23.8701,2.3445,,,,46.068,21.5256,22.1201,22.5376,22.4417,1,1,1,0,1,1,0,1,1,1,1,1
10/23/2025 22:53,1.4253,1.335,0,1.1675,1.2964,1.4253,1.335,1.1675,1.775,23.8814,2.3535,48.7,48.7,48.7,23.8814,2.3535,,,,46.3465,21.5279,22.1064,22.5464,22.4561,1,1,1,0,1,1,0,1,1,1,1,1
10/23/2025 22:58,1.4238,1.3338,0,1.1338,1.2788,1.4238,1.3338,1.1338,1.775,23.8334,2.3499,48.4,48.4,48.4,23.8334,2.3499,,,,46.0501,21.4835,22.0584,22.4996,22.4096,1,1,1,0,1,1,0,1,1,1,1,1
10/23/2025 23:03,1.4313,1.3344,0,1.1325,1.2819,1.4313,1.3344,1.1325,1.775,23.8475,2.359,48.675,48.675,48.675,23.8475,2.359,,,,46.316,21.4885,22.0725,22.5131,22.4162,1,1,1,0,1,1,0,1,1,1,1,1
10/23/2025 23:08,1.4284,1.3356,0,1.1313,1.27985,1.4284,1.3356,1.1313,1.8,23.8277,2.3554,48.525,48.525,48.525,23.8277,2.3554,,,,46.1696,21.4723,22.0277,22.4921,22.3993,1,1,1,0,1,1,0,1,1,1,1,1
10/23/2025 23:13,1.4219,1.3344,0,1.1088,1.26535,1.4219,1.3344,1.1088,1.775,23.856,2.3572,48.5125,48.5125,48.5125,23.856,2.3572,,,,46.1553,21.4988,22.081,22.5216,22.4341,1,1,1,0,1,1,0,1,1,1,1,1
10/23/2025 23:18,1.4309,1.3347,0,1.1113,1.2711,1.4309,1.3347,1.1113,1.775,23.8701,2.3499,48.75,48.75,48.75,23.8701,2.3499,,,,46.4001,21.5202,22.0951,22.5354,22.4392,1,1,1,0,1,1,0,1,1,1,1,1
10/23/2025 23:23,1.4372,1.3331,0,1.1225,1.27985,1.4372,1.3331,1.1225,1.775,23.8673,2.3608,48.3688,48.3688,48.3688,23.8673,2.3608,,,,46.008,21.5065,22.0923,22.5342,22.4301,1,1,1,0,1,1,0,1,1,1,1,1
10/23/2025 23:28,1.4328,1.3313,0,1.12,1.2764,1.4328,1.3313,1.12,1.85,23.8362,2.3572,48.8813,48.8813,48.8813,23.8362,2.3572,,,,46.5241,21.479,21.9862,22.5049,22.4034,1,1,1,0,1,1,0,1,1,1,1,1
10/23/2025 23:33,1.4322,1.3319,0,1.105,1.2686,1.4322,1.3319,1.105,1.775,23.8758,2.3517,48.325,48.325,48.325,23.8758,2.3517,,,,45.9733,21.5241,22.1008,22.5439,22.4436,1,1,1,0,1,1,0,1,1,1,1,1
10/23/2025 23:38,1.4228,1.3347,0,1.1113,1.26705,1.4228,1.3347,1.1113,1.775,23.873,2.359,48.5188,48.5188,48.5188,23.873,2.359,,,,46.1598,21.514,22.098,22.5383,22.4502,1,1,1,0,1,1,0,1,1,1,1,1
10/23/2025 23:43,1.4328,1.3328,0,1.1025,1.26765,1.4328,1.3328,1.1025,1.8,23.8617,2.359,48.5313,48.5313,48.5313,23.8617,2.359,,,,46.1723,21.5027,22.0617,22.5289,22.4289,1,1,1,0,1,1,0,1,1,1,1,1
10/23/2025 23:48,1.4316,1.3334,0,1.1225,1.27705,1.4316,1.3334,1.1225,1.775,23.8927,2.3517,48.5375,48.5375,48.5375,23.8927,2.3517,,,,46.1858,21.541,22.1177,22.5593,22.4611,1,1,1,0,1,1,0,1,1,1,1,1
10/23/2025 23:53,1.4394,1.3328,0,1.1375,1.28845,1.4394,1.3328,1.1375,1.8,23.873,2.3517,48.8313,48.8313,48.8313,23.873,2.3517,,,,46.4796,21.5213,22.073,22.5402,22.4336,1,1,1,0,1,1,0,1,1,1,1,1
10/23/2025 23:58,1.4372,1.3334,0,1.1413,1.28925,1.4372,1.3334,1.1413,1.8,23.8786,2.3608,48.5188,48.5188,48.5188,23.8786,2.3608,,,,46.158,21.5178,22.0786,22.5452,22.4414,1,1,1,0,1,1,0,1,1,1,1,1
10/24/2025 0:03,1.4319,1.3313,0,1.1088,1.27035,1.4319,1.3313,1.1088,1.8,23.8447,2.3499,48.4563,48.4563,48.4563,23.8447,2.3499,,,,46.1064,21.4948,22.0447,22.5134,22.4128,1,1,1,0,1,1,0,1,1,1,1,1
10/24/2025 0:08,1.4303,1.3316,0,1.1325,1.2814,1.4303,1.3316,1.1325,1.775,23.873,2.3535,48.35,48.35,48.35,23.873,2.3535,,,,45.9965,21.5195,22.098,22.5414,22.4427,1,1,1,0,1,1,0,1,1,1,1,1
10/24/2025 0:13,1.4356,1.3319,0,1.0938,1.2647,1.4356,1.3319,1.0938,1.775,23.873,2.3608,48.5813,48.5813,48.5813,23.873,2.3608,,,,46.2205,21.5122,22.098,22.5411,22.4374,1,1,1,0,1,1,0,1,1,1,1,1
10/24/2025 0:18,1.4372,1.3328,0,1.0962,1.2667,1.4372,1.3328,1.0962,1.8,23.8617,2.3535,48.4875,48.4875,48.4875,23.8617,2.3535,,,,46.134,21.5082,22.0617,22.5289,22.4245,1,1,1,0,1,1,0,1,1,1,1,1
10/24/2025 0:23,1.4378,1.335,0,1.1113,1.27455,1.4378,1.335,1.1113,1.85,23.9012,2.3517,48.4688,48.4688,48.4688,23.9012,2.3517,,,,46.1171,21.5495,22.0512,22.5662,22.4634,1,1,1,0,1,1,0,1,1,1,1,1
10/24/2025 0:28,1.4366,1.3338,0,1.1313,1.28395,1.4366,1.3338,1.1313,1.775,23.873,2.3572,48.7,48.7,48.7,23.873,2.3572,,,,46.3428,21.5158,22.098,22.5392,22.4364,1,1,1,0,1,1,0,1,1,1,1,1
10/24/2025 0:33,1.4372,1.3331,0,1.1287,1.28295,1.4372,1.3331,1.1287,1.775,23.9012,2.3554,48.5688,48.5688,48.5688,23.9012,2.3554,,,,46.2134,21.5458,22.1262,22.5681,22.464,1,1,1,0,1,1,0,1,1,1,1,1
10/24/2025 0:38,1.4306,1.3325,0,1.125,1.2778,1.4306,1.3325,1.125,1.85,23.8927,2.3499,48.475,48.475,48.475,23.8927,2.3499,,,,46.1251,21.5428,22.0427,22.5602,22.4621,1,1,1,0,1,1,0,1,1,1,1,1
10/24/2025 0:43,1.4278,1.3322,0,1.0625,1.24515,1.4278,1.3322,1.0625,1.775,23.9097,2.3535,48.4125,48.4125,48.4125,23.9097,2.3535,,,,46.059,21.5562,22.1347,22.5775,22.4819,1,1,1,0,1,1,0,1,1,1,1,1
10/24/2025 0:48,1.4372,1.33,0,1.1138,1.2755,1.4372,1.33,1.1138,1.85,23.873,2.3481,48.7625,48.7625,48.7625,23.873,2.3481,,,,46.4144,21.5249,22.023,22.543,22.4358,1,1,1,0,1,1,0,1,1,1,1,1
10/24/2025 0:53,1.4294,1.3306,0,1.14,1.2847,1.4294,1.3306,1.14,1.775,23.8899,2.3481,48.4875,48.4875,48.4875,23.8899,2.3481,,,,46.1394,21.5418,22.1149,22.5593,22.4605,1,1,1,0,1,1,0,1,1,1,1,1
10/24/2025 0:58,1.4372,1.3338,0,1.1387,1.28795,1.4372,1.3338,1.1387,1.8,23.856,2.3535,48.3625,48.3625,48.3625,23.856,2.3535,,,,46.009,21.5025,22.056,22.5222,22.4188,1,1,1,0,1,1,0,1,1,1,1,1
10/24/2025 1:03,1.4272,1.33,0,1.1138,1.2705,1.4272,1.33,1.1138,1.775,23.8673,2.3463,48.4438,48.4438,48.4438,23.8673,2.3463,,,,46.0975,21.521,22.0923,22.5373,22.4401,1,1,1,0,1,1,0,1,1,1,1,1
10/24/2025 1:08,1.4325,1.3306,0,1.0688,1.25065,1.4325,1.3306,1.0688,1.8,23.8645,2.3517,48.5375,48.5375,48.5375,23.8645,2.3517,,,,46.1858,21.5128,22.0645,22.5339,22.432,1,1,1,0,1,1,0,1,1,1,1,1
10/24/2025 1:13,1.4363,1.3306,0,1.1,1.26815,1.4363,1.3306,1.1,1.775,23.8984,2.3481,48.3563,48.3563,48.3563,23.8984,2.3481,,,,46.0082,21.5503,22.1234,22.5678,22.4621,1,1,1,0,1,1,0,1,1,1,1,1
10/24/2025 1:18,1.4356,1.3309,0,1.1338,1.2847,1.4356,1.3309,1.1338,1.8,23.8871,2.3535,48.5188,48.5188,48.5188,23.8871,2.3535,,,,46.1653,21.5336,22.0871,22.5562,22.4515,1,1,1,0,1,1,0,1,1,1,1,1
10/24/2025 1:23,0.0697,1.3284,0,0.1088,0.08925,0.0697,1.3284,0.1088,1.775,4.9357,-0.0072,0.5062,0.5062,0.5062,4.9357,-0.0072,,,,0.5134,4.9429,3.1607,3.6073,4.866,1,1,1,0,1,1,0,1,1,1,1,1
10/24/2025 1:28,-0.025,1.3281,0,0,-0.0125,-0.025,1.3281,0,1.775,-0.0028,-0.0036,-0.95,-0.95,-0.95,-0.0028,-0.0036,,,,-0.9464,0.0008,-1.7778,-1.3309,0.0222,1,1,1,0,1,1,0,1,1,1,1,1
10/24/2025 9:15,1.4131,1.4197,0.0313,1.0363,1.1934,1.4131,1.4197,1.0363,1.75,19.5111,1.8622,27.5,27.5,27.5,19.5111,1.8622,,,,25.6378,17.6489,17.7611,18.0914,18.098,1,1,1,0,1,1,0,1,1,1,1,1
10/24/2025 9:20,1.4141,1.3784,0,1.1163,1.2652,1.4141,1.3784,1.1163,1.775,23.8843,2.4746,47.5375,47.5375,47.5375,23.8843,2.4746,,,,45.0629,21.4097,22.1093,22.5059,22.4702,1,1,1,0,1,1,0,1,1,1,1,1
10/24/2025 9:25,1.4275,1.3444,0,1.14,1.28375,1.4275,1.3444,1.14,1.75,23.8899,2.3879,48.2438,48.2438,48.2438,23.8899,2.3879,,,,45.8559,21.502,22.1399,22.5455,22.4624,1,1,1,0,1,1,0,1,1,1,1,1
10/24/2025 9:30,1.4338,1.3303,0,1.1387,1.28625,1.4338,1.3303,1.1387,1.75,23.8758,2.3662,48.4563,48.4563,48.4563,23.8758,2.3662,,,,46.0901,21.5096,22.1258,22.5455,22.442,1,1,1,0,1,1,0,1,1,1,1,1
10/24/2025 9:35,1.4359,1.3234,0,1.1225,1.2792,1.4359,1.3234,1.1225,1.75,23.839,2.3608,48.4563,48.4563,48.4563,23.839,2.3608,,,,46.0955,21.4782,22.089,22.5156,22.4031,1,1,1,0,1,1,0,1,1,1,1,1
10/24/2025 9:40,1.4322,1.3209,0,1.145,1.2886,1.4322,1.3209,1.145,1.75,23.8673,2.3644,48.3875,48.3875,48.3875,23.8673,2.3644,,,,46.0231,21.5029,22.1173,22.5464,22.4351,1,1,1,0,1,1,0,1,1,1,1,1
10/24/2025 9:45,1.4338,1.32,0,1.1188,1.2763,1.4338,1.32,1.1188,1.775,23.8221,2.3626,48.55,48.55,48.55,23.8221,2.3626,,,,46.1874,21.4595,22.0471,22.5021,22.3883,1,1,1,0,1,1,0,1,1,1,1,1
10/24/2025 9:50,1.4381,1.3203,0,1.1225,1.2803,1.4381,1.3203,1.1225,1.775,23.8306,2.3517,48.3313,48.3313,48.3313,23.8306,2.3517,,,,45.9796,21.4789,22.0556,22.5103,22.3925,1,1,1,0,1,1,0,1,1,1,1,1
10/24/2025 9:55,1.4347,1.3209,0,1.1125,1.2736,1.4347,1.3209,1.1125,1.75,23.8475,2.3554,48.5188,48.5188,48.5188,23.8475,2.3554,,,,46.1634,21.4921,22.0975,22.5266,22.4128,1,1,1,0,1,1,0,1,1,1,1,1
10/24/2025 10:00,1.4369,1.32,0,1.1313,1.2841,1.4369,1.32,1.1313,1.75,23.8673,2.3572,48.625,48.625,48.625,23.8673,2.3572,,,,46.2678,21.5101,22.1173,22.5473,22.4304,1,1,1,0,1,1,0,1,1,1,1,1
10/24/2025 10:05,1.4291,1.3209,0,1.1088,1.26895,1.4291,1.3209,1.1088,1.8,23.8843,2.3572,48.425,48.425,48.425,23.8843,2.3572,,,,46.0678,21.5271,22.0843,22.5634,22.4552,1,1,1,0,1,1,0,1,1,1,1,1
10/24/2025 10:10,1.4316,1.3191,0,1.1487,1.29015,1.4316,1.3191,1.1487,1.75,23.8503,2.3517,48.3438,48.3438,48.3438,23.8503,2.3517,,,,45.9921,21.4986,22.1003,22.5312,22.4187,1,1,1,0,1,1,0,1,1,1,1,1
10/24/2025 10:15,1.435,1.3228,0,1.1125,1.27375,1.435,1.3228,1.1125,1.8,23.8617,2.3481,48.3313,48.3313,48.3313,23.8617,2.3481,,,,45.9832,21.5136,22.0617,22.5389,22.4267,1,1,1,0,1,1,0,1,1,1,1,1
10/24/2025 10:20,1.4378,1.3228,0,1.115,1.2764,1.4378,1.3228,1.115,1.75,23.8532,2.3499,48.3875,48.3875,48.3875,23.8532,2.3499,,,,46.0376,21.5033,22.1032,22.5304,22.4154,1,1,1,0,1,1,0,1,1,1,1,1
10/24/2025 10:25,1.4366,1.3225,0,1.1287,1.28265,1.4366,1.3225,1.1287,1.8,23.8645,2.3427,48.2125,48.2125,48.2125,23.8645,2.3427,,,,45.8698,21.5218,22.0645,22.542,22.4279,1,1,1,0,1,1,0,1,1,1,1,1
10/24/2025 10:30,1.4331,1.3238,0,1.1487,1.2909,1.4331,1.3238,1.1487,1.775,23.8503,2.3535,48.4375,48.4375,48.4375,23.8503,2.3535,,,,46.084,21.4968,22.0753,22.5265,22.4172,1,1,1,0,1,1,0,1,1,1,1,1
10/24/2025 10:35,1.4306,1.3231,0,1.125,1.2778,1.4306,1.3231,1.125,1.75,23.8843,2.3481,48.5,48.5,48.5,23.8843,2.3481,,,,46.1519,21.5362,22.1343,22.5612,22.4537,1,1,1,0,1,1,0,1,1,1,1,1
10/24/2025 10:40,1.4366,1.325,0,1.1463,1.29145,1.4366,1.325,1.1463,1.775,23.8419,2.3463,48.525,48.525,48.525,23.8419,2.3463,,,,46.1787,21.4956,22.0669,22.5169,22.4053,1,1,1,0,1,1,0,1,1,1,1,1
10/24/2025 10:45,1.4406,1.3234,0,1.105,1.2728,1.4406,1.3234,1.105,1.675,23.8673,2.3445,48.35,48.35,48.35,23.8673,2.3445,,,,46.0055,21.5228,22.1923,22.5439,22.4267,1,1,1,0,1,1,0,1,1,1,1,1
10/24/2025 10:50,1.4203,1.3238,0,1.1338,1.27705,1.4203,1.3238,1.1338,1.675,23.8108,2.3427,48.4375,48.4375,48.4375,23.8108,2.3427,,,,46.0948,21.4681,22.1358,22.487,22.3905,1,1,1,0,1,1,0,1,1,1,1,1
10/24/2025 10:55,1.4328,1.325,0,1.1425,1.28765,1.4328,1.325,1.1425,1.75,23.8814,2.3445,48.4813,48.4813,48.4813,23.8814,2.3445,,,,46.1368,21.5369,22.1314,22.5564,22.4486,1,1,1,0,1,1,0,1,1,1,1,1
10/24/2025 11:00,1.4359,1.3216,0,1.1338,1.28485,1.4359,1.3216,1.1338,1.675,23.873,2.3499,48.2875,48.2875,48.2875,23.873,2.3499,,,,45.9376,21.5231,22.198,22.5514,22.4371,1,1,1,0,1,1,0,1,1,1,1,1
10/24/2025 11:05,1.4372,1.3247,0,1.1138,1.2755,1.4372,1.3247,1.1138,1.675,23.8588,2.3409,48.4188,48.4188,48.4188,23.8588,2.3409,,,,46.0779,21.5179,22.1838,22.5341,22.4216,1,1,1,0,1,1,0,1,1,1,1,1
10/24/2025 11:10,1.4347,1.3241,0,1.14,1.28735,1.4347,1.3241,1.14,1.675,23.8786,2.3463,48.5438,48.5438,48.5438,23.8786,2.3463,,,,46.1975,21.5323,22.2036,22.5545,22.4439,1,1,1,0,1,1,0,1,1,1,1,1
10/24/2025 11:15,1.4303,1.3228,0,1.1188,1.27455,1.4303,1.3228,1.1188,1.65,23.8673,2.3463,48.7,48.7,48.7,23.8673,2.3463,,,,46.3537,21.521,22.2173,22.5445,22.437,1,1,1,0,1,1,0,1,1,1,1,1
10/24/2025 11:20,1.4363,1.3238,0,1.145,1.29065,1.4363,1.3238,1.145,1.725,23.8758,2.3409,48.425,48.425,48.425,23.8758,2.3409,,,,46.0841,21.5349,22.1508,22.552,22.4395,1,1,1,0,1,1,0,1,1,1,1,1
10/24/2025 11:25,1.4322,1.3234,0,1.14,1.2861,1.4322,1.3234,1.14,1.75,23.8673,2.3463,48.3938,48.3938,48.3938,23.8673,2.3463,,,,46.0475,21.521,22.1173,22.5439,22.4351,1,1,1,0,1,1,0,1,1,1,1,1
10/24/2025 11:30,1.4322,1.3234,0,1.0988,1.2655,1.4322,1.3234,1.0988,1.75,23.8532,2.3499,48.3875,48.3875,48.3875,23.8532,2.3499,,,,46.0376,21.5033,22.1032,22.5298,22.421,1,1,1,0,1,1,0,1,1,1,1,1
10/24/2025 11:35,1.4222,1.3234,0,1.1163,1.26925,1.4222,1.3234,1.1163,1.675,23.8645,2.3463,48.7188,48.7188,48.7188,23.8645,2.3463,,,,46.3725,21.5182,22.1895,22.5411,22.4423,1,1,1,0,1,1,0,1,1,1,1,1
10/24/2025 11:40,1.4259,1.3228,0,1.1213,1.2736,1.4259,1.3228,1.1213,1.675,23.8475,2.3427,48.2563,48.2563,48.2563,23.8475,2.3427,,,,45.9136,21.5048,22.1725,22.5247,22.4216,1,1,1,0,1,1,0,1,1,1,1,1
10/24/2025 11:45,1.4309,1.3247,0,1.1313,1.2811,1.4309,1.3247,1.1313,1.725,23.8673,2.3517,48.7,48.7,48.7,23.8673,2.3517,,,,46.3483,21.5156,22.1423,22.5426,22.4364,1,1,1,0,1,1,0,1,1,1,1,1
10/24/2025 11:50,1.4256,1.3247,0,1.1063,1.26595,1.4256,1.3247,1.1063,1.725,23.9012,2.3481,48.3375,48.3375,48.3375,23.9012,2.3481,,,,45.9894,21.5531,22.1762,22.5765,22.4756,1,1,1,0,1,1,0,1,1,1,1,1
10/24/2025 11:55,1.4303,1.3231,0,1.14,1.28515,1.4303,1.3231,1.14,1.675,23.8475,2.3427,48.4063,48.4063,48.4063,23.8475,2.3427,,,,46.0636,21.5048,22.1725,22.5244,22.4172,1,1,1,0,1,1,0,1,1,1,1,1
10/24/2025 12:00,1.4228,1.3256,0,1.1313,1.27705,1.4228,1.3256,1.1313,1.675,23.873,2.3517,48.2938,48.2938,48.2938,23.873,2.3517,,,,45.9421,21.5213,22.198,22.5474,22.4502,1,1,1,0,1,1,0,1,1,1,1,1
10/24/2025 12:05,1.43,1.3269,0,1.14,1.285,1.43,1.3269,1.14,1.75,23.8532,2.3409,48.1688,48.1688,48.1688,23.8532,2.3409,,,,45.8279,21.5123,22.1032,22.5263,22.4232,1,1,1,0,1,1,0,1,1,1,1,1
10/24/2025 12:10,1.4272,1.3231,0,1.1475,1.28735,1.4272,1.3231,1.1475,1.675,23.8503,2.3481,48.1813,48.1813,48.1813,23.8503,2.3481,,,,45.8332,21.5022,22.1753,22.5272,22.4231,1,1,1,0,1,1,0,1,1,1,1,1
10/24/2025 12:15,1.4253,1.3266,0,1.1125,1.2689,1.4253,1.3266,1.1125,1.675,23.8927,2.3535,48.2,48.2,48.2,23.8927,2.3535,,,,45.8465,21.5392,22.2177,22.5661,22.4674,1,1,1,0,1,1,0,1,1,1,1,1
10/24/2025 12:20,1.4263,1.3259,0,1.1425,1.2844,1.4263,1.3259,1.1425,1.75,23.8475,2.3463,48.3688,48.3688,48.3688,23.8475,2.3463,,,,46.0225,21.5012,22.0975,22.5216,22.4212,1,1,1,0,1,1,0,1,1,1,1,1
10/24/2025 12:25,1.43,1.3244,0,1.1013,1.26565,1.43,1.3244,1.1013,1.75,23.8447,2.3463,48.2063,48.2063,48.2063,23.8447,2.3463,,,,45.86,21.4984,22.0947,22.5203,22.4147,1,1,1,0,1,1,0,1,1,1,1,1
10/24/2025 12:30,1.4281,1.3269,0,1.1138,1.27095,1.4281,1.3269,1.1138,1.675,23.8503,2.3499,48.4438,48.4438,48.4438,23.8503,2.3499,,,,46.0939,21.5004,22.1753,22.5234,22.4222,1,1,1,0,1,1,0,1,1,1,1,1
10/24/2025 12:35,1.4256,1.3259,0,1.1138,1.2697,1.4256,1.3259,1.1138,1.725,23.8503,2.3517,48.25,48.25,48.25,23.8503,2.3517,,,,45.8983,21.4986,22.1253,22.5244,22.4247,1,1,1,0,1,1,0,1,1,1,1,1
10/24/2025 12:40,1.4231,1.3244,0,1.1125,1.2678,1.4231,1.3244,1.1125,1.725,23.8617,2.3481,48.2813,48.2813,48.2813,23.8617,2.3481,,,,45.9332,21.5136,22.1367,22.5373,22.4386,1,1,1,0,1,1,0,1,1,1,1,1
10/24/2025 12:45,1.4253,1.3253,0,1.1213,1.2733,1.4253,1.3253,1.1213,1.725,23.8617,2.3481,48.5125,48.5125,48.5125,23.8617,2.3481,,,,46.1644,21.5136,22.1367,22.5364,22.4364,1,1,1,0,1,1,0,1,1,1,1,1
10/24/2025 12:50,1.4278,1.3262,0,1.1075,1.26765,1.4278,1.3262,1.1075,1.675,23.856,2.3554,48.3625,48.3625,48.3625,23.856,2.3554,,,,46.0071,21.5006,22.181,22.5298,22.4282,1,1,1,0,1,1,0,1,1,1,1,1
10/24/2025 12:55,1.4272,1.3253,0,1.125,1.2761,1.4272,1.3253,1.125,1.675,23.8503,2.3608,48.325,48.325,48.325,23.8503,2.3608,,,,45.9642,21.4895,22.1753,22.525,22.4231,1,1,1,0,1,1,0,1,1,1,1,1
10/24/2025 13:00,1.4275,1.3275,0,1.1225,1.275,1.4275,1.3275,1.1225,1.775,23.8362,2.3499,48.2313,48.2313,48.2313,23.8362,2.3499,,,,45.8814,21.4863,22.0612,22.5087,22.4087,1,1,1,0,1,1,0,1,1,1,1,1
10/24/2025 13:05,1.4263,1.3272,0,1.1387,1.2825,1.4263,1.3272,1.1387,1.75,23.8277,2.3535,48.4563,48.4563,48.4563,23.8277,2.3535,,,,46.1028,21.4742,22.0777,22.5005,22.4014,1,1,1,0,1,1,0,1,1,1,1,1
10/24/2025 13:10,1.4269,1.3253,0,1.115,1.27095,1.4269,1.3253,1.115,1.675,23.8645,2.3481,48.4375,48.4375,48.4375,23.8645,2.3481,,,,46.0894,21.5164,22.1895,22.5392,22.4376,1,1,1,0,1,1,0,1,1,1,1,1
10/24/2025 13:15,1.4281,1.3256,0,1.1575,1.2928,1.4281,1.3256,1.1575,1.725,23.8447,2.3554,48.5563,48.5563,48.5563,23.8447,2.3554,,,,46.2009,21.4893,22.1197,22.5191,22.4166,1,1,1,0,1,1,0,1,1,1,1,1
10/24/2025 13:20,1.4244,1.3259,0,1.1125,1.26845,1.4244,1.3259,1.1125,1.75,23.8306,2.3481,48.1938,48.1938,48.1938,23.8306,2.3481,,,,45.8457,21.4825,22.0806,22.5047,22.4062,1,1,1,0,1,1,0,1,1,1,1,1
10/24/2025 13:25,1.4253,1.3262,0,1.1375,1.2814,1.4253,1.3262,1.1375,1.725,23.7966,2.3499,48.425,48.425,48.425,23.7966,2.3499,,,,46.0751,21.4467,22.0716,22.4704,22.3713,1,1,1,0,1,1,0,1,1,1,1,1
10/24/2025 13:30,1.4259,1.3281,0,1.1125,1.2692,1.4259,1.3281,1.1125,1.85,23.8108,2.3554,48.275,48.275,48.275,23.8108,2.3554,,,,45.9196,21.4554,21.9608,22.4827,22.3849,1,1,1,0,1,1,0,1,1,1,1,1
10/24/2025 13:35,1.4216,1.3288,0,1.1138,1.2677,1.4216,1.3288,1.1138,1.725,23.8617,2.3572,48.4125,48.4125,48.4125,23.8617,2.3572,,,,46.0553,21.5045,22.1367,22.5329,22.4401,1,1,1,0,1,1,0,1,1,1,1,1
10/24/2025 13:40,1.4259,1.3275,0,1.135,1.28045,1.4259,1.3275,1.135,1.75,23.8814,2.359,48.3563,48.3563,48.3563,23.8814,2.359,,,,45.9973,21.5224,22.1314,22.5539,22.4555,1,1,1,0,1,1,0,1,1,1,1,1
10/24/2025 13:45,1.4194,1.3278,0,1.1263,1.27285,1.4194,1.3278,1.1263,1.775,23.8786,2.359,48.4313,48.4313,48.4313,23.8786,2.359,,,,46.0723,21.5196,22.1036,22.5508,22.4592,1,1,1,0,1,1,0,1,1,1,1,1
10/24/2025 13:50,1.4244,1.3262,0,1.1325,1.27845,1.4244,1.3262,1.1325,1.775,23.8503,2.3608,48.4438,48.4438,48.4438,23.8503,2.3608,,,,46.083,21.4895,22.0753,22.5241,22.4259,1,1,1,0,1,1,0,1,1,1,1,1
10/24/2025 13:55,1.4263,1.3281,0,1.135,1.28065,1.4263,1.3281,1.135,1.775,23.856,2.3608,48.2625,48.2625,48.2625,23.856,2.3608,,,,45.9017,21.4952,22.081,22.5279,22.4297,1,1,1,0,1,1,0,1,1,1,1,1
10/24/2025 14:00,1.4275,1.3278,0,1.1375,1.2825,1.4275,1.3278,1.1375,1.775,23.8475,2.3554,48.5,48.5,48.5,23.8475,2.3554,,,,46.1446,21.4921,22.0725,22.5197,22.42,1,1,1,0,1,1,0,1,1,1,1,1
10/24/2025 14:05,1.4253,1.3259,0,1.1513,1.2883,1.4253,1.3259,1.1513,1.725,23.8871,2.3608,48.475,48.475,48.475,23.8871,2.3608,,,,46.1142,21.5263,22.1621,22.5612,22.4618,1,1,1,0,1,1,0,1,1,1,1,1
10/24/2025 14:10,1.4231,1.3288,0,1.1138,1.26845,1.4231,1.3288,1.1138,1.725,23.8475,2.3644,48.3875,48.3875,48.3875,23.8475,2.3644,,,,46.0231,21.4831,22.1225,22.5187,22.4244,1,1,1,0,1,1,0,1,1,1,1,1
10/24/2025 14:15,1.425,1.3288,0,1.0962,1.2606,1.425,1.3288,1.0962,1.725,23.8306,2.3662,48.4938,48.4938,48.4938,23.8306,2.3662,,,,46.1276,21.4644,22.1056,22.5018,22.4056,1,1,1,0,1,1,0,1,1,1,1,1
10/24/2025 14:20,1.4288,1.3303,0,1.1075,1.26815,1.4288,1.3303,1.1075,1.75,23.8701,2.3626,48.3125,48.3125,48.3125,23.8701,2.3626,,,,45.9499,21.5075,22.1201,22.5398,22.4413,1,1,1,0,1,1,0,1,1,1,1,1
10/24/2025 14:25,1.4306,1.3297,0,1.0862,1.2584,1.4306,1.3297,1.0862,1.675,23.8277,2.3644,48.4063,48.4063,48.4063,23.8277,2.3644,,,,46.0419,21.4633,22.1527,22.498,22.3971,1,1,1,0,1,1,0,1,1,1,1,1
10/24/2025 14:30,1.4256,1.3278,0,1.0888,1.2572,1.4256,1.3278,1.0888,1.725,23.8701,2.3644,48.6063,48.6063,48.6063,23.8701,2.3644,,,,46.2419,21.5057,22.1451,22.5423,22.4445,1,1,1,0,1,1,0,1,1,1,1,1
10/24/2025 14:35,1.4275,1.3288,0,1.0725,1.25,1.4275,1.3288,1.0725,1.75,23.8871,2.3626,48.3063,48.3063,48.3063,23.8871,2.3626,,,,45.9437,21.5245,22.1371,22.5583,22.4596,1,1,1,0,1,1,0,1,1,1,1,1
10/24/2025 14:40,1.4272,1.3303,0,1.0938,1.2605,1.4272,1.3303,1.0938,1.675,23.8588,2.3626,48.4938,48.4938,48.4938,23.8588,2.3626,,,,46.1312,21.4962,22.1838,22.5285,22.4316,1,1,1,0,1,1,0,1,1,1,1,1
10/24/2025 14:45,1.4256,1.3309,0,1.115,1.2703,1.4256,1.3309,1.115,1.675,23.8758,2.3572,48.05,48.05,48.05,23.8758,2.3572,,,,45.6928,21.5186,22.2008,22.5449,22.4502,1,1,1,0,1,1,0,1,1,1,1,1
10/24/2025 14:50,1.435,1.3288,0,1.1513,1.29315,1.435,1.3288,1.1513,1.725,23.8503,2.3608,48.3375,48.3375,48.3375,23.8503,2.3608,,,,45.9767,21.4895,22.1253,22.5215,22.4153,1,1,1,0,1,1,0,1,1,1,1,1
10/24/2025 14:55,1.4344,1.3294,0,1.1263,1.28035,1.4344,1.3294,1.1263,1.775,23.8814,2.3626,48.7438,48.7438,48.7438,23.8814,2.3626,,,,46.3812,21.5188,22.1064,22.552,22.447,1,1,1,0,1,1,0,1,1,1,1,1
10/24/2025 15:00,1.4344,1.33,0,1.1275,1.28095,1.4344,1.33,1.1275,1.8,23.8503,2.3608,48.275,48.275,48.275,23.8503,2.3608,,,,45.9142,21.4895,22.0503,22.5203,22.4159,1,1,1,0,1,1,0,1,1,1,1,1
10/24/2025 15:05,1.4306,1.3294,0,1.0938,1.2622,1.4306,1.3294,1.0938,1.8,23.8673,2.3626,48.4063,48.4063,48.4063,23.8673,2.3626,,,,46.0437,21.5047,22.0673,22.5379,22.4367,1,1,1,0,1,1,0,1,1,1,1,1
10/24/2025 15:10,1.4338,1.3288,0,1.1188,1.2763,1.4338,1.3288,1.1188,1.775,23.8617,2.359,48.6,48.6,48.6,23.8617,2.359,,,,46.241,21.5027,22.0867,22.5329,22.4279,1,1,1,0,1,1,0,1,1,1,1,1
10/24/2025 15:15,1.4325,1.3272,0,1.1263,1.2794,1.4325,1.3272,1.1263,1.8,23.8673,2.3644,48.3375,48.3375,48.3375,23.8673,2.3644,,,,45.9731,21.5029,22.0673,22.5401,22.4348,1,1,1,0,1,1,0,1,1,1,1,1
10/24/2025 15:20,1.4328,1.3297,0,1.1163,1.27455,1.4328,1.3297,1.1163,1.775,23.8447,2.3626,48.4688,48.4688,48.4688,23.8447,2.3626,,,,46.1062,21.4821,22.0697,22.515,22.4119,1,1,1,0,1,1,0,1,1,1,1,1
10/24/2025 15:25,1.4391,1.3297,0,1.135,1.28705,1.4391,1.3297,1.135,1.9,23.8645,2.3572,48.5813,48.5813,48.5813,23.8645,2.3572,,,,46.2241,21.5073,21.9645,22.5348,22.4254,1,1,1,0,1,1,0,1,1,1,1,1
10/24/2025 15:30,1.4394,1.3275,0,1.1413,1.29035,1.4394,1.3275,1.1413,1.75,23.8814,2.3626,48.5,48.5,48.5,23.8814,2.3626,,,,46.1374,21.5188,22.1314,22.5539,22.442,1,1,1,0,1,1,0,1,1,1,1,1
10/24/2025 15:35,1.4341,1.3303,0,1.1613,1.2977,1.4341,1.3303,1.1613,1.8,23.8843,2.368,48.5188,48.5188,48.5188,23.8843,2.368,,,,46.1508,21.5163,22.0843,22.554,22.4502,1,1,1,0,1,1,0,1,1,1,1,1
10/24/2025 15:40,1.4378,1.3294,0,1.1413,1.28955,1.4378,1.3294,1.1413,1.775,23.8645,2.3734,48.5813,48.5813,48.5813,23.8645,2.3734,,,,46.2079,21.4911,22.0895,22.5351,22.4267,1,1,1,0,1,1,0,1,1,1,1,1
10/24/2025 15:45,1.4353,1.3278,0,1.1475,1.2914,1.4353,1.3278,1.1475,1.8,23.873,2.3698,48.6375,48.6375,48.6375,23.873,2.3698,,,,46.2677,21.5032,22.073,22.5452,22.4377,1,1,1,0,1,1,0,1,1,1,1,1
10/24/2025 15:50,1.4397,1.33,0,1.1513,1.2955,1.4397,1.33,1.1513,1.75,23.856,2.3662,48.65,48.65,48.65,23.856,2.3662,,,,46.2838,21.4898,22.106,22.526,22.4163,1,1,1,0,1,1,0,1,1,1,1,1
10/24/2025 15:55,1.4288,1.33,0,1.105,1.2669,1.4288,1.33,1.105,1.775,23.839,2.3626,48.4375,48.4375,48.4375,23.839,2.3626,,,,46.0749,21.4764,22.064,22.509,22.4102,1,1,1,0,1,1,0,1,1,1,1,1
10/24/2025 16:00,1.435,1.3303,0,1.155,1.295,1.435,1.3303,1.155,1.775,23.8645,2.3644,48.6688,48.6688,48.6688,23.8645,2.3644,,,,46.3044,21.5001,22.0895,22.5342,22.4295,1,1,1,0,1,1,0,1,1,1,1,1
10/24/2025 16:05,1.4319,1.3303,0,1.1225,1.2772,1.4319,1.3303,1.1225,1.75,23.8673,2.3698,48.3938,48.3938,48.3938,23.8673,2.3698,,,,46.024,21.4975,22.1173,22.537,22.4354,1,1,1,0,1,1,0,1,1,1,1,1
10/24/2025 16:10,1.4331,1.3313,0,1.1487,1.2909,1.4331,1.3313,1.1487,1.775,23.8532,2.3662,48.425,48.425,48.425,23.8532,2.3662,,,,46.0588,21.487,22.0782,22.5219,22.4201,1,1,1,0,1,1,0,1,1,1,1,1
10/24/2025 16:15,1.4316,1.3303,0,1.1213,1.27645,1.4316,1.3303,1.1213,1.675,23.8645,2.3626,48.4438,48.4438,48.4438,23.8645,2.3626,,,,46.0812,21.5019,22.1895,22.5342,22.4329,1,1,1,0,1,1,0,1,1,1,1,1
10/24/2025 16:20,1.4341,1.3281,0,1.1313,1.2827,1.4341,1.3281,1.1313,1.725,23.8475,2.3716,48.8313,48.8313,48.8313,23.8475,2.3716,,,,46.4597,21.4759,22.1225,22.5194,22.4134,1,1,1,0,1,1,0,1,1,1,1,1
10/24/2025 16:25,1.4288,1.3291,0,1.155,1.2919,1.4288,1.3291,1.155,1.675,23.8927,2.3644,48.175,48.175,48.175,23.8927,2.3644,,,,45.8106,21.5283,22.2177,22.5636,22.4639,1,1,1,0,1,1,0,1,1,1,1,1
10/24/2025 16:30,1.4259,1.3284,0,1.1538,1.28985,1.4259,1.3284,1.1538,1.675,23.8871,2.3644,48.4375,48.4375,48.4375,23.8871,2.3644,,,,46.0731,21.5227,22.2121,22.5587,22.4612,1,1,1,0,1,1,0,1,1,1,1,1
10/24/2025 16:35,1.4322,1.3313,0,1.1287,1.28045,1.4322,1.3313,1.1287,1.675,23.8503,2.3626,48.225,48.225,48.225,23.8503,2.3626,,,,45.8624,21.4877,22.1753,22.519,22.4181,1,1,1,0,1,1,0,1,1,1,1,1
10/24/2025 16:40,1.4259,1.3294,0,1.1163,1.2711,1.4259,1.3294,1.1163,1.675,23.856,2.3608,48.4875,48.4875,48.4875,23.856,2.3608,,,,46.1267,21.4952,22.181,22.5266,22.4301,1,1,1,0,1,1,0,1,1,1,1,1
10/24/2025 16:45,1.4244,1.3303,0,1.1487,1.28655,1.4244,1.3303,1.1487,1.75,23.8645,2.3716,48.3188,48.3188,48.3188,23.8645,2.3716,,,,45.9472,21.4929,22.1145,22.5342,22.4401,1,1,1,0,1,1,0,1,1,1,1,1
10/24/2025 16:50,1.4275,1.33,0,1.1088,1.26815,1.4275,1.33,1.1088,1.75,23.8645,2.3644,48.3375,48.3375,48.3375,23.8645,2.3644,,,,45.9731,21.5001,22.1145,22.5345,22.437,1,1,1,0,1,1,0,1,1,1,1,1
10/24/2025 16:55,1.4275,1.3284,0,1.1387,1.2831,1.4275,1.3284,1.1387,1.725,23.873,2.3662,48.1125,48.1125,48.1125,23.873,2.3662,,,,45.7463,21.5068,22.148,22.5446,22.4455,1,1,1,0,1,1,0,1,1,1,1,1
10/24/2025 17:00,1.4225,1.3313,0,1.0962,1.25935,1.4225,1.3313,1.0962,1.75,23.8617,2.359,48.1688,48.1688,48.1688,23.8617,2.359,,,,45.8098,21.5027,22.1117,22.5304,22.4392,1,1,1,0,1,1,0,1,1,1,1,1
10/24/2025 17:05,1.4216,1.3281,0,1.1213,1.27145,1.4216,1.3281,1.1213,1.725,23.839,2.3662,48.575,48.575,48.575,23.839,2.3662,,,,46.2088,21.4728,22.114,22.5109,22.4174,1,1,1,0,1,1,0,1,1,1,1,1
10/24/2025 17:10,1.4216,1.3281,0,1.1138,1.2677,1.4216,1.3281,1.1138,1.75,23.873,2.368,48.3563,48.3563,48.3563,23.873,2.368,,,,45.9883,21.505,22.123,22.5449,22.4514,1,1,1,0,1,1,0,1,1,1,1,1
10/24/2025 17:15,1.4297,1.3297,0,1.125,1.27735,1.4297,1.3297,1.125,1.725,23.856,2.368,48.5188,48.5188,48.5188,23.856,2.368,,,,46.1508,21.488,22.131,22.5263,22.4263,1,1,1,0,1,1,0,1,1,1,1,1
10/24/2025 17:20,1.425,1.3297,0,1.1387,1.28185,1.425,1.3297,1.1387,1.725,23.8701,2.3626,48.3813,48.3813,48.3813,23.8701,2.3626,,,,46.0187,21.5075,22.1451,22.5404,22.4451,1,1,1,0,1,1,0,1,1,1,1,1
10/24/2025 17:25,1.4269,1.3306,0,1.105,1.26595,1.4269,1.3306,1.105,1.8,23.8673,2.3662,48.5438,48.5438,48.5438,23.8673,2.3662,,,,46.1776,21.5011,22.0673,22.5367,22.4404,1,1,1,0,1,1,0,1,1,1,1,1
10/24/2025 17:30,1.4294,1.3291,0,1.1325,1.28095,1.4294,1.3291,1.1325,1.725,23.856,2.368,48.5688,48.5688,48.3188,23.856,2.368,,,,46.2008,21.488,22.131,22.5269,22.4266,1,1,1,0,1,1,0,1,1,1,1,1
10/24/2025 17:35,1.4228,1.3284,0,1.1188,1.2708,1.4228,1.3284,1.1188,1.725,23.8843,2.3662,48.4375,48.4375,48.0125,23.8843,2.3662,,,,46.0713,21.5181,22.1593,22.5559,22.4615,1,1,1,0,1,1,0,1,1,1,1,1
10/24/2025 17:40,1.4231,1.3303,0,1.0888,1.25595,1.4231,1.3303,1.0888,1.775,23.8673,2.3734,48.3375,48.3375,48.2125,23.8673,2.3734,,,,45.9641,21.4939,22.0923,22.537,22.4442,1,1,1,0,1,1,0,1,1,1,1,1
10/24/2025 17:45,1.4297,1.33,0,1.1387,1.2842,1.4297,1.33,1.1387,1.725,23.8617,2.3662,48.4,48.4,48.1,23.8617,2.3662,,,,46.0338,21.4955,22.1367,22.5317,22.432,1,1,1,0,1,1,0,1,1,1,1,1
10/24/2025 17:50,1.4197,1.3303,0,1.1088,1.26425,1.4197,1.3303,1.1088,1.725,23.9012,2.368,48.2313,48.2313,48.2313,23.9012,2.368,,,,45.8633,21.5332,22.1762,22.5709,22.4815,1,1,1,0,1,1,0,1,1,1,1,1
10/24/2025 17:55,1.4306,1.3306,0,1.1188,1.2747,1.4306,1.3306,1.1188,1.775,23.8447,2.368,48.5375,48.5375,48.5375,23.8447,2.368,,,,46.1695,21.4767,22.0697,22.5141,22.4141,1,1,1,0,1,1,0,1,1,1,1,1
10/24/2025 18:00,1.425,1.33,0,1.1188,1.2719,1.425,1.33,1.1188,1.725,23.8871,2.3662,48.425,48.425,48.425,23.8871,2.3662,,,,46.0588,21.5209,22.1621,22.5571,22.4621,1,1,1,0,1,1,0,1,1,1,1,1
10/24/2025 18:05,1.4225,1.3291,0,1.1063,1.2644,1.4225,1.3291,1.1063,1.75,23.8192,2.3554,48.4125,48.4125,48.4125,23.8192,2.3554,,,,46.0571,21.4638,22.0692,22.4901,22.3967,1,1,1,0,1,1,0,1,1,1,1,1
10/24/2025 18:10,1.4278,1.3309,0,1.1313,1.27955,1.4278,1.3309,1.1313,1.725,23.8277,2.359,48.2,48.2,48.2,23.8277,2.359,,,,45.841,21.4687,22.1027,22.4968,22.3999,1,1,1,0,1,1,0,1,1,1,1,1
10/24/2025 18:15,1.4316,1.3291,0,1.0988,1.2652,1.4316,1.3291,1.0988,1.725,23.8532,2.3698,48.35,48.35,48.35,23.8532,2.3698,,,,45.9802,21.4834,22.1282,22.5241,22.4216,1,1,1,0,1,1,0,1,1,1,1,1
10/24/2025 18:20,1.4184,1.3306,0,1.145,1.2817,1.4184,1.3306,1.145,1.725,23.8277,2.3572,48.3063,48.3063,48.3063,23.8277,2.3572,,,,45.9491,21.4705,22.1027,22.4971,22.4093,1,1,1,0,1,1,0,1,1,1,1,1
10/24/2025 18:25,1.4259,1.3291,0,1.135,1.28045,1.4259,1.3291,1.135,1.725,23.8645,2.3626,48.3813,48.3188,48.3813,23.8645,2.3626,,,,45.9562,21.5019,22.1395,22.5354,22.4386,1,1,1,0,1,1,0,1,1,1,1,1
10/24/2025 18:30,1.4203,1.33,0,1.09,1.25515,1.4203,1.33,1.09,1.725,23.8475,2.368,48.35,48.0125,48.35,23.8475,2.368,,,,45.6445,21.4795,22.1225,22.5175,22.4272,1,1,1,0,1,1,0,1,1,1,1,1
10/24/2025 18:35,1.4291,1.3291,0,1.1463,1.2877,1.4291,1.3291,1.1463,1.775,23.8617,2.3644,48.3063,48.2125,48.3063,23.8617,2.3644,,,,45.8481,21.4973,22.0867,22.5326,22.4326,1,1,1,0,1,1,0,1,1,1,1,1
10/24/2025 18:40,1.4266,1.3306,0,1.1338,1.2802,1.4266,1.3306,1.1338,1.725,23.8645,2.359,48.4,48.1,48.4,23.8645,2.359,,,,45.741,21.5055,22.1395,22.5339,22.4379,1,1,1,0,1,1,0,1,1,1,1,1
10/24/2025 18:45,1.4325,1.3288,0,1.1125,1.2725,1.4325,1.3288,1.1125,1.725,23.8334,2.359,48.1125,48.1125,48.1125,23.8334,2.359,,,,45.7535,21.4744,22.1084,22.5046,22.4009,1,1,1,0,1,1,0,1,1,1,1,1
10/24/2025 18:50,1.4181,1.3291,0,1.1075,1.2628,1.4181,1.3291,1.1075,1.775,23.856,2.3572,48.3563,48.3563,48.3563,23.856,2.3572,,,,45.9991,21.4988,22.081,22.5269,22.4379,1,1,1,0,1,1,0,1,1,1,1,1
10/24/2025 18:55,1.4231,1.3297,0,1.135,1.27905,1.4231,1.3297,1.135,1.75,23.8306,2.359,48.3313,48.3313,48.3313,23.8306,2.359,,,,45.9723,21.4716,22.0806,22.5009,22.4075,1,1,1,0,1,1,0,1,1,1,1,1
10/24/2025 19:00,1.4231,1.3288,0,1.1225,1.2728,1.4231,1.3288,1.1225,1.75,23.8306,2.359,48.2938,48.2938,48.2938,23.8306,2.359,,,,45.9348,21.4716,22.0806,22.5018,22.4075,1,1,1,0,1,1,0,1,1,1,1,1
10/24/2025 19:05,1.4266,1.3281,0,1.1138,1.2702,1.4266,1.3281,1.1138,1.775,23.8419,2.3626,48.2313,48.2313,48.2313,23.8419,2.3626,,,,45.8687,21.4793,22.0669,22.5138,22.4153,1,1,1,0,1,1,0,1,1,1,1,1
10/24/2025 19:10,1.4303,1.33,0,1.1387,1.2845,1.4303,1.33,1.1387,1.775,23.8588,2.368,48.2625,48.2625,48.2625,23.8588,2.368,,,,45.8945,21.4908,22.0838,22.5288,22.4285,1,1,1,0,1,1,0,1,1,1,1,1
10/24/2025 19:15,1.4266,1.3275,0,1.095,1.2608,1.4266,1.3275,1.095,1.775,23.856,2.3662,48.2375,48.2375,48.2375,23.856,2.3662,,,,45.8713,21.4898,22.081,22.5285,22.4294,1,1,1,0,1,1,0,1,1,1,1,1
10/24/2025 19:20,1.4275,1.3306,0,1.1138,1.27065,1.4275,1.3306,1.1138,1.775,23.8503,2.368,48.2688,48.2688,48.2688,23.8503,2.368,,,,45.9008,21.4823,22.0753,22.5197,22.4228,1,1,1,0,1,1,0,1,1,1,1,1
10/24/2025 19:25,1.4313,1.3288,0,1.1188,1.27505,1.4313,1.3288,1.1188,1.775,23.8617,2.3698,48.4,48.4,48.4,23.8617,2.3698,,,,46.0302,21.4919,22.0867,22.5329,22.4304,1,1,1,0,1,1,0,1,1,1,1,1
10/24/2025 19:30,1.4275,1.3272,0,1.14,1.28375,1.4275,1.3272,1.14,1.725,23.8645,2.3608,48.2063,48.2063,48.2063,23.8645,2.3608,,,,45.8455,21.5037,22.1395,22.5373,22.437,1,1,1,0,1,1,0,1,1,1,1,1
10/24/2025 19:35,1.4222,1.3266,0,1.095,1.2586,1.4222,1.3266,1.095,1.775,23.8277,2.3644,48.275,48.275,48.275,23.8277,2.3644,,,,45.9106,21.4633,22.0527,22.5011,22.4055,1,1,1,0,1,1,0,1,1,1,1,1
10/24/2025 19:40,1.4275,1.33,0,1.1313,1.2794,1.4275,1.33,1.1313,1.75,23.8758,2.3644,48.35,48.35,48.35,23.8758,2.3644,,,,45.9856,21.5114,22.1258,22.5458,22.4483,1,1,1,0,1,1,0,1,1,1,1,1
10/24/2025 19:45,1.4316,1.3272,0,1.0938,1.2627,1.4316,1.3272,1.0938,1.775,23.8334,2.3608,48.475,48.475,48.475,23.8334,2.3608,,,,46.1142,21.4726,22.0584,22.5062,22.4018,1,1,1,0,1,1,0,1,1,1,1,1
10/24/2025 19:50,1.4278,1.3303,0,1.1025,1.26515,1.4278,1.3303,1.1025,1.725,23.8588,2.359,48.0875,48.0875,48.0875,23.8588,2.359,,,,45.7285,21.4998,22.1338,22.5285,22.431,1,1,1,0,1,1,0,1,1,1,1,1
10/24/2025 19:55,1.4275,1.3288,0,1.1263,1.2769,1.4275,1.3288,1.1263,1.85,23.8334,2.3608,48.4625,48.4625,48.4625,23.8334,2.3608,,,,46.1017,21.4726,21.9834,22.5046,22.4059,1,1,1,0,1,1,0,1,1,1,1,1
10/24/2025 20:00,1.4234,1.3284,0,1.1475,1.28545,1.4234,1.3284,1.1475,1.775,23.8334,2.359,48.3188,48.3188,48.3188,23.8334,2.359,,,,45.9598,21.4744,22.0584,22.505,22.41,1,1,1,0,1,1,0,1,1,1,1,1
10/24/2025 20:05,1.4263,1.3291,0,1.105,1.26565,1.4263,1.3291,1.105,1.85,23.8701,2.3608,48.3188,48.3188,48.3188,23.8701,2.3608,,,,45.958,21.5093,22.0201,22.541,22.4438,1,1,1,0,1,1,0,1,1,1,1,1
10/24/2025 20:10,1.4244,1.3281,0,1.1275,1.27595,1.4244,1.3281,1.1275,1.8,23.8503,2.3608,48.3625,48.3625,48.3625,23.8503,2.3608,,,,46.0017,21.4895,22.0503,22.5222,22.4259,1,1,1,0,1,1,0,1,1,1,1,1
10/24/2025 20:15,1.4306,1.3297,0,1.145,1.2878,1.4306,1.3297,1.145,1.725,23.8447,2.359,48.225,48.225,48.225,23.8447,2.359,,,,45.866,21.4857,22.1197,22.515,22.4141,1,1,1,0,1,1,0,1,1,1,1,1
10/24/2025 20:20,1.4363,1.3269,0,1.1163,1.2763,1.4363,1.3269,1.1163,1.775,23.8475,2.3626,48.5188,48.5188,48.5188,23.8475,2.3626,,,,46.1562,21.4849,22.0725,22.5206,22.4112,1,1,1,0,1,1,0,1,1,1,1,1
10/24/2025 20:25,1.4303,1.3281,0,1.1125,1.2714,1.4303,1.3281,1.1125,1.8,23.8503,2.3572,48.475,48.475,48.475,23.8503,2.3572,,,,46.1178,21.4931,22.0503,22.5222,22.42,1,1,1,0,1,1,0,1,1,1,1,1
10/24/2025 20:30,1.4284,1.3284,0,1.1075,1.26795,1.4284,1.3284,1.1075,1.725,23.8362,2.359,48.2688,48.2688,48.2688,23.8362,2.359,,,,45.9098,21.4772,22.1112,22.5078,22.4078,1,1,1,0,1,1,0,1,1,1,1,1
10/24/2025 20:35,1.4234,1.3291,0,1.1263,1.27485,1.4234,1.3291,1.1263,1.725,23.8306,2.3572,48.325,48.325,48.325,23.8306,2.3572,,,,45.9678,21.4734,22.1056,22.5015,22.4072,1,1,1,0,1,1,0,1,1,1,1,1
10/24/2025 20:40,1.4275,1.3288,0,1.1413,1.2844,1.4275,1.3288,1.1413,1.725,23.856,2.3608,48.5438,48.5438,48.5438,23.856,2.3608,,,,46.183,21.4952,22.131,22.5272,22.4285,1,1,1,0,1,1,0,1,1,1,1,1
10/24/2025 20:45,1.4288,1.3284,0,1.1188,1.2738,1.4288,1.3284,1.1188,1.85,23.8588,2.359,48.3563,48.3563,48.3563,23.8588,2.359,,,,45.9973,21.4998,22.0088,22.5304,22.43,1,1,1,0,1,1,0,1,1,1,1,1
10/24/2025 20:50,1.4272,1.3284,0,1.1263,1.27675,1.4272,1.3284,1.1263,1.75,23.856,2.3608,48.1625,48.1625,48.1625,23.856,2.3608,,,,45.8017,21.4952,22.106,22.5276,22.4288,1,1,1,0,1,1,0,1,1,1,1,1
10/24/2025 20:55,1.4341,1.3262,0,1.1313,1.2827,1.4341,1.3262,1.1313,1.725,23.8419,2.3572,48.4938,48.4938,48.4938,23.8419,2.3572,,,,46.1366,21.4847,22.1169,22.5157,22.4078,1,1,1,0,1,1,0,1,1,1,1,1
10/24/2025 21:00,1.4241,1.3288,0,1.1088,1.26645,1.4241,1.3288,1.1088,1.725,23.8023,2.3626,48.4313,48.4313,48.4313,23.8023,2.3626,,,,46.0687,21.4397,22.0773,22.4735,22.3782,1,1,1,0,1,1,0,1,1,1,1,1
10/24/2025 21:05,1.4206,1.3284,0,1.0862,1.2534,1.4206,1.3284,1.0862,1.725,23.8362,2.3626,48.0313,48.0313,48.0313,23.8362,2.3626,,,,45.6687,21.4736,22.1112,22.5078,22.4156,1,1,1,0,1,1,0,1,1,1,1,1
10/24/2025 21:10,1.4259,1.3291,0,1.1287,1.2773,1.4259,1.3291,1.1287,1.725,23.8588,2.3554,48.2313,48.2313,48.2313,23.8588,2.3554,,,,45.8759,21.5034,22.1338,22.5297,22.4329,1,1,1,0,1,1,0,1,1,1,1,1
10/24/2025 21:15,1.4234,1.3259,0,1.1138,1.2686,1.4234,1.3259,1.1138,1.725,23.8249,2.3644,48.6375,48.6375,48.6375,23.8249,2.3644,,,,46.2731,21.4605,22.0999,22.499,22.4015,1,1,1,0,1,1,0,1,1,1,1,1
10/24/2025 21:20,1.4272,1.3281,0,1.09,1.2586,1.4272,1.3281,1.09,1.75,23.8503,2.3608,48.4813,48.4813,48.4813,23.8503,2.3608,,,,46.1205,21.4895,22.1003,22.5222,22.4231,1,1,1,0,1,1,0,1,1,1,1,1
10/24/2025 21:25,1.4313,1.3278,0,1.1125,1.2719,1.4313,1.3278,1.1125,1.725,23.8306,2.3626,48.5063,48.5063,48.5063,23.8306,2.3626,,,,46.1437,21.468,22.1056,22.5028,22.3993,1,1,1,0,1,1,0,1,1,1,1,1
10/24/2025 21:30,1.425,1.3303,0,1.1213,1.27315,1.425,1.3303,1.1213,1.725,23.8192,2.359,48.2188,48.2188,48.2188,23.8192,2.359,,,,45.8598,21.4602,22.0942,22.4889,22.3942,1,1,1,0,1,1,0,1,1,1,1,1
10/24/2025 21:35,1.4353,1.3278,0,1.1413,1.2883,1.4353,1.3278,1.1413,1.775,23.8419,2.3517,48.1813,48.1813,48.1813,23.8419,2.3517,,,,45.8296,21.4902,22.0669,22.5141,22.4066,1,1,1,0,1,1,0,1,1,1,1,1
10/24/2025 21:40,1.4356,1.3284,0,1.1313,1.28345,1.4356,1.3284,1.1313,1.725,23.856,2.359,48.5125,48.5125,48.5125,23.856,2.359,,,,46.1535,21.497,22.131,22.5276,22.4204,1,1,1,0,1,1,0,1,1,1,1,1
10/24/2025 21:45,1.4309,1.3281,0,1.105,1.26795,1.4309,1.3281,1.105,1.75,23.8475,2.3608,48.65,48.65,48.65,23.8475,2.3608,,,,46.2892,21.4867,22.0975,22.5194,22.4166,1,1,1,0,1,1,0,1,1,1,1,1
10/24/2025 21:50,1.4303,1.3269,0,1.0988,1.26455,1.4303,1.3269,1.0988,1.725,23.8645,2.3626,48.425,48.425,48.425,23.8645,2.3626,,,,46.0624,21.5019,22.1395,22.5376,22.4342,1,1,1,0,1,1,0,1,1,1,1,1
10/24/2025 21:55,1.4231,1.3284,0,1.12,1.27155,1.4231,1.3284,1.12,1.75,23.8588,2.3644,48.575,48.575,48.575,23.8588,2.3644,,,,46.2106,21.4944,22.1088,22.5304,22.4357,1,1,1,0,1,1,0,1,1,1,1,1
10/24/2025 22:00,1.4269,1.3259,0,1.1138,1.27035,1.4269,1.3259,1.1138,1.725,23.839,2.3608,48.3813,48.3813,48.3813,23.839,2.3608,,,,46.0205,21.4782,22.114,22.5131,22.4121,1,1,1,0,1,1,0,1,1,1,1,1
10/24/2025 22:05,1.42,1.3275,0,1.1513,1.28565,1.42,1.3275,1.1513,1.75,23.8645,2.3517,48.2875,48.2875,48.2875,23.8645,2.3517,,,,45.9358,21.5128,22.1145,22.537,22.4445,1,1,1,0,1,1,0,1,1,1,1,1
10/24/2025 22:10,1.4309,1.3297,0,1.1313,1.2811,1.4309,1.3297,1.1313,1.725,23.8503,2.3572,48.2563,48.2563,48.2563,23.8503,2.3572,,,,45.8991,21.4931,22.1253,22.5206,22.4194,1,1,1,0,1,1,0,1,1,1,1,1
10/24/2025 22:15,1.4253,1.3272,0,1.135,1.28015,1.4253,1.3272,1.135,1.725,23.8419,2.359,48.1938,48.1938,48.1938,23.8419,2.359,,,,45.8348,21.4829,22.1169,22.5147,22.4166,1,1,1,0,1,1,0,1,1,1,1,1
10/24/2025 22:20,1.4278,1.3278,0,1.135,1.2814,1.4278,1.3278,1.135,1.725,23.8843,2.3572,48.5313,48.5313,48.5313,23.8843,2.3572,,,,46.1741,21.5271,22.1593,22.5565,22.4565,1,1,1,0,1,1,0,1,1,1,1,1
10/24/2025 22:25,1.4341,1.3288,0,1.125,1.27955,1.4341,1.3288,1.125,1.725,23.8221,2.3535,48.2813,48.2813,48.2813,23.8221,2.3535,,,,45.9278,21.4686,22.0971,22.4933,22.388,1,1,1,0,1,1,0,1,1,1,1,1
10/24/2025 22:30,1.4306,1.3278,0,1.1125,1.27155,1.4306,1.3278,1.1125,1.725,23.8532,2.3517,48.2938,48.2938,48.2938,23.8532,2.3517,,,,45.9421,21.5015,22.1282,22.5254,22.4226,1,1,1,0,1,1,0,1,1,1,1,1
10/24/2025 22:35,1.4319,1.3272,0,1.1138,1.27285,1.4319,1.3272,1.1138,1.725,23.839,2.3535,48.3875,48.3875,48.3875,23.839,2.3535,,,,46.034,21.4855,22.114,22.5118,22.4071,1,1,1,0,1,1,0,1,1,1,1,1
10/24/2025 22:40,1.4338,1.325,0,1.1088,1.2713,1.4338,1.325,1.1088,1.725,23.8673,2.3626,48.5875,48.5875,48.5875,23.8673,2.3626,,,,46.2249,21.5047,22.1423,22.5423,22.4335,1,1,1,0,1,1,0,1,1,1,1,1
10/24/2025 22:45,1.4275,1.3262,0,1.105,1.26625,1.4275,1.3262,1.105,1.775,23.8617,2.3698,48.3438,48.3438,48.3438,23.8617,2.3698,,,,45.974,21.4919,22.0867,22.5355,22.4342,1,1,1,0,1,1,0,1,1,1,1,1
10/24/2025 22:50,1.4291,1.3294,0,1.1313,1.2802,1.4291,1.3294,1.1313,1.725,23.8419,2.3554,48.4375,48.4375,48.4375,23.8419,2.3554,,,,46.0821,21.4865,22.1169,22.5125,22.4128,1,1,1,0,1,1,0,1,1,1,1,1
10/24/2025 22:55,1.4356,1.3269,0,1.1075,1.27155,1.4356,1.3269,1.1075,1.725,23.856,2.3535,48.5438,48.5438,48.5438,23.856,2.3535,,,,46.1903,21.5025,22.131,22.5291,22.4204,1,1,1,0,1,1,0,1,1,1,1,1
10/24/2025 23:00,1.4275,1.3275,0,1.12,1.27375,1.4275,1.3275,1.12,1.725,23.8532,2.3535,48.35,48.35,48.35,23.8532,2.3535,,,,45.9965,21.4997,22.1282,22.5257,22.4257,1,1,1,0,1,1,0,1,1,1,1,1
10/24/2025 23:05,1.4209,1.3256,0,1.1,1.26045,1.4209,1.3256,1.1,1.725,23.8645,2.3554,48.0438,48.0438,48.0438,23.8645,2.3554,,,,45.6884,21.5091,22.1395,22.5389,22.4436,1,1,1,0,1,1,0,1,1,1,1,1
10/24/2025 23:10,1.43,1.3275,0,1.1088,1.2694,1.43,1.3275,1.1088,1.75,23.839,2.3554,48.4,48.4,48.4,23.839,2.3554,,,,46.0446,21.4836,22.089,22.5115,22.409,1,1,1,0,1,1,0,1,1,1,1,1
10/24/2025 23:15,1.44,1.3275,0,1.1125,1.27625,1.44,1.3275,1.1125,1.725,23.8701,2.3554,48.625,48.625,48.625,23.8701,2.3554,,,,46.2696,21.5147,22.1451,22.5426,22.4301,1,1,1,0,1,1,0,1,1,1,1,1
10/24/2025 23:20,1.4294,1.3262,0,1.1463,1.28785,1.4294,1.3262,1.1463,1.75,23.8871,2.3554,48.3563,48.3563,48.3563,23.8871,2.3554,,,,46.0009,21.5317,22.1371,22.5609,22.4577,1,1,1,0,1,1,0,1,1,1,1,1
10/24/2025 23:25,1.4253,1.3266,0,1.1263,1.2758,1.4253,1.3266,1.1263,1.725,23.8588,2.3554,48.3875,48.3875,48.3875,23.8588,2.3554,,,,46.0321,21.5034,22.1338,22.5322,22.4335,1,1,1,0,1,1,0,1,1,1,1,1
10/24/2025 23:30,1.43,1.3269,0,1.1425,1.28625,1.43,1.3269,1.1425,1.75,23.8843,2.3554,48.5313,48.5313,48.5313,23.8843,2.3554,,,,46.1759,21.5289,22.1343,22.5574,22.4543,1,1,1,0,1,1,0,1,1,1,1,1
10/24/2025 23:35,1.425,1.3278,0,1.1387,1.28185,1.425,1.3278,1.1387,1.675,23.873,2.3554,48.3563,48.3563,48.3563,23.873,2.3554,,,,46.0009,21.5176,22.198,22.5452,22.448,1,1,1,0,1,1,0,1,1,1,1,1
10/24/2025 23:40,1.4344,1.3266,0,1.125,1.2797,1.4344,1.3266,1.125,1.775,23.8475,2.3572,48.3625,48.3625,48.3625,23.8475,2.3572,,,,46.0053,21.4903,22.0725,22.5209,22.4131,1,1,1,0,1,1,0,1,1,1,1,1
10/24/2025 23:45,1.4372,1.3272,0,1.1313,1.28425,1.4372,1.3272,1.1313,1.725,23.8249,2.3554,48.375,48.375,48.375,23.8249,2.3554,,,,46.0196,21.4695,22.0999,22.4977,22.3877,1,1,1,0,1,1,0,1,1,1,1,1
10/24/2025 23:50,1.4291,1.3266,0,1.1313,1.2802,1.4291,1.3266,1.1313,1.75,23.8899,2.3535,48.3813,48.3813,48.3813,23.8899,2.3535,,,,46.0278,21.5364,22.1399,22.5633,22.4608,1,1,1,0,1,1,0,1,1,1,1,1
10/24/2025 23:55,1.4313,1.3275,0,1.1163,1.2738,1.4313,1.3275,1.1163,1.725,23.8475,2.3517,48.3875,48.3875,48.3875,23.8475,2.3517,,,,46.0358,21.4958,22.1225,22.52,22.4162,1,1,1,0,1,1,0,1,1,1,1,1
10/25/2025 0:00,1.4303,1.3275,0,1.1325,1.2814,1.4303,1.3275,1.1325,1.75,23.8419,2.359,48.425,48.425,48.425,23.8419,2.359,,,,46.066,21.4829,22.0919,22.5144,22.4116,1,1,1,0,1,1,0,1,1,1,1,1
10/25/2025 0:05,1.4266,1.3247,0,1.1213,1.27395,1.4266,1.3247,1.1213,1.725,23.8503,2.3481,48.4688,48.4688,48.4688,23.8503,2.3481,,,,46.1207,21.5022,22.1253,22.5256,22.4237,1,1,1,0,1,1,0,1,1,1,1,1
10/25/2025 0:10,1.4306,1.3269,0,1.115,1.2728,1.4306,1.3269,1.115,1.85,23.8447,2.3572,48.5063,48.5063,48.5063,23.8447,2.3572,,,,46.1491,21.4875,21.9947,22.5178,22.4141,1,1,1,0,1,1,0,1,1,1,1,1
10/25/2025 0:15,1.4275,1.3259,0,1.105,1.26625,1.4275,1.3259,1.105,1.75,23.8617,2.3572,48.6813,48.6813,48.6813,23.8617,2.3572,,,,46.3241,21.5045,22.1117,22.5358,22.4342,1,1,1,0,1,1,0,1,1,1,1,1
10/25/2025 0:20,1.4294,1.3266,0,1.1213,1.27535,1.4294,1.3266,1.1213,1.8,23.8617,2.3572,48.3375,48.3375,48.3375,23.8617,2.3572,,,,45.9803,21.5045,22.0617,22.5351,22.4323,1,1,1,0,1,1,0,1,1,1,1,1
10/25/2025 0:25,1.4219,1.325,0,1.1387,1.2803,1.4219,1.325,1.1387,1.725,23.8786,2.3517,48.35,48.35,48.35,23.8786,2.3517,,,,45.9983,21.5269,22.1536,22.5536,22.4567,1,1,1,0,1,1,0,1,1,1,1,1
10/25/2025 0:30,1.4366,1.3253,0,1.1275,1.28205,1.4366,1.3253,1.1275,1.725,23.8306,2.3554,48.1813,48.1813,48.1813,23.8306,2.3554,,,,45.8259,21.4752,22.1056,22.5053,22.394,1,1,1,0,1,1,0,1,1,1,1,1
10/25/2025 0:35,1.4288,1.3247,0,1.1525,1.29065,1.4288,1.3247,1.1525,1.725,23.8673,2.3572,48.4438,48.4438,48.4438,23.8673,2.3572,,,,46.0866,21.5101,22.1423,22.5426,22.4385,1,1,1,0,1,1,0,1,1,1,1,1
10/25/2025 0:40,1.4269,1.3262,0,1.1263,1.2766,1.4269,1.3262,1.1263,1.725,23.8899,2.3535,48.2938,48.2938,48.2938,23.8899,2.3535,,,,45.9403,21.5364,22.1649,22.5637,22.463,1,1,1,0,1,1,0,1,1,1,1,1
10/25/2025 0:45,1.4297,1.3253,0,1.1138,1.27175,1.4297,1.3253,1.1138,1.75,23.8645,2.3517,48.35,48.35,48.35,23.8645,2.3517,,,,45.9983,21.5128,22.1145,22.5392,22.4348,1,1,1,0,1,1,0,1,1,1,1,1
10/25/2025 0:50,1.4328,1.3266,0,1.1275,1.28015,1.4328,1.3266,1.1275,1.75,23.8447,2.3554,48.275,48.275,48.275,23.8447,2.3554,,,,45.9196,21.4893,22.0947,22.5181,22.4119,1,1,1,0,1,1,0,1,1,1,1,1
10/25/2025 0:55,1.4334,1.325,0,1.1088,1.2711,1.4334,1.325,1.1088,1.725,23.8871,2.3608,48.5375,48.5375,48.5375,23.8871,2.3608,,,,46.1767,21.5263,22.1621,22.5621,22.4537,1,1,1,0,1,1,0,1,1,1,1,1
10/25/2025 1:00,1.4322,1.3256,0,1.1375,1.28485,1.4322,1.3256,1.1375,1.675,23.8701,2.3554,48.2188,48.2188,48.2188,23.8701,2.3554,,,,45.8634,21.5147,22.1951,22.5445,22.4379,1,1,1,0,1,1,0,1,1,1,1,1
10/25/2025 1:05,1.4341,1.3256,0,1.115,1.27455,1.4341,1.3256,1.115,1.775,23.873,2.3572,48.3813,48.3813,48.3813,23.873,2.3572,,,,46.0241,21.5158,22.098,22.5474,22.4389,1,1,1,0,1,1,0,1,1,1,1,1
10/25/2025 1:10,1.4241,1.3253,0,1.1163,1.2702,1.4241,1.3253,1.1163,1.725,23.8617,2.3554,48.3813,48.3813,48.3813,23.8617,2.3554,,,,46.0259,21.5063,22.1367,22.5364,22.4376,1,1,1,0,1,1,0,1,1,1,1,1
10/25/2025 1:15,1.4331,1.3241,0,1.1063,1.2697,1.4331,1.3241,1.1063,1.725,23.8701,2.3535,48.475,48.475,48.475,23.8701,2.3535,,,,46.1215,21.5166,22.1451,22.546,22.437,1,1,1,0,1,1,0,1,1,1,1,1
10/25/2025 1:20,1.4325,1.3256,0,1.1275,1.28,1.4325,1.3256,1.1275,1.775,23.8956,2.3535,48.5688,48.5688,48.5688,23.8956,2.3535,,,,46.2153,21.5421,22.1206,22.57,22.4631,1,1,1,0,1,1,0,1,1,1,1,1
10/25/2025 1:25,1.4381,1.3269,0,1.1325,1.2853,1.4381,1.3269,1.1325,1.725,23.873,2.3535,48.5188,48.5188,48.5188,23.873,2.3535,,,,46.1653,21.5195,22.148,22.5461,22.4349,1,1,1,0,1,1,0,1,1,1,1,1
10/25/2025 1:30,1.4366,1.3259,0,1.1188,1.2777,1.4366,1.3259,1.1188,1.725,23.856,2.3481,48.5375,48.5375,48.5375,23.856,2.3481,,,,46.1894,21.5079,22.131,22.5301,22.4194,1,1,1,0,1,1,0,1,1,1,1,1
10/25/2025 1:35,1.4303,1.3234,0,1.115,1.27265,1.4303,1.3234,1.115,1.8,23.8758,2.3554,48.5063,48.5063,48.5063,23.8758,2.3554,,,,46.1509,21.5204,22.0758,22.5524,22.4455,1,1,1,0,1,1,0,1,1,1,1,1
10/25/2025 1:40,0.0459,1.3225,0,0.05,0.04795,0.0459,1.3225,0.05,1.75,0,-0.0036,0.0625,0.0625,0.0625,0,-0.0036,,,,0.0661,0.0036,-1.75,-1.3225,-0.0459,1,1,1,0,1,1,0,1,1,1,1,1
10/25/2025 1:45,0.0094,1.3162,0,0,0.0047,0.0094,1.3162,0,1.75,0,-0.0072,0.4375,0.4375,0.4375,0,-0.0072,,,,0.4447,0.0072,-1.75,-1.3162,-0.0094,1,1,1,0,1,1,0,1,1,1,1,1
10/27/2025 9:11,1.405,1.2147,0.0438,1.1125,1.21495,1.405,1.2147,1.1125,1.65,23.7684,2.3951,47.9688,47.9688,47.9688,23.7684,2.3951,,,,45.5737,21.3733,22.1184,22.5537,22.3634,1,1,1,0,1,1,0,1,1,1,1,1
10/27/2025 9:16,1.4141,1.2544,0.0413,1.1725,1.252,1.4141,1.2544,1.1725,1.6,23.9465,2.2759,48.0875,48.0875,48.0875,23.9465,2.2759,,,,45.8116,21.6706,22.3465,22.6921,22.5324,1,1,1,0,1,1,0,1,1,1,1,1
10/27/2025 9:21,1.4184,1.2681,0.0425,1.115,1.2242,1.4184,1.2681,1.115,1.6,23.9041,2.2957,48.375,48.375,48.375,23.9041,2.2957,,,,46.0793,21.6084,22.3041,22.636,22.4857,1,1,1,0,1,1,0,1,1,1,1,1
10/27/2025 9:26,1.4172,1.2766,0.0413,1.125,1.2298,1.4172,1.2766,1.125,1.625,23.8956,2.2994,48.3,48.3,48.3,23.8956,2.2994,,,,46.0006,21.5962,22.2706,22.619,22.4784,1,1,1,0,1,1,0,1,1,1,1,1
10/27/2025 9:31,1.4203,1.2772,0.0438,1.1138,1.22325,1.4203,1.2772,1.1138,1.6,23.9041,2.3066,48.4438,48.4438,48.4438,23.9041,2.3066,,,,46.1372,21.5975,22.3041,22.6269,22.4838,1,1,1,0,1,1,0,1,1,1,1,1
10/27/2025 9:36,1.4178,1.2797,0.0413,1.1113,1.22325,1.4178,1.2797,1.1113,1.625,23.8899,2.2957,48.375,48.375,48.375,23.8899,2.2957,,,,46.0793,21.5942,22.2649,22.6102,22.4721,1,1,1,0,1,1,0,1,1,1,1,1
10/27/2025 9:41,1.4144,1.2837,0.0425,1.1513,1.24035,1.4144,1.2837,1.1513,1.65,23.8871,2.2921,48.3875,48.3875,48.3875,23.8871,2.2921,,,,46.0954,21.595,22.2371,22.6034,22.4727,1,1,1,0,1,1,0,1,1,1,1,1
10/27/2025 9:46,1.4134,1.2825,0.0462,1.16,1.2405,1.4134,1.2825,1.16,1.6,23.8617,2.2885,48.2188,48.2188,48.2188,23.8617,2.2885,,,,45.9303,21.5732,22.2617,22.5792,22.4483,1,1,1,0,1,1,0,1,1,1,1,1
10/27/2025 9:51,1.4116,1.2825,0.0425,1.1325,1.22955,1.4116,1.2825,1.1325,1.6,23.8786,2.2759,48.2125,48.2125,48.2125,23.8786,2.2759,,,,45.9366,21.6027,22.2786,22.5961,22.467,1,1,1,0,1,1,0,1,1,1,1,1
10/27/2025 9:56,1.4166,1.2853,0.04,1.1513,1.24395,1.4166,1.2853,1.1513,1.6,23.8843,2.2759,48.3188,48.3188,48.3188,23.8843,2.2759,,,,46.0429,21.6084,22.2843,22.599,22.4677,1,1,1,0,1,1,0,1,1,1,1,1
10/27/2025 10:01,1.4113,1.2816,0.0413,1.1287,1.2287,1.4113,1.2816,1.1287,1.65,23.8871,2.2723,48.2938,48.2938,48.2938,23.8871,2.2723,,,,46.0215,21.6148,22.2371,22.6055,22.4758,1,1,1,0,1,1,0,1,1,1,1,1
10/27/2025 10:06,1.4172,1.2844,0.0425,1.1375,1.23485,1.4172,1.2844,1.1375,1.6,23.8871,2.2813,48.4188,48.4188,48.4188,23.8871,2.2813,,,,46.1375,21.6058,22.2871,22.6027,22.4699,1,1,1,0,1,1,0,1,1,1,1,1
10/27/2025 10:11,1.4153,1.2831,0.0375,1.1125,1.2264,1.4153,1.2831,1.1125,1.625,23.8701,2.2687,48.2313,48.2313,48.2313,23.8701,2.2687,,,,45.9626,21.6014,22.2451,22.587,22.4548,1,1,1,0,1,1,0,1,1,1,1,1
10/27/2025 10:16,1.4087,1.2816,0.0425,1.12,1.22185,1.4087,1.2816,1.12,1.6,23.8871,2.2723,48.4063,48.4063,48.4063,23.8871,2.2723,,,,46.134,21.6148,22.2871,22.6055,22.4784,1,1,1,0,1,1,0,1,1,1,1,1
10/27/2025 10:21,1.4203,1.285,0.04,1.1213,1.2308,1.4203,1.285,1.1213,1.625,23.8532,2.2723,48.4688,48.4688,48.4688,23.8532,2.2723,,,,46.1965,21.5809,22.2282,22.5682,22.4329,1,1,1,0,1,1,0,1,1,1,1,1
10/27/2025 10:26,1.4069,1.2834,0.04,1.145,1.23595,1.4069,1.2834,1.145,1.625,23.8673,2.2705,48.2375,48.2375,48.2375,23.8673,2.2705,,,,45.967,21.5968,22.2423,22.5839,22.4604,1,1,1,0,1,1,0,1,1,1,1,1
10/27/2025 10:31,1.4119,1.2825,0.04,1.09,1.21095,1.4119,1.2825,1.09,1.65,23.8645,2.2668,48.3375,48.3375,48.3375,23.8645,2.2668,,,,46.0707,21.5977,22.2145,22.582,22.4526,1,1,1,0,1,1,0,1,1,1,1,1
10/27/2025 10:36,1.4087,1.285,0.0375,1.0938,1.21375,1.4087,1.285,1.0938,1.625,23.8532,2.2723,48.2188,48.2188,48.2188,23.8532,2.2723,,,,45.9465,21.5809,22.2282,22.5682,22.4445,1,1,1,0,1,1,0,1,1,1,1,1
10/27/2025 10:41,1.4097,1.2831,0.0375,1.1387,1.2367,1.4097,1.2831,1.1387,1.625,23.8617,2.2687,48,48,48,23.8617,2.2687,,,,45.7313,21.593,22.2367,22.5786,22.452,1,1,1,0,1,1,0,1,1,1,1,1
10/27/2025 10:46,1.4103,1.2834,0.04,1.0925,1.2114,1.4103,1.2834,1.0925,1.6,23.8843,2.2795,48.3063,48.3063,48.3063,23.8843,2.2795,,,,46.0268,21.6048,22.2843,22.6009,22.474,1,1,1,0,1,1,0,1,1,1,1,1
10/27/2025 10:51,1.4097,1.2825,0.0413,1.135,1.23105,1.4097,1.2825,1.135,1.6,23.8786,2.2705,48.2688,48.2688,48.2688,23.8786,2.2705,,,,45.9983,21.6081,22.2786,22.5961,22.4689,1,1,1,0,1,1,0,1,1,1,1,1
10/27/2025 10:56,1.4131,1.2831,0.035,1.175,1.25905,1.4131,1.2831,1.175,1.675,23.873,2.265,48.2063,48.2063,48.2063,23.873,2.265,,,,45.9413,21.608,22.198,22.5899,22.4599,1,1,1,0,1,1,0,1,1,1,1,1
10/27/2025 11:01,1.4128,1.2856,0.0362,1.135,1.2377,1.4128,1.2856,1.135,1.6,23.8419,2.2687,48.2875,48.2875,48.2875,23.8419,2.2687,,,,46.0188,21.5732,22.2419,22.5563,22.4291,1,1,1,0,1,1,0,1,1,1,1,1
10/27/2025 11:06,1.4078,1.2841,0.04,1.125,1.2264,1.4078,1.2841,1.125,1.675,23.8447,2.2687,48.1938,48.1938,48.1938,23.8447,2.2687,,,,45.9251,21.576,22.1697,22.5606,22.4369,1,1,1,0,1,1,0,1,1,1,1,1
10/27/2025 11:11,1.4084,1.2831,0.04,1.1275,1.22795,1.4084,1.2831,1.1275,1.675,23.8532,2.2705,48.3,48.3,48.3,23.8532,2.2705,,,,46.0295,21.5827,22.1782,22.5701,22.4448,1,1,1,0,1,1,0,1,1,1,1,1
10/27/2025 11:16,1.4053,1.2825,0,1.1263,1.2658,1.4053,1.2825,1.1263,1.75,23.8673,2.2994,48.0313,48.0313,48.0313,23.8673,2.2994,,,,45.7319,21.5679,22.1173,22.5848,22.462,1,1,1,0,1,1,0,1,1,1,1,1
10/27/2025 11:21,1.4125,1.2822,0,1.1413,1.2769,1.4125,1.2822,1.1413,1.675,23.856,2.2957,48.0813,48.0813,48.0813,23.856,2.2957,,,,45.7856,21.5603,22.181,22.5738,22.4435,1,1,1,0,1,1,0,1,1,1,1,1
10/27/2025 11:26,1.405,1.2831,0,1.1413,1.27315,1.405,1.2831,1.1413,1.675,23.856,2.2939,48.1188,48.1188,48.1188,23.856,2.2939,,,,45.8249,21.5621,22.181,22.5729,22.451,1,1,1,0,1,1,0,1,1,1,1,1
10/27/2025 11:31,1.4031,1.285,0,1.12,1.26155,1.4031,1.285,1.12,1.725,23.8588,2.2903,48.1313,48.1313,48.1313,23.8588,2.2903,,,,45.841,21.5685,22.1338,22.5738,22.4557,1,1,1,0,1,1,0,1,1,1,1,1
10/27/2025 11:36,1.4122,1.2856,0,1.1113,1.26175,1.4122,1.2856,1.1113,1.675,23.8673,2.3012,48.2125,48.2125,48.2125,23.8673,2.3012,,,,45.9113,21.5661,22.1923,22.5817,22.4551,1,1,1,0,1,1,0,1,1,1,1,1
10/27/2025 11:41,1.4113,1.2837,0,1.1513,1.2813,1.4113,1.2837,1.1513,1.75,23.856,2.2849,48.025,48.025,48.025,23.856,2.2849,,,,45.7401,21.5711,22.106,22.5723,22.4447,1,1,1,0,1,1,0,1,1,1,1,1
10/27/2025 11:46,1.4131,1.2831,0,1.1463,1.2797,1.4131,1.2831,1.1463,1.75,23.8532,2.2849,48.1688,48.1688,48.1688,23.8532,2.2849,,,,45.8839,21.5683,22.1032,22.5701,22.4401,1,1,1,0,1,1,0,1,1,1,1,1
10/27/2025 11:51,1.4084,1.2816,0,1.1188,1.2636,1.4084,1.2816,1.1188,1.725,23.8701,2.2903,47.9438,47.9438,47.9438,23.8701,2.2903,,,,45.6535,21.5798,22.1451,22.5885,22.4617,1,1,1,0,1,1,0,1,1,1,1,1
10/27/2025 11:56,1.4019,1.2863,0,1.1213,1.2616,1.4019,1.2863,1.1213,1.675,23.8673,2.2903,48.1625,48.1625,48.1625,23.8673,2.2903,,,,45.8722,21.577,22.1923,22.581,22.4654,1,1,1,0,1,1,0,1,1,1,1,1
10/27/2025 12:01,1.4078,1.2837,0,1.1138,1.2608,1.4078,1.2837,1.1138,1.725,23.8503,2.2921,48.2188,48.2188,48.2188,23.8503,2.2921,,,,45.9267,21.5582,22.1253,22.5666,22.4425,1,1,1,0,1,1,0,1,1,1,1,1
10/27/2025 12:06,1.4094,1.2828,0,1.1,1.2547,1.4094,1.2828,1.1,1.725,23.8588,2.2903,48.0813,48.0813,48.0813,23.8588,2.2903,,,,45.791,21.5685,22.1338,22.576,22.4494,1,1,1,0,1,1,0,1,1,1,1,1
10/27/2025 12:11,1.4059,1.2872,0,1.1313,1.2686,1.4059,1.2872,1.1313,1.675,23.8701,2.2939,48.2063,48.2063,48.2063,23.8701,2.2939,,,,45.9124,21.5762,22.1951,22.5829,22.4642,1,1,1,0,1,1,0,1,1,1,1,1
10/27/2025 12:16,1.4069,1.2841,0,1.1075,1.2572,1.4069,1.2841,1.1075,1.725,23.8956,2.2885,48.0313,48.0313,48.0313,23.8956,2.2885,,,,45.7428,21.6071,22.1706,22.6115,22.4887,1,1,1,0,1,1,0,1,1,1,1,1
10/27/2025 12:21,1.4038,1.2841,0,1.1275,1.26565,1.4038,1.2841,1.1275,1.725,23.8532,2.2885,48.2,48.2,48.2,23.8532,2.2885,,,,45.9115,21.5647,22.1282,22.5691,22.4494,1,1,1,0,1,1,0,1,1,1,1,1
10/27/2025 12:26,1.4094,1.2844,0,1.155,1.2822,1.4094,1.2844,1.155,1.675,23.8588,2.2975,48.05,48.05,48.05,23.8588,2.2975,,,,45.7525,21.5613,22.1838,22.5744,22.4494,1,1,1,0,1,1,0,1,1,1,1,1
10/27/2025 12:31,1.4056,1.2888,0,1.1188,1.2622,1.4056,1.2888,1.1188,1.675,23.856,2.2939,48.0938,48.0938,48.0938,23.856,2.2939,,,,45.7999,21.5621,22.181,22.5672,22.4504,1,1,1,0,1,1,0,1,1,1,1,1
10/27/2025 12:36,1.4056,1.2831,0,1.1113,1.25845,1.4056,1.2831,1.1113,1.775,23.8786,2.2975,48.0313,48.0313,48.0313,23.8786,2.2975,,,,45.7338,21.5811,22.1036,22.5955,22.473,1,1,1,0,1,1,0,1,1,1,1,1
10/27/2025 12:41,1.4013,1.2834,0,1.135,1.26815,1.4013,1.2834,1.135,1.85,23.839,2.2994,47.9125,47.9125,47.9125,23.839,2.2994,,,,45.6131,21.5396,21.989,22.5556,22.4377,1,1,1,0,1,1,0,1,1,1,1,1
10/27/2025 12:46,1.4031,1.285,0,1.1575,1.2803,1.4031,1.285,1.1575,1.8,23.8617,2.2957,48.175,48.175,48.175,23.8617,2.2957,,,,45.8793,21.566,22.0617,22.5767,22.4586,1,1,1,0,1,1,0,1,1,1,1,1
10/27/2025 12:51,1.4066,1.2869,0,1.1413,1.27395,1.4066,1.2869,1.1413,1.8,23.8645,2.2994,48.0813,48.0813,48.0813,23.8645,2.2994,,,,45.7819,21.5651,22.0645,22.5776,22.4579,1,1,1,0,1,1,0,1,1,1,1,1
10/27/2025 12:56,1.4084,1.2859,0,1.1613,1.28485,1.4084,1.2859,1.1613,1.8,23.8701,2.2994,47.85,47.85,47.85,23.8701,2.2994,,,,45.5506,21.5707,22.0701,22.5842,22.4617,1,1,1,0,1,1,0,1,1,1,1,1
10/27/2025 13:01,1.41,1.2881,0,1.1425,1.27625,1.41,1.2881,1.1425,1.775,23.8758,2.3012,48.025,48.025,48.025,23.8758,2.3012,,,,45.7238,21.5746,22.1008,22.5877,22.4658,1,1,1,0,1,1,0,1,1,1,1,1
10/27/2025 13:06,1.4094,1.2872,0,1.1475,1.27845,1.4094,1.2872,1.1475,1.775,23.9182,2.2921,48.1,48.1,48.1,23.9182,2.2921,,,,45.8079,21.6261,22.1432,22.631,22.5088,1,1,1,0,1,1,0,1,1,1,1,1
10/27/2025 13:11,1.4094,1.2863,0,1.1063,1.25785,1.4094,1.2863,1.1063,1.775,23.8814,2.2994,48.1063,48.1063,48.1063,23.8814,2.2994,,,,45.8069,21.582,22.1064,22.5951,22.472,1,1,1,0,1,1,0,1,1,1,1,1
10/27/2025 13:16,1.4091,1.2841,0,1.1125,1.2608,1.4091,1.2841,1.1125,1.775,23.8956,2.3012,48.3188,48.3188,48.3188,23.8956,2.3012,,,,46.0176,21.5944,22.1206,22.6115,22.4865,1,1,1,0,1,1,0,1,1,1,1,1
10/27/2025 13:21,1.405,1.2866,0,1.0962,1.2506,1.405,1.2866,1.0962,1.775,23.873,2.3048,48.2813,48.2813,48.2813,23.873,2.3048,,,,45.9765,21.5682,22.098,22.5864,22.468,1,1,1,0,1,1,0,1,1,1,1,1
10/27/2025 13:26,1.4075,1.2853,0,1.145,1.27625,1.4075,1.2853,1.145,1.775,23.873,2.2994,48.025,48.025,48.025,23.873,2.2994,,,,45.7256,21.5736,22.098,22.5877,22.4655,1,1,1,0,1,1,0,1,1,1,1,1
10/27/2025 13:31,1.4063,1.2872,0,1.1425,1.2744,1.4063,1.2872,1.1425,1.8,23.8843,2.2975,48.0125,48.0125,48.0125,23.8843,2.2975,,,,45.715,21.5868,22.0843,22.5971,22.478,1,1,1,0,1,1,0,1,1,1,1,1
10/27/2025 13:36,1.4081,1.2888,0,1.12,1.26405,1.4081,1.2888,1.12,1.775,23.8701,2.3084,48.0625,48.0625,48.0625,23.8701,2.3084,,,,45.7541,21.5617,22.0951,22.5813,22.462,1,1,1,0,1,1,0,1,1,1,1,1
10/27/2025 13:41,1.4119,1.2853,0,1.1025,1.2572,1.4119,1.2853,1.1025,1.85,23.873,2.3048,48.2625,48.2625,48.2625,23.873,2.3048,,,,45.9577,21.5682,22.023,22.5877,22.4611,1,1,1,0,1,1,0,1,1,1,1,1
10/27/2025 13:46,1.4063,1.2891,0,1.1538,1.28005,1.4063,1.2891,1.1538,1.85,23.8645,2.3084,48.0875,48.0875,48.0875,23.8645,2.3084,,,,45.7791,21.5561,22.0145,22.5754,22.4582,1,1,1,0,1,1,0,1,1,1,1,1
10/27/2025 13:51,1.4141,1.2884,0,1.1275,1.2708,1.4141,1.2884,1.1275,1.8,23.8899,2.3066,48.2,48.2,48.2,23.8899,2.3066,,,,45.8934,21.5833,22.0899,22.6015,22.4758,1,1,1,0,1,1,0,1,1,1,1,1
10/27/2025 13:56,1.4113,1.2881,0,1.1113,1.2613,1.4113,1.2881,1.1113,1.775,23.8758,2.303,48.0438,48.0438,48.0438,23.8758,2.303,,,,45.7408,21.5728,22.1008,22.5877,22.4645,1,1,1,0,1,1,0,1,1,1,1,1
10/27/2025 14:01,1.4078,1.2869,0,1.1188,1.2633,1.4078,1.2869,1.1188,1.85,23.8927,2.3048,48.075,48.075,48.075,23.8927,2.3048,,,,45.7702,21.5879,22.0427,22.6058,22.4849,1,1,1,0,1,1,0,1,1,1,1,1
10/27/2025 14:06,1.4034,1.2878,0,1.105,1.2542,1.4034,1.2878,1.105,1.85,23.9041,2.3084,47.9313,47.9313,47.9313,23.9041,2.3084,,,,45.6229,21.5957,22.0541,22.6163,22.5007,1,1,1,0,1,1,0,1,1,1,1,1
10/27/2025 14:11,1.4094,1.2881,0,1.1375,1.27345,1.4094,1.2881,1.1375,1.775,23.8927,2.3048,48.2125,48.2125,48.2125,23.8927,2.3048,,,,45.9077,21.5879,22.1177,22.6046,22.4833,1,1,1,0,1,1,0,1,1,1,1,1
10/27/2025 14:16,1.4138,1.2872,0,1.105,1.2594,1.4138,1.2872,1.105,1.85,23.8786,2.3066,48.025,48.025,48.025,23.8786,2.3066,,,,45.7184,21.572,22.0286,22.5914,22.4648,1,1,1,0,1,1,0,1,1,1,1,1
10/27/2025 14:21,1.4056,1.2875,0,1.1275,1.26655,1.4056,1.2875,1.1275,1.85,23.8899,2.3138,48.2,48.2,48.2,23.8899,2.3138,,,,45.8862,21.5761,22.0399,22.6024,22.4843,1,1,1,0,1,1,0,1,1,1,1,1
10/27/2025 14:26,1.4103,1.2863,0,1.1487,1.2795,1.4103,1.2863,1.1487,1.85,23.873,2.3066,48.1063,48.1063,48.1063,23.873,2.3066,,,,45.7997,21.5664,22.023,22.5867,22.4627,1,1,1,0,1,1,0,1,1,1,1,1
10/27/2025 14:31,1.4063,1.2847,0,1.1313,1.2688,1.4063,1.2847,1.1313,1.775,23.8899,2.312,48.3563,48.3563,48.3563,23.8899,2.312,,,,46.0443,21.5779,22.1149,22.6052,22.4836,1,1,1,0,1,1,0,1,1,1,1,1
10/27/2025 14:36,1.4078,1.2866,0,1.125,1.2664,1.4078,1.2866,1.125,1.85,23.8673,2.312,48.1938,48.1938,48.1938,23.8673,2.312,,,,45.8818,21.5553,22.0173,22.5807,22.4595,1,1,1,0,1,1,0,1,1,1,1,1
10/27/2025 14:41,1.4097,1.2875,0,1.1375,1.2736,1.4097,1.2875,1.1375,1.85,23.8843,2.3102,48.3125,48.3125,48.3125,23.8843,2.3102,,,,46.0023,21.5741,22.0343,22.5968,22.4746,1,1,1,0,1,1,0,1,1,1,1,1
10/27/2025 14:46,1.4069,1.2869,0,1.085,1.24595,1.4069,1.2869,1.085,1.8,23.8814,2.312,48.0063,48.0063,48.0063,23.8814,2.312,,,,45.6943,21.5694,22.0814,22.5945,22.4745,1,1,1,0,1,1,0,1,1,1,1,1
10/27/2025 14:51,1.4128,1.2875,0,1.1713,1.29205,1.4128,1.2875,1.1713,1.85,23.873,2.3192,48.1313,48.1313,48.1313,23.873,2.3192,,,,45.8121,21.5538,22.023,22.5855,22.4602,1,1,1,0,1,1,0,1,1,1,1,1
10/27/2025 14:56,1.4078,1.2878,0,1.1325,1.27015,1.4078,1.2878,1.1325,1.8,23.8899,2.3156,48.1375,48.1375,48.1375,23.8899,2.3156,,,,45.8219,21.5743,22.0899,22.6021,22.4821,1,1,1,0,1,1,0,1,1,1,1,1
10/27/2025 15:01,1.4059,1.2881,0,1.1425,1.2742,1.4059,1.2881,1.1425,1.775,23.8956,2.3084,48.2563,48.2563,48.2563,23.8956,2.3084,,,,45.9479,21.5872,22.1206,22.6075,22.4897,1,1,1,0,1,1,0,1,1,1,1,1
10/27/2025 15:06,1.4103,1.2872,0,1.1287,1.2695,1.4103,1.2872,1.1287,1.85,23.8475,2.2975,48.0438,48.0438,48.0438,23.8475,2.2975,,,,45.7463,21.55,21.9975,22.5603,22.4372,1,1,1,0,1,1,0,1,1,1,1,1
10/27/2025 15:11,1.4034,1.2863,0,1.1413,1.27235,1.4034,1.2863,1.1413,1.8,23.8588,2.3138,48.15,48.15,48.15,23.8588,2.3138,,,,45.8362,21.545,22.0588,22.5725,22.4554,1,1,1,0,1,1,0,1,1,1,1,1
10/27/2025 15:16,1.4109,1.2891,0,1.1425,1.2767,1.4109,1.2891,1.1425,1.8,23.8475,2.3066,48.175,48.175,48.175,23.8475,2.3066,,,,45.8684,21.5409,22.0475,22.5584,22.4366,1,1,1,0,1,1,0,1,1,1,1,1
10/27/2025 15:21,1.4091,1.2869,0,1.1088,1.25895,1.4091,1.2869,1.1088,1.775,23.8899,2.3066,47.9125,47.9125,47.9125,23.8899,2.3066,,,,45.6059,21.5833,22.1149,22.603,22.4808,1,1,1,0,1,1,0,1,1,1,1,1
10/27/2025 15:26,1.4091,1.2859,0,1.1213,1.2652,1.4091,1.2859,1.1213,1.775,23.8956,2.3102,48.025,48.025,48.025,23.8956,2.3102,,,,45.7148,21.5854,22.1206,22.6097,22.4865,1,1,1,0,1,1,0,1,1,1,1,1
10/27/2025 15:31,1.4128,1.2875,0,1.1513,1.28205,1.4128,1.2875,1.1513,1.8,23.8673,2.312,48.0313,48.0313,48.0313,23.8673,2.312,,,,45.7193,21.5553,22.0673,22.5798,22.4545,1,1,1,0,1,1,0,1,1,1,1,1
10/27/2025 15:36,1.4081,1.2872,0,1.1425,1.2753,1.4081,1.2872,1.1425,1.85,23.8588,2.3066,47.9625,47.9625,47.9625,23.8588,2.3066,,,,45.6559,21.5522,22.0088,22.5716,22.4507,1,1,1,0,1,1,0,1,1,1,1,1
10/27/2025 15:41,1.4022,1.2859,0,1.1125,1.25735,1.4022,1.2859,1.1125,1.8,23.8758,2.312,48.2938,48.2938,48.2938,23.8758,2.312,,,,45.9818,21.5638,22.0758,22.5899,22.4736,1,1,1,0,1,1,0,1,1,1,1,1
10/27/2025 15:46,1.4047,1.2881,0,1.1375,1.2711,1.4047,1.2881,1.1375,1.775,23.8814,2.3084,47.975,47.975,47.975,23.8814,2.3084,,,,45.6666,21.573,22.1064,22.5933,22.4767,1,1,1,0,1,1,0,1,1,1,1,1
10/27/2025 15:51,1.4025,1.2894,0,1.1338,1.26815,1.4025,1.2894,1.1338,1.8,23.873,2.3156,48.0438,48.0438,48.0438,23.873,2.3156,,,,45.7282,21.5574,22.073,22.5836,22.4705,1,1,1,0,1,1,0,1,1,1,1,1
10/27/2025 15:56,1.4038,1.2875,0,1.17,1.2869,1.4038,1.2875,1.17,1.8,23.8645,2.3048,48.1063,48.1063,48.1063,23.8645,2.3048,,,,45.8015,21.5597,22.0645,22.577,22.4607,1,1,1,0,1,1,0,1,1,1,1,1
10/27/2025 16:01,1.4128,1.2863,0,1.115,1.2639,1.4128,1.2863,1.115,1.775,23.8475,2.3066,47.9688,47.9688,47.9688,23.8475,2.3066,,,,45.6622,21.5409,22.0725,22.5612,22.4347,1,1,1,0,1,1,0,1,1,1,1,1
10/27/2025 16:06,1.4047,1.2863,0,1.1263,1.2655,1.4047,1.2863,1.1263,1.8,23.8617,2.3102,47.9875,47.9875,47.9875,23.8617,2.3102,,,,45.6773,21.5515,22.0617,22.5754,22.457,1,1,1,0,1,1,0,1,1,1,1,1
10/27/2025 16:11,1.4087,1.2859,0,1.1387,1.2737,1.4087,1.2859,1.1387,1.775,23.8588,2.3192,48.0563,48.0563,48.0563,23.8588,2.3192,,,,45.7371,21.5396,22.0838,22.5729,22.4501,1,1,1,0,1,1,0,1,1,1,1,1
10/27/2025 16:16,1.4078,1.2891,0,1.1413,1.27455,1.4078,1.2891,1.1413,1.8,23.8645,2.312,47.9438,47.9438,47.9438,23.8645,2.312,,,,45.6318,21.5525,22.0645,22.5754,22.4567,1,1,1,0,1,1,0,1,1,1,1,1
10/27/2025 16:21,1.4084,1.2866,0,1.14,1.2742,1.4084,1.2866,1.14,1.775,23.8843,2.3138,47.875,47.875,47.875,23.8843,2.3138,,,,45.5612,21.5705,22.1093,22.5977,22.4759,1,1,1,0,1,1,0,1,1,1,1,1
10/27/2025 16:26,1.405,1.2869,0,1.1138,1.2594,1.405,1.2869,1.1138,1.85,23.8758,2.3048,47.9438,47.9438,47.9438,23.8758,2.3048,,,,45.639,21.571,22.0258,22.5889,22.4708,1,1,1,0,1,1,0,1,1,1,1,1
10/27/2025 16:31,1.4041,1.2869,0,1.0962,1.25015,1.4041,1.2869,1.0962,1.8,23.8899,2.3012,48.1313,48.1313,48.1313,23.8899,2.3012,,,,45.8301,21.5887,22.0899,22.603,22.4858,1,1,1,0,1,1,0,1,1,1,1,1
10/27/2025 16:36,1.4119,1.2863,0,1.115,1.26345,1.4119,1.2863,1.115,1.775,23.8701,2.312,48.1563,48.1563,48.1563,23.8701,2.312,,,,45.8443,21.5581,22.0951,22.5838,22.4582,1,1,1,0,1,1,0,1,1,1,1,1
10/27/2025 16:41,1.4063,1.2863,0,1.125,1.26565,1.4063,1.2863,1.125,1.85,23.8786,2.3174,48.2375,48.2375,48.2375,23.8786,2.3174,,,,45.9201,21.5612,22.0286,22.5923,22.4723,1,1,1,0,1,1,0,1,1,1,1,1
10/27/2025 16:46,1.415,1.2872,0,1.1213,1.26815,1.415,1.2872,1.1213,1.775,23.8447,2.3156,47.9563,47.9563,47.9563,23.8447,2.3156,,,,45.6407,21.5291,22.0697,22.5575,22.4297,1,1,1,0,1,1,0,1,1,1,1,1
10/27/2025 16:51,1.4084,1.2869,0,1.1125,1.26045,1.4084,1.2869,1.1125,1.775,23.8617,2.3102,48.0813,48.0813,48.0813,23.8617,2.3102,,,,45.7711,21.5515,22.0867,22.5748,22.4533,1,1,1,0,1,1,0,1,1,1,1,1
10/27/2025 16:56,1.4066,1.2869,0,1.1375,1.27205,1.4066,1.2869,1.1375,1.775,23.8503,2.3066,48.0688,48.0688,48.0688,23.8503,2.3066,,,,45.7622,21.5437,22.0753,22.5634,22.4437,1,1,1,0,1,1,0,1,1,1,1,1
10/27/2025 17:01,1.4063,1.2881,0,1.145,1.27565,1.4063,1.2881,1.145,1.775,23.8814,2.3138,48.05,48.05,48.05,23.8814,2.3138,,,,45.7362,21.5676,22.1064,22.5933,22.4751,1,1,1,0,1,1,0,1,1,1,1,1
10/27/2025 17:06,1.4103,1.2866,0,1.12,1.26515,1.4103,1.2866,1.12,1.85,23.8871,2.3102,48.0375,48.0375,48.0375,23.8871,2.3102,,,,45.7273,21.5769,22.0371,22.6005,22.4768,1,1,1,0,1,1,0,1,1,1,1,1
10/27/2025 17:11,1.4072,1.2872,0,1.1325,1.26985,1.4072,1.2872,1.1325,1.775,23.8419,2.3102,48.1313,48.1313,48.1313,23.8419,2.3102,,,,45.8211,21.5317,22.0669,22.5547,22.4347,1,1,1,0,1,1,0,1,1,1,1,1
10/27/2025 17:16,1.4059,1.2859,0,1.1075,1.2567,1.4059,1.2859,1.1075,1.8,23.8843,2.3066,48.3313,48.3313,48.3313,23.8843,2.3066,,,,46.0247,21.5777,22.0843,22.5984,22.4784,1,1,1,0,1,1,0,1,1,1,1,1
10/27/2025 17:21,1.4087,1.2859,0,1.115,1.26185,1.4087,1.2859,1.115,1.775,23.8871,2.312,48.1188,48.1188,48.1188,23.8871,2.312,,,,45.8068,21.5751,22.1121,22.6012,22.4784,1,1,1,0,1,1,0,1,1,1,1,1
10/27/2025 17:26,1.4091,1.2875,0,1.1387,1.2739,1.4091,1.2875,1.1387,1.8,23.8899,2.3138,47.8375,47.8375,47.8375,23.8899,2.3138,,,,45.5237,21.5761,22.0899,22.6024,22.4808,1,1,1,0,1,1,0,1,1,1,1,1
10/27/2025 17:31,1.4078,1.285,0,1.1375,1.27265,1.4078,1.285,1.1375,1.775,23.8786,2.3048,48.0563,48.0563,48.0563,23.8786,2.3048,,,,45.7515,21.5738,22.1036,22.5936,22.4708,1,1,1,0,1,1,0,1,1,1,1,1
10/27/2025 17:36,1.4041,1.2859,0,1.1313,1.2677,1.4041,1.2859,1.1313,1.775,23.8814,2.3102,48.1625,48.1625,48.1625,23.8814,2.3102,,,,45.8523,21.5712,22.1064,22.5955,22.4773,1,1,1,0,1,1,0,1,1,1,1,1
10/27/2025 17:41,1.4147,1.2856,0,1.1313,1.273,1.4147,1.2856,1.1313,1.85,23.8645,2.3192,48.3813,48.3813,48.3813,23.8645,2.3192,,,,46.0621,21.5453,22.0145,22.5789,22.4498,1,1,1,0,1,1,0,1,1,1,1,1
10/27/2025 17:46,1.4134,1.285,0,1.1387,1.27605,1.4134,1.285,1.1387,1.775,23.8843,2.3138,47.9375,47.9375,47.9375,23.8843,2.3138,,,,45.6237,21.5705,22.1093,22.5993,22.4709,1,1,1,0,1,1,0,1,1,1,1,1
10/27/2025 17:51,1.4066,1.2844,0,1.1225,1.26455,1.4066,1.2844,1.1225,1.775,23.8617,2.3066,47.9375,47.9375,47.9375,23.8617,2.3066,,,,45.6309,21.5551,22.0867,22.5773,22.4551,1,1,1,0,1,1,0,1,1,1,1,1
10/27/2025 17:56,1.4147,1.2844,0,1.1,1.25735,1.4147,1.2844,1.1,1.85,23.8532,2.3084,48.1625,48.1625,48.1625,23.8532,2.3084,,,,45.8541,21.5448,22.0032,22.5688,22.4385,1,1,1,0,1,1,0,1,1,1,1,1
10/27/2025 18:01,1.4053,1.285,0,1.1163,1.2608,1.4053,1.285,1.1163,1.775,23.8701,2.3102,47.9875,47.9875,47.9875,23.8701,2.3102,,,,45.6773,21.5599,22.0951,22.5851,22.4648,1,1,1,0,1,1,0,1,1,1,1,1
10/27/2025 18:06,1.4063,1.2863,0,1.1,1.25315,1.4063,1.2863,1.1,1.775,23.8899,2.3012,48.1813,48.1813,48.1813,23.8899,2.3012,,,,45.8801,21.5887,22.1149,22.6036,22.4836,1,1,1,0,1,1,0,1,1,1,1,1
10/27/2025 18:11,1.4084,1.285,0,1.1125,1.26045,1.4084,1.285,1.1125,1.775,23.8758,2.3066,48.225,48.225,48.225,23.8758,2.3066,,,,45.9184,21.5692,22.1008,22.5908,22.4674,1,1,1,0,1,1,0,1,1,1,1,1
10/27/2025 18:16,1.4087,1.2856,0,1.1163,1.2625,1.4087,1.2856,1.1163,1.775,23.839,2.3066,48.0813,48.0813,48.0813,23.839,2.3066,,,,45.7747,21.5324,22.064,22.5534,22.4303,1,1,1,0,1,1,0,1,1,1,1,1
10/27/2025 18:21,1.4078,1.2853,0,1.1287,1.26825,1.4078,1.2853,1.1287,1.775,23.8758,2.3102,48.1438,48.1438,48.1438,23.8758,2.3102,,,,45.8336,21.5656,22.1008,22.5905,22.468,1,1,1,0,1,1,0,1,1,1,1,1
10/27/2025 18:26,1.405,1.2853,0,1.1287,1.26685,1.405,1.2853,1.1287,1.775,23.8617,2.312,48.1188,48.1188,48.1188,23.8617,2.312,,,,45.8068,21.5497,22.0867,22.5764,22.4567,1,1,1,0,1,1,0,1,1,1,1,1
10/27/2025 18:31,1.4103,1.2853,0,1.1275,1.2689,1.4103,1.2853,1.1275,1.8,23.8419,2.3102,48,48,48,23.8419,2.3102,,,,45.6898,21.5317,22.0419,22.5566,22.4316,1,1,1,0,1,1,0,1,1,1,1,1
10/27/2025 18:36,1.4134,1.2866,0,1.1163,1.26485,1.4134,1.2866,1.1163,1.85,23.8701,2.3048,48.1938,48.1938,48.1938,23.8701,2.3048,,,,45.889,21.5653,22.0201,22.5835,22.4567,1,1,1,0,1,1,0,1,1,1,1,1
10/27/2025 18:41,1.4072,1.2831,0,1.1313,1.26925,1.4072,1.2831,1.1313,1.8,23.839,2.3102,48.2125,48.2125,48.2125,23.839,2.3102,,,,45.9023,21.5288,22.039,22.5559,22.4318,1,1,1,0,1,1,0,1,1,1,1,1
10/27/2025 18:46,1.405,1.285,0,1.1338,1.2694,1.405,1.285,1.1338,1.8,23.856,2.3138,48.0375,48.0375,48.0375,23.856,2.3138,,,,45.7237,21.5422,22.056,22.571,22.451,1,1,1,0,1,1,0,1,1,1,1,1
10/27/2025 18:51,1.4131,1.2872,0,1.1,1.25655,1.4131,1.2872,1.1,1.8,23.8956,2.3102,47.975,47.975,47.975,23.8956,2.3102,,,,45.6648,21.5854,22.0956,22.6084,22.4825,1,1,1,0,1,1,0,1,1,1,1,1
10/27/2025 18:56,1.4056,1.2863,0,1.145,1.2753,1.4056,1.2863,1.145,1.85,23.8758,2.312,47.9375,47.9375,47.9375,23.8758,2.312,,,,45.6255,21.5638,22.0258,22.5895,22.4702,1,1,1,0,1,1,0,1,1,1,1,1
10/27/2025 19:01,1.4025,1.2856,0,1.1325,1.2675,1.4025,1.2856,1.1325,1.875,23.8701,2.303,48.3188,48.3188,48.3188,23.8701,2.303,,,,46.0158,21.5671,21.9951,22.5845,22.4676,1,1,1,0,1,1,0,1,1,1,1,1
10/27/2025 19:06,1.4113,1.2863,0,1.1387,1.275,1.4113,1.2863,1.1387,1.85,23.8362,2.3084,47.975,47.975,47.975,23.8362,2.3084,,,,45.6666,21.5278,21.9862,22.5499,22.4249,1,1,1,0,1,1,0,1,1,1,1,1
10/27/2025 19:11,1.4156,1.2875,0,1.1313,1.27345,1.4156,1.2875,1.1313,1.875,23.8758,2.3048,48.3625,48.3625,48.3625,23.8758,2.3048,,,,46.0577,21.571,22.0008,22.5883,22.4602,1,1,1,0,1,1,0,1,1,1,1,1
10/27/2025 19:16,1.41,1.2866,0,1.1,1.255,1.41,1.2866,1.1,1.9,23.8786,2.3102,48.0188,48.0188,48.0188,23.8786,2.3102,,,,45.7086,21.5684,21.9786,22.592,22.4686,1,1,1,0,1,1,0,1,1,1,1,1
10/27/2025 19:21,1.4075,1.2878,0,1.1338,1.27065,1.4075,1.2878,1.1338,1.85,23.8503,2.3084,48.0563,48.0563,48.0563,23.8503,2.3084,,,,45.7479,21.5419,22.0003,22.5625,22.4428,1,1,1,0,1,1,0,1,1,1,1,1
10/27/2025 19:26,1.41,1.2859,0,1.1375,1.27375,1.41,1.2859,1.1375,1.875,23.873,2.3048,48.3125,48.3125,48.3125,23.873,2.3048,,,,46.0077,21.5682,21.998,22.5871,22.463,1,1,1,0,1,1,0,1,1,1,1,1
10/27/2025 19:31,1.4066,1.2881,0,1.1538,1.2802,1.4066,1.2881,1.1538,1.875,23.8532,2.3138,48.2313,48.2313,48.2313,23.8532,2.3138,,,,45.9175,21.5394,21.9782,22.5651,22.4466,1,1,1,0,1,1,0,1,1,1,1,1
10/27/2025 19:36,1.4134,1.2847,0,1.1263,1.26985,1.4134,1.2847,1.1263,1.9,23.856,2.3174,48.1375,48.1375,48.1375,23.856,2.3174,,,,45.8201,21.5386,21.956,22.5713,22.4426,1,1,1,0,1,1,0,1,1,1,1,1
10/27/2025 19:41,1.4106,1.2856,0,1.1275,1.26905,1.4106,1.2856,1.1275,1.85,23.8673,2.3048,48.1813,48.1813,48.1813,23.8673,2.3048,,,,45.8765,21.5625,22.0173,22.5817,22.4567,1,1,1,0,1,1,0,1,1,1,1,1
10/27/2025 19:46,1.41,1.2853,0,1.1225,1.26625,1.41,1.2853,1.1225,1.85,23.8786,2.3066,48.1188,48.1188,48.1188,23.8786,2.3066,,,,45.8122,21.572,22.0286,22.5933,22.4686,1,1,1,0,1,1,0,1,1,1,1,1
10/27/2025 19:51,1.4091,1.2869,0,1.175,1.29205,1.4091,1.2869,1.175,1.8,23.8447,2.3012,48.0875,48.0875,48.0875,23.8447,2.3012,,,,45.7863,21.5435,22.0447,22.5578,22.4356,1,1,1,0,1,1,0,1,1,1,1,1
10/27/2025 19:56,1.4141,1.2847,0,1.1387,1.2764,1.4141,1.2847,1.1387,1.8,23.873,2.3156,48.15,48.15,48.15,23.873,2.3156,,,,45.8344,21.5574,22.073,22.5883,22.4589,1,1,1,0,1,1,0,1,1,1,1,1
10/27/2025 20:01,1.4059,1.2828,0,1.1313,1.2686,1.4059,1.2828,1.1313,1.775,23.8617,2.3084,48.075,48.075,48.075,23.8617,2.3084,,,,45.7666,21.5533,22.0867,22.5789,22.4558,1,1,1,0,1,1,0,1,1,1,1,1
10/27/2025 20:06,1.4091,1.2847,0,1.1275,1.2683,1.4091,1.2847,1.1275,1.775,23.8843,2.3102,48.1813,48.1813,48.1813,23.8843,2.3102,,,,45.8711,21.5741,22.1093,22.5996,22.4752,1,1,1,0,1,1,0,1,1,1,1,1
10/27/2025 20:11,1.4188,1.2856,0,1.1313,1.27505,1.4188,1.2856,1.1313,1.775,23.8814,2.3084,48.2438,48.2438,48.2438,23.8814,2.3084,,,,45.9354,21.573,22.1064,22.5958,22.4626,1,1,1,0,1,1,0,1,1,1,1,1
10/27/2025 20:16,1.4134,1.2853,0,1.115,1.2642,1.4134,1.2853,1.115,1.775,23.873,2.303,48.0813,48.0813,48.0813,23.873,2.303,,,,45.7783,21.57,22.098,22.5877,22.4596,1,1,1,0,1,1,0,1,1,1,1,1
10/27/2025 20:21,1.4056,1.2837,0,1.1338,1.2697,1.4056,1.2837,1.1338,1.775,23.8701,2.3102,48.2,48.2,48.2,23.8701,2.3102,,,,45.8898,21.5599,22.0951,22.5864,22.4645,1,1,1,0,1,1,0,1,1,1,1,1
10/27/2025 20:26,1.4075,1.2834,0,1.1638,1.28565,1.4075,1.2834,1.1638,1.775,23.8532,2.312,48.0875,48.0875,48.0875,23.8532,2.312,,,,45.7755,21.5412,22.0782,22.5698,22.4457,1,1,1,0,1,1,0,1,1,1,1,1
10/27/2025 20:31,1.4128,1.285,0,1.0962,1.2545,1.4128,1.285,1.0962,1.775,23.8701,2.3174,48.175,48.175,48.175,23.8701,2.3174,,,,45.8576,21.5527,22.0951,22.5851,22.4573,1,1,1,0,1,1,0,1,1,1,1,1
10/27/2025 20:36,1.4103,1.285,0,1.1225,1.2664,1.4103,1.285,1.1225,1.85,23.8758,2.3102,48.275,48.275,48.275,23.8758,2.3102,,,,45.9648,21.5656,22.0258,22.5908,22.4655,1,1,1,0,1,1,0,1,1,1,1,1
10/27/2025 20:41,1.415,1.2859,0,1.155,1.285,1.415,1.2859,1.155,1.775,23.856,2.3138,48.2313,48.2313,48.2313,23.856,2.3138,,,,45.9175,21.5422,22.081,22.5701,22.441,1,1,1,0,1,1,0,1,1,1,1,1
10/27/2025 20:46,1.4116,1.2834,0,1.1338,1.2727,1.4116,1.2834,1.1338,1.775,23.8447,2.3066,48.1063,48.1063,48.1063,23.8447,2.3066,,,,45.7997,21.5381,22.0697,22.5613,22.4331,1,1,1,0,1,1,0,1,1,1,1,1
10/27/2025 20:51,1.4094,1.2828,0,1.16,1.2847,1.4094,1.2828,1.16,1.775,23.8814,2.3084,48.45,48.45,48.45,23.8814,2.3084,,,,46.1416,21.573,22.1064,22.5986,22.472,1,1,1,0,1,1,0,1,1,1,1,1
10/27/2025 20:56,1.4172,1.2841,0,1.1,1.2586,1.4172,1.2841,1.1,1.75,23.8899,2.3066,48.3875,48.3875,48.3875,23.8899,2.3066,,,,46.0809,21.5833,22.1399,22.6058,22.4727,1,1,1,0,1,1,0,1,1,1,1,1
10/27/2025 21:01,1.4131,1.2869,0,1.1263,1.2697,1.4131,1.2869,1.1263,1.675,23.8843,2.3048,48.075,48.075,48.075,23.8843,2.3048,,,,45.7702,21.5795,22.2093,22.5974,22.4712,1,1,1,0,1,1,0,1,1,1,1,1
10/27/2025 21:06,1.4069,1.2856,0,1.0988,1.25285,1.4069,1.2856,1.0988,1.675,23.8673,2.3102,48.35,48.35,48.35,23.8673,2.3102,,,,46.0398,21.5571,22.1923,22.5817,22.4604,1,1,1,0,1,1,0,1,1,1,1,1
10/27/2025 21:11,1.4106,1.2847,0,1.115,1.2628,1.4106,1.2847,1.115,1.675,23.8786,2.3066,47.8625,47.8625,47.8625,23.8786,2.3066,,,,45.5559,21.572,22.2036,22.5939,22.468,1,1,1,0,1,1,0,1,1,1,1,1
10/27/2025 21:16,1.4166,1.2859,0,1.1225,1.26955,1.4166,1.2859,1.1225,1.75,23.8843,2.3084,48.1125,48.1125,48.1125,23.8843,2.3084,,,,45.8041,21.5759,22.1343,22.5984,22.4677,1,1,1,0,1,1,0,1,1,1,1,1
10/27/2025 21:21,1.4087,1.2834,0,1.1213,1.265,1.4087,1.2834,1.1213,1.75,23.8334,2.3102,48.15,48.15,48.15,23.8334,2.3102,,,,45.8398,21.5232,22.0834,22.55,22.4247,1,1,1,0,1,1,0,1,1,1,1,1
10/27/2025 21:26,1.4141,1.2853,0,1.115,1.26455,1.4141,1.2853,1.115,1.675,23.8843,2.3084,48.1813,48.1813,48.1813,23.8843,2.3084,,,,45.8729,21.5759,22.2093,22.599,22.4702,1,1,1,0,1,1,0,1,1,1,1,1
10/27/2025 21:31,1.4091,1.2853,0,1.0862,1.24765,1.4091,1.2853,1.0862,1.8,23.8617,2.3066,48.275,48.275,48.275,23.8617,2.3066,,,,45.9684,21.5551,22.0617,22.5764,22.4526,1,1,1,0,1,1,0,1,1,1,1,1
10/27/2025 21:36,1.4116,1.285,0,1.1225,1.26705,1.4116,1.285,1.1225,1.8,23.8701,2.3084,48.2188,48.2188,48.2188,23.8701,2.3084,,,,45.9104,21.5617,22.0701,22.5851,22.4585,1,1,1,0,1,1,0,1,1,1,1,1
10/27/2025 21:41,1.4109,1.2822,0,1.1225,1.2667,1.4109,1.2822,1.1225,1.775,23.8758,2.3102,48,48,48,23.8758,2.3102,,,,45.6898,21.5656,22.1008,22.5936,22.4649,1,1,1,0,1,1,0,1,1,1,1,1
10/27/2025 21:46,1.4113,1.285,0,1.135,1.27315,1.4113,1.285,1.135,1.85,23.8786,2.3066,48.05,48.05,48.05,23.8786,2.3066,,,,45.7434,21.572,22.0286,22.5936,22.4673,1,1,1,0,1,1,0,1,1,1,1,1
10/27/2025 21:51,1.4072,1.2837,0,1.1487,1.27795,1.4072,1.2837,1.1487,1.775,23.8673,2.3066,47.9125,47.9125,47.9125,23.8673,2.3066,,,,45.6059,21.5607,22.0923,22.5836,22.4601,1,1,1,0,1,1,0,1,1,1,1,1
10/27/2025 21:56,1.4125,1.2837,0,1.125,1.26875,1.4125,1.2837,1.125,1.75,23.8503,2.3048,48.1875,48.1875,48.1875,23.8503,2.3048,,,,45.8827,21.5455,22.1003,22.5666,22.4378,1,1,1,0,1,1,0,1,1,1,1,1
10/27/2025 22:01,1.4219,1.2841,0,1.1387,1.2803,1.4219,1.2841,1.1387,1.75,23.8532,2.312,48.1938,48.1938,48.1938,23.8532,2.312,,,,45.8818,21.5412,22.1032,22.5691,22.4313,1,1,1,0,1,1,0,1,1,1,1,1
10/27/2025 22:06,1.4147,1.2847,0,1.12,1.26735,1.4147,1.2847,1.12,1.75,23.8786,2.303,48.175,48.175,48.175,23.8786,2.303,,,,45.872,21.5756,22.1286,22.5939,22.4639,1,1,1,0,1,1,0,1,1,1,1,1
10/27/2025 22:11,1.4075,1.2831,0,1.115,1.26125,1.4075,1.2831,1.115,1.8,23.8532,2.2994,48.15,48.15,48.15,23.8532,2.2994,,,,45.8506,21.5538,22.0532,22.5701,22.4457,1,1,1,0,1,1,0,1,1,1,1,1
10/27/2025 22:16,1.4113,1.2813,0,1.0962,1.25375,1.4113,1.2813,1.0962,1.775,23.8362,2.312,48.1313,48.1313,48.1313,23.8362,2.312,,,,45.8193,21.5242,22.0612,22.5549,22.4249,1,1,1,0,1,1,0,1,1,1,1,1
10/27/2025 22:21,1.4119,1.2825,0,1.125,1.26845,1.4119,1.2825,1.125,1.75,23.8503,2.3084,48.1,48.1,48.1,23.8503,2.3084,,,,45.7916,21.5419,22.1003,22.5678,22.4384,1,1,1,0,1,1,0,1,1,1,1,1
10/27/2025 22:26,1.4113,1.2831,0,1.1225,1.2669,1.4113,1.2831,1.1225,1.75,23.8617,2.3012,48.0563,48.0563,48.0563,23.8617,2.3012,,,,45.7551,21.5605,22.1117,22.5786,22.4504,1,1,1,0,1,1,0,1,1,1,1,1
10/27/2025 22:31,1.4216,1.2834,0,1.145,1.2833,1.4216,1.2834,1.145,1.775,23.8447,2.2994,48.1438,48.1438,48.1438,23.8447,2.2994,,,,45.8444,21.5453,22.0697,22.5613,22.4231,1,1,1,0,1,1,0,1,1,1,1,1
10/27/2025 22:36,1.4116,1.2837,0,1.1263,1.26895,1.4116,1.2837,1.1263,1.775,23.8475,2.2994,48.0938,48.0938,48.0938,23.8475,2.2994,,,,45.7944,21.5481,22.0725,22.5638,22.4359,1,1,1,0,1,1,0,1,1,1,1,1
10/27/2025 22:41,1.4081,1.2822,0,1.1125,1.2603,1.4081,1.2822,1.1125,1.775,23.8164,2.3048,48.275,48.275,48.275,23.8164,2.3048,,,,45.9702,21.5116,22.0414,22.5342,22.4083,1,1,1,0,1,1,0,1,1,1,1,1
10/27/2025 22:46,1.4147,1.2834,0,1.145,1.27985,1.4147,1.2834,1.145,1.775,23.8221,2.3048,48.2188,48.2188,48.2188,23.8221,2.3048,,,,45.914,21.5173,22.0471,22.5387,22.4074,1,1,1,0,1,1,0,1,1,1,1,1
10/27/2025 22:51,1.4063,1.2837,0,1.1375,1.2719,1.4063,1.2837,1.1375,1.775,23.8079,2.303,48.2,48.2,48.2,23.8079,2.303,,,,45.897,21.5049,22.0329,22.5242,22.4016,1,1,1,0,1,1,0,1,1,1,1,1
10/27/2025 22:56,1.4125,1.2831,0,1.1225,1.2675,1.4125,1.2831,1.1225,1.8,23.8419,2.2994,48.1,48.1,48.1,23.8419,2.2994,,,,45.8006,21.5425,22.0419,22.5588,22.4294,1,1,1,0,1,1,0,1,1,1,1,1
10/27/2025 23:01,1.4097,1.2816,0,1.1513,1.2805,1.4097,1.2816,1.1513,1.8,23.8503,2.3066,48.025,48.025,48.025,23.8503,2.3066,,,,45.7184,21.5437,22.0503,22.5687,22.4406,1,1,1,0,1,1,0,1,1,1,1,1
10/27/2025 23:06,1.4128,1.2794,0,1.1275,1.27015,1.4128,1.2794,1.1275,1.775,23.8306,2.3084,48.125,48.125,48.125,23.8306,2.3084,,,,45.8166,21.5222,22.0556,22.5512,22.4178,1,1,1,0,1,1,0,1,1,1,1,1
10/27/2025 23:11,1.4091,1.2841,0,1.1538,1.28145,1.4091,1.2841,1.1538,1.775,23.8532,2.3012,47.9813,47.9813,47.9813,23.8532,2.3012,,,,45.6801,21.552,22.0782,22.5691,22.4441,1,1,1,0,1,1,0,1,1,1,1,1
10/27/2025 23:16,1.4128,1.2809,0,1.1263,1.26955,1.4128,1.2809,1.1263,1.8,23.8362,2.312,48.1563,48.1563,48.1563,23.8362,2.312,,,,45.8443,21.5242,22.0362,22.5553,22.4234,1,1,1,0,1,1,0,1,1,1,1,1
10/27/2025 23:21,1.41,1.2831,0,1.1163,1.26315,1.41,1.2831,1.1163,1.675,23.8334,2.3012,48.2688,48.2688,48.2688,23.8334,2.3012,,,,45.9676,21.5322,22.1584,22.5503,22.4234,1,1,1,0,1,1,0,1,1,1,1,1
10/27/2025 23:26,1.4169,1.2822,0,1.145,1.28095,1.4169,1.2822,1.145,1.775,23.8588,2.2994,47.975,47.975,47.975,23.8588,2.2994,,,,45.6756,21.5594,22.0838,22.5766,22.4419,1,1,1,0,1,1,0,1,1,1,1,1
10/27/2025 23:31,1.4063,1.2809,0,1.1475,1.2769,1.4063,1.2809,1.1475,1.75,23.8221,2.3066,48.3375,48.3375,48.3375,23.8221,2.3066,,,,46.0309,21.5155,22.0721,22.5412,22.4158,1,1,1,0,1,1,0,1,1,1,1,1
10/27/2025 23:36,1.4081,1.2806,0,1.1163,1.2622,1.4081,1.2806,1.1163,1.775,23.8447,2.2939,48.1,48.1,48.1,23.8447,2.2939,,,,45.8061,21.5508,22.0697,22.5641,22.4366,1,1,1,0,1,1,0,1,1,1,1,1
10/27/2025 23:41,1.4138,1.2816,0,1.1188,1.2663,1.4138,1.2816,1.1188,1.775,23.8362,2.3012,48.2875,48.2875,48.2875,23.8362,2.3012,,,,45.9863,21.535,22.0612,22.5546,22.4224,1,1,1,0,1,1,0,1,1,1,1,1
10/27/2025 23:46,1.4119,1.2825,0,1.1287,1.2703,1.4119,1.2825,1.1287,1.75,23.8475,2.2994,48.15,48.15,48.15,23.8475,2.2994,,,,45.8506,21.5481,22.0975,22.565,22.4356,1,1,1,0,1,1,0,1,1,1,1,1
10/27/2025 23:51,1.4116,1.2816,0,1.145,1.2783,1.4116,1.2816,1.145,1.675,23.8532,2.2939,48.1625,48.1625,48.1625,23.8532,2.2939,,,,45.8686,21.5593,22.1782,22.5716,22.4416,1,1,1,0,1,1,0,1,1,1,1,1
10/27/2025 23:56,1.4072,1.2813,0,1.115,1.2611,1.4072,1.2813,1.115,1.675,23.8786,2.3048,48.0313,48.0313,48.0313,23.8786,2.3048,,,,45.7265,21.5738,22.2036,22.5973,22.4714,1,1,1,0,1,1,0,1,1,1,1,1
10/28/2025 0:01,1.4134,1.2822,0,1.1113,1.26235,1.4134,1.2822,1.1113,1.75,23.8306,2.2994,48.1313,48.1313,48.1313,23.8306,2.2994,,,,45.8319,21.5312,22.0806,22.5484,22.4172,1,1,1,0,1,1,0,1,1,1,1,1
10/28/2025 0:06,1.4206,1.2822,0,1.165,1.2928,1.4206,1.2822,1.165,1.725,23.7938,2.3102,48.4,48.4,48.4,23.7938,2.3102,,,,46.0898,21.4836,22.0688,22.5116,22.3732,1,1,1,0,1,1,0,1,1,1,1,1
10/28/2025 0:11,1.4144,1.2831,0,1.095,1.2547,1.4144,1.2831,1.095,1.775,23.8532,2.2975,48.0063,48.0063,48.0063,23.8532,2.2975,,,,45.7088,21.5557,22.0782,22.5701,22.4388,1,1,1,0,1,1,0,1,1,1,1,1
10/28/2025 0:16,1.4038,1.2806,0,1.1375,1.27065,1.4038,1.2806,1.1375,1.75,23.8588,2.303,48.0063,48.0063,48.0063,23.8588,2.303,,,,45.7033,21.5558,22.1088,22.5782,22.455,1,1,1,0,1,1,0,1,1,1,1,1
10/28/2025 0:21,1.415,1.28,0,1.135,1.275,1.415,1.28,1.135,1.775,23.8277,2.2957,48.0125,48.0125,48.0125,23.8277,2.2957,,,,45.7168,21.532,22.0527,22.5477,22.4127,1,1,1,0,1,1,0,1,1,1,1,1
10/28/2025 0:26,1.4181,1.2803,0,1.1263,1.2722,1.4181,1.2803,1.1263,1.775,23.8419,2.2975,48.2313,48.2313,48.2313,23.8419,2.2975,,,,45.9338,21.5444,22.0669,22.5616,22.4238,1,1,1,0,1,1,0,1,1,1,1,1
10/28/2025 0:31,1.4156,1.2794,0,1.1413,1.27845,1.4156,1.2794,1.1413,1.75,23.8419,2.2975,48.1063,48.1063,48.1063,23.8419,2.2975,,,,45.8088,21.5444,22.0919,22.5625,22.4263,1,1,1,0,1,1,0,1,1,1,1,1
10/28/2025 0:36,1.4144,1.2797,0,1.1188,1.2666,1.4144,1.2797,1.1188,1.775,23.8249,2.2975,47.9625,47.9625,47.9625,23.8249,2.2975,,,,45.665,21.5274,22.0499,22.5452,22.4105,1,1,1,0,1,1,0,1,1,1,1,1
10/28/2025 0:41,1.4172,1.2788,0,1.1387,1.27795,1.4172,1.2788,1.1387,1.8,23.8447,2.303,48.3063,48.3063,48.3063,23.8447,2.303,,,,46.0033,21.5417,22.0447,22.5659,22.4275,1,1,1,0,1,1,0,1,1,1,1,1
10/28/2025 0:46,1.4087,1.2781,0,1.1425,1.2756,1.4087,1.2781,1.1425,1.75,23.8701,2.303,48.1938,48.1938,48.1938,23.8701,2.303,,,,45.8908,21.5671,22.1201,22.592,22.4614,1,1,1,0,1,1,0,1,1,1,1,1
10/28/2025 0:51,1.4156,1.2806,0,1.1613,1.28845,1.4156,1.2806,1.1613,1.8,23.8306,2.3012,48.15,48.15,48.15,23.8306,2.3012,,,,45.8488,21.5294,22.0306,22.55,22.415,1,1,1,0,1,1,0,1,1,1,1,1
10/28/2025 0:56,1.4084,1.2816,0,1.1287,1.26855,1.4084,1.2816,1.1287,1.75,23.8334,2.2885,48.1813,48.1813,48.1813,23.8334,2.2885,,,,45.8928,21.5449,22.0834,22.5518,22.425,1,1,1,0,1,1,0,1,1,1,1,1
10/28/2025 1:01,1.4116,1.2791,0,1.1463,1.27895,1.4116,1.2791,1.1463,1.775,23.8447,2.3066,48.4188,48.4188,48.4188,23.8447,2.3066,,,,46.1122,21.5381,22.0697,22.5656,22.4331,1,1,1,0,1,1,0,1,1,1,1,1
10/28/2025 1:06,1.4119,1.2806,0,1.12,1.26595,1.4119,1.2806,1.12,1.75,23.8701,2.3012,48.1438,48.1438,48.1438,23.8701,2.3012,,,,45.8426,21.5689,22.1201,22.5895,22.4582,1,1,1,0,1,1,0,1,1,1,1,1
10/28/2025 1:11,1.4128,1.2813,0,1.1025,1.25765,1.4128,1.2813,1.1025,1.75,23.8334,2.2939,48.2125,48.2125,48.2125,23.8334,2.2939,,,,45.9186,21.5395,22.0834,22.5521,22.4206,1,1,1,0,1,1,0,1,1,1,1,1
10/28/2025 1:16,1.4125,1.2775,0,1.1387,1.2756,1.4125,1.2775,1.1387,1.8,23.856,2.2994,48.375,48.375,48.375,23.856,2.2994,,,,46.0756,21.5566,22.056,22.5785,22.4435,1,1,1,0,1,1,0,1,1,1,1,1
10/28/2025 1:21,1.4119,1.2809,0,1.1063,1.2591,1.4119,1.2809,1.1063,1.75,23.8532,2.2903,48.0563,48.0563,48.0563,23.8532,2.2903,,,,45.766,21.5629,22.1032,22.5723,22.4413,1,1,1,0,1,1,0,1,1,1,1,1
10/28/2025 1:26,1.4184,1.2809,0,1.1675,1.29295,1.4184,1.2809,1.1675,1.75,23.856,2.3012,48.0813,48.0813,48.0813,23.856,2.3012,,,,45.7801,21.5548,22.106,22.5751,22.4376,1,1,1,0,1,1,0,1,1,1,1,1
10/28/2025 1:31,1.4144,1.2797,0,1.1287,1.27155,1.4144,1.2797,1.1287,1.8,23.8588,2.2957,48.1875,48.1875,48.1875,23.8588,2.2957,,,,45.8918,21.5631,22.0588,22.5791,22.4444,1,1,1,0,1,1,0,1,1,1,1,1
10/28/2025 1:36,1.4131,1.28,0,1.125,1.26905,1.4131,1.28,1.125,1.775,23.7995,2.3048,48.2875,48.2875,48.2875,23.7995,2.3048,,,,45.9827,21.4947,22.0245,22.5195,22.3864,1,1,1,0,1,1,0,1,1,1,1,1
10/28/2025 1:41,1.4147,1.2809,0,1.1338,1.27425,1.4147,1.2809,1.1338,1.75,23.8447,2.2957,48.175,48.175,48.175,23.8447,2.2957,,,,45.8793,21.549,22.0947,22.5638,22.43,1,1,1,0,1,1,0,1,1,1,1,1
10/28/2025 1:46,1.4147,1.2784,0,1.1325,1.2736,1.4147,1.2784,1.1325,1.775,23.8419,2.303,48.1188,48.1188,48.1188,23.8419,2.303,,,,45.8158,21.5389,22.0669,22.5635,22.4272,1,1,1,0,1,1,0,1,1,1,1,1
10/28/2025 1:51,0.0269,1.2772,0.0163,0.0575,0.0259,0.0269,1.2772,0.0575,1.75,0.0028,0.0903,-0.325,-0.325,-0.325,0.0028,0.0903,,,,-0.4153,-0.0875,-1.7472,-1.2744,-0.0241,1,1,1,0,1,1,0,1,1,1,1,1
10/28/2025 1:56,-0.0147,1.2737,0,0,-0.00735,-0.0147,1.2737,0,1.75,0,-0.0018,0,0,0,0,0.0018,,,,-0.0018,-0.0018,-1.75,-1.2737,0.0147,1,1,1,0,1,1,0,1,1,1,1,1
10/28/2025 9:38,1.3631,1.4806,0.03,1.0788,1.19095,1.3631,1.4806,1.0788,1.6,23.5705,3.1591,45.9813,45.9813,45.9813,23.5705,3.1591,,,,42.8222,20.4114,21.9705,22.0899,22.2074,1,1,1,0,1,1,0,1,1,1,1,1
10/28/2025 9:43,1.415,1.3338,0,1.0988,1.2569,1.415,1.3338,1.0988,1.625,23.8701,2.4673,47.9313,47.9313,47.9313,23.8701,2.4673,,,,45.464,21.4028,22.2451,22.5363,22.4551,1,1,1,0,1,1,0,1,1,1,1,1
10/28/2025 9:48,1.4241,1.2966,0,1.085,1.25455,1.4241,1.2966,1.085,1.625,23.8814,2.3626,48.175,48.175,48.175,23.8814,2.3626,,,,45.8124,21.5188,22.2564,22.5848,22.4573,1,1,1,0,1,1,0,1,1,1,1,1
10/28/2025 9:53,1.4388,1.2797,0,1.1325,1.28565,1.4388,1.2797,1.1325,1.6,23.856,2.3337,48.4938,48.4938,48.4938,23.856,2.3337,,,,46.1601,21.5223,22.256,22.5763,22.4172,1,1,1,0,1,1,0,1,1,1,1,1
10/28/2025 9:58,1.4366,1.2725,0,1.1325,1.28455,1.4366,1.2725,1.1325,1.65,23.8786,2.312,48.5125,48.5125,48.5125,23.8786,2.312,,,,46.2005,21.5666,22.2286,22.6061,22.442,1,1,1,0,1,1,0,1,1,1,1,1
10/28/2025 10:03,1.4363,1.2675,0,1.1425,1.2894,1.4363,1.2675,1.1425,1.6,23.873,2.312,48.5875,48.5875,48.5875,23.873,2.312,,,,46.2755,21.561,22.273,22.6055,22.4367,1,1,1,0,1,1,0,1,1,1,1,1
10/28/2025 10:08,1.4378,1.2691,0,1.125,1.2814,1.4378,1.2691,1.125,1.625,23.8758,2.3066,48.3688,48.3688,48.3688,23.8758,2.3066,,,,46.0622,21.5692,22.2508,22.6067,22.438,1,1,1,0,1,1,0,1,1,1,1,1
10/28/2025 10:13,1.4347,1.2697,0,1.1487,1.2917,1.4347,1.2697,1.1487,1.6,23.873,2.3048,48.6375,48.6375,48.6375,23.873,2.3048,,,,46.3327,21.5682,22.273,22.6033,22.4383,1,1,1,0,1,1,0,1,1,1,1,1
10/28/2025 10:18,1.4347,1.2681,0,1.1463,1.2905,1.4347,1.2681,1.1463,1.65,23.856,2.3012,48.5063,48.5063,48.5063,23.856,2.3012,,,,46.2051,21.5548,22.206,22.5879,22.4213,1,1,1,0,1,1,0,1,1,1,1,1
10/28/2025 10:23,1.4341,1.2678,0,1.1325,1.2833,1.4341,1.2678,1.1325,1.625,23.873,2.3048,48.2625,48.2625,48.2625,23.873,2.3048,,,,45.9577,21.5682,22.248,22.6052,22.4389,1,1,1,0,1,1,0,1,1,1,1,1
10/28/2025 10:28,1.4384,1.2688,0,1.17,1.3042,1.4384,1.2688,1.17,1.625,23.8617,2.2903,48.6375,48.6375,48.6375,23.8617,2.2903,,,,46.3472,21.5714,22.2367,22.5929,22.4233,1,1,1,0,1,1,0,1,1,1,1,1
10/28/2025 10:33,1.4353,1.2678,0,1.1287,1.282,1.4353,1.2678,1.1287,1.575,23.8362,2.2957,48.55,48.55,48.55,23.8362,2.2957,,,,46.2543,21.5405,22.2612,22.5684,22.4009,1,1,1,0,1,1,0,1,1,1,1,1
10/28/2025 10:38,1.4344,1.2684,0,1.0962,1.2653,1.4344,1.2684,1.0962,1.575,23.8249,2.2921,48.3375,48.3375,48.3375,23.8249,2.2921,,,,46.0454,21.5328,22.2499,22.5565,22.3905,1,1,1,0,1,1,0,1,1,1,1,1
10/28/2025 10:43,1.4375,1.2709,0,1.1287,1.2831,1.4375,1.2709,1.1287,1.525,23.8503,2.2831,48.4875,48.4875,48.4875,23.8503,2.2831,,,,46.2044,21.5672,22.3253,22.5794,22.4128,1,1,1,0,1,1,0,1,1,1,1,1
10/28/2025 10:48,1.4409,1.2694,0,1.1313,1.2861,1.4409,1.2694,1.1313,1.525,23.8475,2.2831,48.6438,48.6438,48.6438,23.8475,2.2831,,,,46.3607,21.5644,22.3225,22.5781,22.4066,1,1,1,0,1,1,0,1,1,1,1,1
10/28/2025 10:53,1.4316,1.2716,0,1.1025,1.26705,1.4316,1.2716,1.1025,1.625,23.8306,2.2849,48.525,48.525,48.525,23.8306,2.2849,,,,46.2401,21.5457,22.2056,22.559,22.399,1,1,1,0,1,1,0,1,1,1,1,1
10/28/2025 10:58,1.4359,1.2694,0,1.1413,1.2886,1.4359,1.2694,1.1413,1.625,23.856,2.2849,48.5188,48.5188,48.5188,23.856,2.2849,,,,46.2339,21.5711,22.231,22.5866,22.4201,1,1,1,0,1,1,0,1,1,1,1,1
10/28/2025 11:03,1.4306,1.2663,0,1.1075,1.26905,1.4306,1.2663,1.1075,1.575,23.856,2.2867,48.3688,48.3688,48.3688,23.856,2.2867,,,,46.0821,21.5693,22.281,22.5897,22.4254,1,1,1,0,1,1,0,1,1,1,1,1
10/28/2025 11:08,1.4375,1.2706,0,1.0875,1.2625,1.4375,1.2706,1.0875,1.575,23.8362,2.2831,48.65,48.65,48.65,23.8362,2.2831,,,,46.3669,21.5531,22.2612,22.5656,22.3987,1,1,1,0,1,1,0,1,1,1,1,1
10/28/2025 11:13,1.4322,1.2663,0,1.1463,1.28925,1.4322,1.2663,1.1463,1.575,23.839,2.2831,48.55,48.55,48.55,23.839,2.2831,,,,46.2669,21.5559,22.264,22.5727,22.4068,1,1,1,0,1,1,0,1,1,1,1,1
10/28/2025 11:18,1.4347,1.2675,0,1.1613,1.298,1.4347,1.2675,1.1613,1.575,23.8192,2.2813,48.55,48.55,48.55,23.8192,2.2813,,,,46.2687,21.5379,22.2442,22.5517,22.3845,1,1,1,0,1,1,0,1,1,1,1,1
10/28/2025 11:23,1.4313,1.2694,0,1.135,1.28315,1.4313,1.2694,1.135,1.6,23.8419,2.2795,48.5313,48.5313,48.5313,23.8419,2.2795,,,,46.2518,21.5624,22.2419,22.5725,22.4106,1,1,1,0,1,1,0,1,1,1,1,1
10/28/2025 11:28,1.4397,1.2684,0,1.1025,1.2711,1.4397,1.2684,1.1025,1.65,23.839,2.2885,48.5563,48.5563,48.5563,23.839,2.2885,,,,46.2678,21.5505,22.189,22.5706,22.3993,1,1,1,0,1,1,0,1,1,1,1,1
10/28/2025 11:33,1.4303,1.2709,0,1.105,1.26765,1.4303,1.2709,1.105,1.575,23.8532,2.2777,48.6313,48.6313,48.6313,23.8532,2.2777,,,,46.3536,21.5755,22.2782,22.5823,22.4229,1,1,1,0,1,1,0,1,1,1,1,1
10/28/2025 11:38,1.4322,1.2697,0,1.1413,1.28675,1.4322,1.2697,1.1413,1.6,23.8306,2.2885,48.8625,48.8625,48.8625,23.8306,2.2885,,,,46.574,21.5421,22.2306,22.5609,22.3984,1,1,1,0,1,1,0,1,1,1,1,1
10/28/2025 11:43,1.4313,1.2694,0,1.1513,1.2913,1.4313,1.2694,1.1513,1.625,23.8475,2.2849,48.5438,48.5438,48.5438,23.8475,2.2849,,,,46.2589,21.5626,22.2225,22.5781,22.4162,1,1,1,0,1,1,0,1,1,1,1,1
10/28/2025 11:48,1.4328,1.27,0,1.1325,1.28265,1.4328,1.27,1.1325,1.65,23.8645,2.2813,48.5313,48.5313,48.5313,23.8645,2.2813,,,,46.25,21.5832,22.2145,22.5945,22.4317,1,1,1,0,1,1,0,1,1,1,1,1
10/28/2025 11:53,1.4341,1.2697,0,1.1275,1.2808,1.4341,1.2697,1.1275,1.675,23.8447,2.2831,48.5875,48.5875,48.5875,23.8447,2.2831,,,,46.3044,21.5616,22.1697,22.575,22.4106,1,1,1,0,1,1,0,1,1,1,1,1
10/28/2025 11:58,1.4309,1.2722,0,1.1263,1.2786,1.4309,1.2722,1.1263,1.625,23.8588,2.2867,48.325,48.325,48.325,23.8588,2.2867,,,,46.0383,21.5721,22.2338,22.5866,22.4279,1,1,1,0,1,1,0,1,1,1,1,1
10/28/2025 12:03,1.4297,1.2703,0,1.145,1.28735,1.4297,1.2703,1.145,1.65,23.8419,2.2831,48.5063,48.5063,48.5063,23.8419,2.2831,,,,46.2232,21.5588,22.1919,22.5716,22.4122,1,1,1,0,1,1,0,1,1,1,1,1
10/28/2025 12:08,1.4291,1.2697,0,1.0962,1.26265,1.4291,1.2697,1.0962,1.625,23.8334,2.2813,48.5875,48.5875,48.5875,23.8334,2.2813,,,,46.3062,21.5521,22.2084,22.5637,22.4043,1,1,1,0,1,1,0,1,1,1,1,1
10/28/2025 12:13,1.4316,1.2713,0,1.1313,1.28145,1.4316,1.2713,1.1313,1.625,23.839,2.2813,48.5,48.5,48.5,23.839,2.2813,,,,46.2187,21.5577,22.214,22.5677,22.4074,1,1,1,0,1,1,0,1,1,1,1,1
10/28/2025 12:18,1.4319,1.2703,0,1.1013,1.2666,1.4319,1.2703,1.1013,1.65,23.7938,2.2867,48.425,48.425,48.425,23.7938,2.2867,,,,46.1383,21.5071,22.1438,22.5235,22.3619,1,1,1,0,1,1,0,1,1,1,1,1
10/28/2025 12:23,1.4281,1.27,0,1.1075,1.2678,1.4281,1.27,1.1075,1.675,23.8673,2.2813,48.3813,48.3813,48.3813,23.8673,2.2813,,,,46.1,21.586,22.1923,22.5973,22.4392,1,1,1,0,1,1,0,1,1,1,1,1
10/28/2025 12:28,1.4313,1.2709,0,1.1463,1.2888,1.4313,1.2709,1.1463,1.625,23.8475,2.2831,48.3625,48.3625,48.3625,23.8475,2.2831,,,,46.0794,21.5644,22.2225,22.5766,22.4162,1,1,1,0,1,1,0,1,1,1,1,1
10/28/2025 12:33,1.4322,1.2684,0,1.1088,1.2705,1.4322,1.2684,1.1088,1.65,23.8617,2.2831,48.4938,48.4938,48.4938,23.8617,2.2831,,,,46.2107,21.5786,22.2117,22.5933,22.4295,1,1,1,0,1,1,0,1,1,1,1,1
10/28/2025 12:38,1.4319,1.2678,0,1.125,1.27845,1.4319,1.2678,1.125,1.625,23.8447,2.2885,48.3875,48.3875,48.3875,23.8447,2.2885,,,,46.099,21.5562,22.2197,22.5769,22.4128,1,1,1,0,1,1,0,1,1,1,1,1
10/28/2025 12:43,1.4353,1.2709,0,1.14,1.28765,1.4353,1.2709,1.14,1.675,23.8588,2.2885,48.45,48.45,48.45,23.8588,2.2885,,,,46.1615,21.5703,22.1838,22.5879,22.4235,1,1,1,0,1,1,0,1,1,1,1,1
10/28/2025 12:48,1.4281,1.2697,0,1.1163,1.2722,1.4281,1.2697,1.1163,1.625,23.8617,2.2813,48.375,48.375,48.375,23.8617,2.2813,,,,46.0937,21.5804,22.2367,22.592,22.4336,1,1,1,0,1,1,0,1,1,1,1,1
10/28/2025 12:53,1.4353,1.2697,0,1.0962,1.26575,1.4353,1.2697,1.0962,1.625,23.8503,2.2867,48.35,48.35,48.35,23.8503,2.2867,,,,46.0633,21.5636,22.2253,22.5806,22.415,1,1,1,0,1,1,0,1,1,1,1,1
10/28/2025 12:58,1.4338,1.2709,0,1.125,1.2794,1.4338,1.2709,1.125,1.675,23.8532,2.2885,48.4375,48.4375,48.4375,23.8532,2.2885,,,,46.149,21.5647,22.1782,22.5823,22.4194,1,1,1,0,1,1,0,1,1,1,1,1
10/28/2025 13:03,1.4297,1.2703,0,1.1287,1.2792,1.4297,1.2703,1.1287,1.65,23.8927,2.2867,48.325,48.325,48.325,23.8927,2.2867,,,,46.0383,21.606,22.2427,22.6224,22.463,1,1,1,0,1,1,0,1,1,1,1,1
10/28/2025 13:08,1.4291,1.2691,0,1.1338,1.28145,1.4291,1.2691,1.1338,1.65,23.8334,2.2831,48.5938,48.5938,48.5938,23.8334,2.2831,,,,46.3107,21.5503,22.1834,22.5643,22.4043,1,1,1,0,1,1,0,1,1,1,1,1
10/28/2025 13:13,1.4309,1.2666,0,1.1075,1.2692,1.4309,1.2666,1.1075,1.65,23.856,2.2831,48.35,48.35,48.35,23.856,2.2831,,,,46.0669,21.5729,22.206,22.5894,22.4251,1,1,1,0,1,1,0,1,1,1,1,1
10/28/2025 13:18,1.4306,1.2706,0,1.1313,1.28095,1.4306,1.2706,1.1313,1.625,23.873,2.2903,48.5125,48.5125,48.5125,23.873,2.2903,,,,46.2222,21.5827,22.248,22.6024,22.4424,1,1,1,0,1,1,0,1,1,1,1,1
10/28/2025 13:23,1.4288,1.2706,0,1.07,1.2494,1.4288,1.2706,1.07,1.625,23.8645,2.2831,48.3688,48.3688,48.3688,23.8645,2.2831,,,,46.0857,21.5814,22.2395,22.5939,22.4357,1,1,1,0,1,1,0,1,1,1,1,1
10/28/2025 13:28,1.4247,1.2694,0,1.1387,1.2817,1.4247,1.2694,1.1387,1.65,23.8617,2.2939,48.4938,48.4938,48.4938,23.8617,2.2939,,,,46.1999,21.5678,22.2117,22.5923,22.437,1,1,1,0,1,1,0,1,1,1,1,1
10/28/2025 13:33,1.4253,1.2675,0,1.1113,1.2683,1.4253,1.2675,1.1113,1.65,23.8617,2.2903,48.3875,48.3875,48.3875,23.8617,2.2903,,,,46.0972,21.5714,22.2117,22.5942,22.4364,1,1,1,0,1,1,0,1,1,1,1,1
10/28/2025 13:38,1.4297,1.2669,0,1.1125,1.2711,1.4297,1.2669,1.1125,1.625,23.8673,2.2921,48.4313,48.4313,48.4313,23.8673,2.2921,,,,46.1392,21.5752,22.2423,22.6004,22.4376,1,1,1,0,1,1,0,1,1,1,1,1
10/28/2025 13:43,1.4359,1.2684,0,1.1275,1.2817,1.4359,1.2684,1.1275,1.625,23.8786,2.2903,48.3875,48.3875,48.3875,23.8786,2.2903,,,,46.0972,21.5883,22.2536,22.6102,22.4427,1,1,1,0,1,1,0,1,1,1,1,1
10/28/2025 13:48,1.4356,1.2684,0,1.1313,1.28345,1.4356,1.2684,1.1313,1.675,23.9012,2.2849,48.1375,48.1375,48.1375,23.9012,2.2849,,,,45.8526,21.6163,22.2262,22.6328,22.4656,1,1,1,0,1,1,0,1,1,1,1,1
10/28/2025 13:53,1.4353,1.2697,0,1.1113,1.2733,1.4353,1.2697,1.1113,1.65,23.8701,2.2885,48.5438,48.5438,48.5438,23.8701,2.2885,,,,46.2553,21.5816,22.2201,22.6004,22.4348,1,1,1,0,1,1,0,1,1,1,1,1
10/28/2025 13:58,1.4266,1.2684,0,1.1275,1.27705,1.4266,1.2684,1.1275,1.625,23.8871,2.2885,48.1938,48.1938,48.1938,23.8871,2.2885,,,,45.9053,21.5986,22.2621,22.6187,22.4605,1,1,1,0,1,1,0,1,1,1,1,1
10/28/2025 14:03,1.43,1.2688,0,1.1475,1.28875,1.43,1.2688,1.1475,1.65,23.8956,2.2885,48.55,48.55,48.55,23.8956,2.2885,,,,46.2615,21.6071,22.2456,22.6268,22.4656,1,1,1,0,1,1,0,1,1,1,1,1
10/28/2025 14:08,1.4278,1.2722,0,1.1088,1.2683,1.4278,1.2722,1.1088,1.625,23.8814,2.2867,48.2563,48.2563,48.2563,23.8814,2.2867,,,,45.9696,21.5947,22.2564,22.6092,22.4536,1,1,1,0,1,1,0,1,1,1,1,1
10/28/2025 14:13,1.4297,1.2709,0,1.1025,1.2661,1.4297,1.2709,1.1025,1.675,23.856,2.2885,48.5438,48.5438,48.5438,23.856,2.2885,,,,46.2553,21.5675,22.181,22.5851,22.4263,1,1,1,0,1,1,0,1,1,1,1,1
10/28/2025 14:18,1.4244,1.2703,0,1.1025,1.26345,1.4244,1.2703,1.1025,1.65,23.856,2.2939,48.4063,48.4063,48.4063,23.856,2.2939,,,,46.1124,21.5621,22.206,22.5857,22.4316,1,1,1,0,1,1,0,1,1,1,1,1
10/28/2025 14:23,1.4322,1.2709,0,1.1075,1.26985,1.4322,1.2709,1.1075,1.65,23.8503,2.2885,48.4563,48.4563,48.4563,23.8503,2.2885,,,,46.1678,21.5618,22.2003,22.5794,22.4181,1,1,1,0,1,1,0,1,1,1,1,1
10/28/2025 14:28,1.43,1.2697,0,1.1325,1.28125,1.43,1.2697,1.1325,1.65,23.9182,2.2939,48.3375,48.3375,48.3375,23.9182,2.2939,,,,46.0436,21.6243,22.2682,22.6485,22.4882,1,1,1,0,1,1,0,1,1,1,1,1
10/28/2025 14:33,1.4334,1.2703,0,1.1287,1.28105,1.4334,1.2703,1.1287,1.675,23.8758,2.2867,48.5313,48.5313,48.5313,23.8758,2.2867,,,,46.2446,21.5891,22.2008,22.6055,22.4424,1,1,1,0,1,1,0,1,1,1,1,1
10/28/2025 14:38,1.4319,1.2694,0,1.0862,1.25905,1.4319,1.2694,1.0862,1.575,23.8786,2.2903,48.3313,48.3313,48.3313,23.8786,2.2903,,,,46.041,21.5883,22.3036,22.6092,22.4467,1,1,1,0,1,1,0,1,1,1,1,1
10/28/2025 14:43,1.4284,1.2722,0,1.1413,1.28485,1.4284,1.2722,1.1413,1.6,23.8617,2.2921,48.525,48.525,48.525,23.8617,2.2921,,,,46.2329,21.5696,22.2617,22.5895,22.4333,1,1,1,0,1,1,0,1,1,1,1,1
10/28/2025 14:48,1.4284,1.2713,0,1.1113,1.26985,1.4284,1.2713,1.1113,1.6,23.873,2.2957,48.4563,48.4563,48.4563,23.873,2.2957,,,,46.1606,21.5773,22.273,22.6017,22.4446,1,1,1,0,1,1,0,1,1,1,1,1
10/28/2025 14:53,1.4294,1.2703,0,1.1425,1.28595,1.4294,1.2703,1.1425,1.575,23.839,2.2921,48.2063,48.2063,48.2063,23.839,2.2921,,,,45.9142,21.5469,22.264,22.5687,22.4096,1,1,1,0,1,1,0,1,1,1,1,1
10/28/2025 14:58,1.4288,1.2694,0,1.0988,1.2638,1.4288,1.2694,1.0988,1.575,23.8447,2.2885,48.25,48.25,48.25,23.8447,2.2885,,,,45.9615,21.5562,22.2697,22.5753,22.4159,1,1,1,0,1,1,0,1,1,1,1,1
10/28/2025 15:03,1.4297,1.2706,0,1.135,1.28235,1.4297,1.2706,1.135,1.575,23.8503,2.2903,48.4688,48.4688,48.4688,23.8503,2.2903,,,,46.1785,21.56,22.2753,22.5797,22.4206,1,1,1,0,1,1,0,1,1,1,1,1
10/28/2025 15:08,1.4291,1.2703,0,1.125,1.27705,1.4291,1.2703,1.125,1.625,23.8701,2.2939,48.2438,48.2438,48.2438,23.8701,2.2939,,,,45.9499,21.5762,22.2451,22.5998,22.441,1,1,1,0,1,1,0,1,1,1,1,1
10/28/2025 15:13,1.42,1.2709,0,1.1275,1.27375,1.42,1.2709,1.1275,1.6,23.856,2.2903,48.1438,48.1438,48.1438,23.856,2.2903,,,,45.8535,21.5657,22.256,22.5851,22.436,1,1,1,0,1,1,0,1,1,1,1,1
10/28/2025 15:18,1.4294,1.2719,0,1.1475,1.28845,1.4294,1.2719,1.1475,1.6,23.8475,2.2957,48.5313,48.5313,48.5313,23.8475,2.2957,,,,46.2356,21.5518,22.2475,22.5756,22.4181,1,1,1,0,1,1,0,1,1,1,1,1
10/28/2025 15:23,1.4328,1.2709,0,1.1113,1.27205,1.4328,1.2709,1.1113,1.625,23.8532,2.2831,48.55,48.55,48.55,23.8532,2.2831,,,,46.2669,21.5701,22.2282,22.5823,22.4204,1,1,1,0,1,1,0,1,1,1,1,1
10/28/2025 15:28,1.4275,1.2691,0,1.1275,1.2775,1.4275,1.2691,1.1275,1.6,23.8532,2.2957,48.5375,48.5375,48.5375,23.8532,2.2957,,,,46.2418,21.5575,22.2532,22.5841,22.4257,1,1,1,0,1,1,0,1,1,1,1,1
10/28/2025 15:33,1.4347,1.2691,0,1.0788,1.25675,1.4347,1.2691,1.0788,1.65,23.8306,2.2921,48.5,48.5,48.5,23.8306,2.2921,,,,46.2079,21.5385,22.1806,22.5615,22.3959,1,1,1,0,1,1,0,1,1,1,1,1
10/28/2025 15:38,1.4241,1.2706,0,1.1313,1.2777,1.4241,1.2706,1.1313,1.625,23.873,2.2885,47.9813,47.9813,47.9813,23.873,2.2885,,,,45.6928,21.5845,22.248,22.6024,22.4489,1,1,1,0,1,1,0,1,1,1,1,1
10/28/2025 15:43,1.4306,1.2688,0,1.1213,1.27595,1.4306,1.2688,1.1213,1.6,23.8419,2.2957,48.3438,48.3438,48.3438,23.8419,2.2957,,,,46.0481,21.5462,22.2419,22.5731,22.4113,1,1,1,0,1,1,0,1,1,1,1,1
10/28/2025 15:48,1.4269,1.2706,0,1.0925,1.2597,1.4269,1.2706,1.0925,1.6,23.856,2.2921,48.3938,48.3938,48.3938,23.856,2.2921,,,,46.1017,21.5639,22.256,22.5854,22.4291,1,1,1,0,1,1,0,1,1,1,1,1
10/28/2025 15:53,1.4275,1.2675,0,1.1013,1.2644,1.4275,1.2675,1.1013,1.6,23.8475,2.2903,48.3813,48.3813,48.3813,23.8475,2.2903,,,,46.091,21.5572,22.2475,22.58,22.42,1,1,1,0,1,1,0,1,1,1,1,1
10/28/2025 15:58,1.4275,1.2703,0,1.1338,1.28065,1.4275,1.2703,1.1338,1.625,23.8447,2.2939,48.5063,48.5063,48.5063,23.8447,2.2939,,,,46.2124,21.5508,22.2197,22.5744,22.4172,1,1,1,0,1,1,0,1,1,1,1,1
10/28/2025 16:03,1.4294,1.2694,0,1.1163,1.27285,1.4294,1.2694,1.1163,1.625,23.8306,2.2903,48.4,48.4,48.4,23.8306,2.2903,,,,46.1097,21.5403,22.2056,22.5612,22.4012,1,1,1,0,1,1,0,1,1,1,1,1
10/28/2025 16:08,1.4294,1.2684,0,1.1287,1.27905,1.4294,1.2684,1.1287,1.6,23.8362,2.2939,48.45,48.45,48.45,23.8362,2.2939,,,,46.1561,21.5423,22.2362,22.5678,22.4068,1,1,1,0,1,1,0,1,1,1,1,1
10/28/2025 16:13,1.4294,1.27,0,1.12,1.2747,1.4294,1.27,1.12,1.625,23.8249,2.2921,48.5125,48.5125,48.5125,23.8249,2.2921,,,,46.2204,21.5328,22.1999,22.5549,22.3955,1,1,1,0,1,1,0,1,1,1,1,1
10/28/2025 16:18,1.4288,1.2697,0,1.1463,1.28755,1.4288,1.2697,1.1463,1.6,23.856,2.2957,48.3375,48.3375,48.3375,23.856,2.2957,,,,46.0418,21.5603,22.256,22.5863,22.4272,1,1,1,0,1,1,0,1,1,1,1,1
10/28/2025 16:23,1.4291,1.2697,0,1.1275,1.2783,1.4291,1.2697,1.1275,1.575,23.8277,2.2867,48.2688,48.2688,48.2688,23.8277,2.2867,,,,45.9821,21.541,22.2527,22.558,22.3986,1,1,1,0,1,1,0,1,1,1,1,1
10/28/2025 16:28,1.4309,1.2697,0,1.1225,1.2767,1.4309,1.2697,1.1225,1.65,23.839,2.2885,48.4063,48.4063,48.4063,23.839,2.2885,,,,46.1178,21.5505,22.189,22.5693,22.4081,1,1,1,0,1,1,0,1,1,1,1,1
10/28/2025 16:33,1.425,1.2684,0,1.1425,1.28375,1.425,1.2684,1.1425,1.675,23.8503,2.2939,48.325,48.325,48.325,23.8503,2.2939,,,,46.0311,21.5564,22.1753,22.5819,22.4253,1,1,1,0,1,1,0,1,1,1,1,1
10/28/2025 16:38,1.4316,1.2684,0,1.1013,1.26645,1.4316,1.2684,1.1013,1.65,23.8108,2.2867,48.3125,48.3125,48.3125,23.8108,2.2867,,,,46.0258,21.5241,22.1608,22.5424,22.3792,1,1,1,0,1,1,0,1,1,1,1,1
10/28/2025 16:43,1.4275,1.27,0,1.1287,1.2781,1.4275,1.27,1.1287,1.65,23.8532,2.2939,48.4563,48.4563,48.4563,23.8532,2.2939,,,,46.1624,21.5593,22.2032,22.5832,22.4257,1,1,1,0,1,1,0,1,1,1,1,1
10/28/2025 16:48,1.4266,1.2675,0,1.12,1.2733,1.4266,1.2675,1.12,1.675,23.8249,2.2921,48.6063,48.6063,48.6063,23.8249,2.2921,,,,46.3142,21.5328,22.1499,22.5574,22.3983,1,1,1,0,1,1,0,1,1,1,1,1
10/28/2025 16:53,1.4284,1.2691,0,1.0988,1.2636,1.4284,1.2691,1.0988,1.75,23.8221,2.2939,48.6438,48.6438,48.6438,23.8221,2.2939,,,,46.3499,21.5282,22.0721,22.553,22.3937,1,1,1,0,1,1,0,1,1,1,1,1
10/28/2025 16:58,1.4328,1.2678,0,1.1125,1.27265,1.4328,1.2678,1.1125,1.725,23.7882,2.2921,48.25,48.25,48.25,23.7882,2.2921,,,,45.9579,21.4961,22.0632,22.5204,22.3554,1,1,1,0,1,1,0,1,1,1,1,1
10/28/2025 17:03,1.4313,1.2681,0,1.135,1.28315,1.4313,1.2681,1.135,1.775,23.8447,2.2867,48.4188,48.4188,48.4188,23.8447,2.2867,,,,46.1321,21.558,22.0697,22.5766,22.4134,1,1,1,0,1,1,0,1,1,1,1,1
10/28/2025 17:08,1.4341,1.2681,0,1.1225,1.2783,1.4341,1.2681,1.1225,1.75,23.8447,2.2939,48.3938,48.3938,48.3938,23.8447,2.2939,,,,46.0999,21.5508,22.0947,22.5766,22.4106,1,1,1,0,1,1,0,1,1,1,1,1
10/28/2025 17:13,1.4366,1.2669,0,1.1313,1.28395,1.4366,1.2669,1.1313,1.775,23.8362,2.2903,48.2188,48.2188,48.2188,23.8362,2.2903,,,,45.9285,21.5459,22.0612,22.5693,22.3996,1,1,1,0,1,1,0,1,1,1,1,1
10/28/2025 17:18,1.4344,1.2697,0,1.1263,1.28035,1.4344,1.2697,1.1263,1.75,23.8645,2.2921,48.4063,48.4063,48.4063,23.8645,2.2921,,,,46.1142,21.5724,22.1145,22.5948,22.4301,1,1,1,0,1,1,0,1,1,1,1,1
10/28/2025 17:23,1.4322,1.2697,0,1.1125,1.27235,1.4322,1.2697,1.1125,1.775,23.8192,2.2885,48.2875,48.2875,48.2875,23.8192,2.2885,,,,45.999,21.5307,22.0442,22.5495,22.387,1,1,1,0,1,1,0,1,1,1,1,1
10/28/2025 17:28,1.4366,1.2681,0,1.1025,1.26955,1.4366,1.2681,1.1025,1.75,23.8673,2.2939,48.5063,48.5063,48.5063,23.8673,2.2939,,,,46.2124,21.5734,22.1173,22.5992,22.4307,1,1,1,0,1,1,0,1,1,1,1,1
10/28/2025 17:33,1.4347,1.2681,0,1.1463,1.2905,1.4347,1.2681,1.1463,1.8,23.8362,2.2903,48.35,48.35,48.35,23.8362,2.2903,,,,46.0597,21.5459,22.0362,22.5681,22.4015,1,1,1,0,1,1,0,1,1,1,1,1
10/28/2025 17:38,1.4372,1.27,0,1.1338,1.2855,1.4372,1.27,1.1338,1.85,23.8475,2.2939,48.4125,48.4125,48.4125,23.8475,2.2939,,,,46.1186,21.5536,21.9975,22.5775,22.4103,1,1,1,0,1,1,0,1,1,1,1,1
10/28/2025 17:43,1.4306,1.2691,0,1.135,1.2828,1.4306,1.2691,1.135,1.8,23.8419,2.2903,48.4813,48.4813,48.4813,23.8419,2.2903,,,,46.191,21.5516,22.0419,22.5728,22.4113,1,1,1,0,1,1,0,1,1,1,1,1
10/28/2025 17:48,1.4325,1.2697,0,1.1275,1.28,1.4325,1.2697,1.1275,1.8,23.8503,2.2921,48.275,48.275,48.275,23.8503,2.2921,,,,45.9829,21.5582,22.0503,22.5806,22.4178,1,1,1,0,1,1,0,1,1,1,1,1
10/28/2025 17:53,1.4319,1.2694,0,1.125,1.27845,1.4319,1.2694,1.125,1.875,23.856,2.2885,48.3938,48.3938,48.3938,23.856,2.2885,,,,46.1053,21.5675,21.981,22.5866,22.4241,1,1,1,0,1,1,0,1,1,1,1,1
10/28/2025 17:58,1.4291,1.2678,0,1.1113,1.2702,1.4291,1.2678,1.1113,1.875,23.8701,2.2939,48.2188,48.2188,48.2188,23.8701,2.2939,,,,45.9249,21.5762,21.9951,22.6023,22.441,1,1,1,0,1,1,0,1,1,1,1,1
10/28/2025 18:03,1.4363,1.2663,0,1.1075,1.2719,1.4363,1.2663,1.1075,1.875,23.8617,2.2885,48.6063,48.6063,48.6063,23.8617,2.2885,,,,46.3178,21.5732,21.9867,22.5954,22.4254,1,1,1,0,1,1,0,1,1,1,1,1
10/28/2025 18:08,1.4291,1.2653,0,1.145,1.28705,1.4291,1.2653,1.145,1.875,23.8306,2.2939,48.45,48.45,48.45,23.8306,2.2939,,,,46.1561,21.5367,21.9556,22.5653,22.4015,1,1,1,0,1,1,0,1,1,1,1,1
10/28/2025 18:13,1.4306,1.27,0,1.1525,1.29155,1.4306,1.27,1.1525,1.875,23.8475,2.2903,48.4438,48.4438,48.4438,23.8475,2.2903,,,,46.1535,21.5572,21.9725,22.5775,22.4169,1,1,1,0,1,1,0,1,1,1,1,1
10/28/2025 18:18,1.435,1.2681,0,1.1213,1.27815,1.435,1.2681,1.1213,1.9,23.8701,2.2867,48.575,48.575,48.575,23.8701,2.2867,,,,46.2883,21.5834,21.9701,22.602,22.4351,1,1,1,0,1,1,0,1,1,1,1,1
10/28/2025 18:23,1.4356,1.2678,0,1.0888,1.2622,1.4356,1.2678,1.0888,1.9,23.8532,2.2867,48.85,48.85,48.85,23.8532,2.2867,,,,46.5633,21.5665,21.9532,22.5854,22.4176,1,1,1,0,1,1,0,1,1,1,1,1
10/28/2025 18:28,1.4313,1.2672,0,1.1213,1.2763,1.4313,1.2672,1.1213,1.875,23.8588,2.2885,48.5125,48.5125,48.5125,23.8588,2.2885,,,,46.224,21.5703,21.9838,22.5916,22.4275,1,1,1,0,1,1,0,1,1,1,1,1
10/28/2025 18:33,1.4334,1.2672,0,1.1063,1.26985,1.4334,1.2672,1.1063,1.9,23.8419,2.2921,48.2813,48.2813,48.2813,23.8419,2.2921,,,,45.9892,21.5498,21.9419,22.5747,22.4085,1,1,1,0,1,1,0,1,1,1,1,1
10/28/2025 18:38,1.4338,1.2672,0,1.1188,1.2763,1.4338,1.2672,1.1188,1.875,23.8786,2.2957,48.5063,48.5063,48.5063,23.8786,2.2957,,,,46.2106,21.5829,22.0036,22.6114,22.4448,1,1,1,0,1,1,0,1,1,1,1,1
10/28/2025 18:43,1.4313,1.2666,0,1.1213,1.2763,1.4313,1.2666,1.1213,1.875,23.8617,2.2903,48.5313,48.5313,48.5313,23.8617,2.2903,,,,46.241,21.5714,21.9867,22.5951,22.4304,1,1,1,0,1,1,0,1,1,1,1,1
10/28/2025 18:48,1.4353,1.2694,0,1.125,1.28015,1.4353,1.2694,1.125,1.875,23.8617,2.2885,48.4875,48.4875,48.4875,23.8617,2.2885,,,,46.199,21.5732,21.9867,22.5923,22.4264,1,1,1,0,1,1,0,1,1,1,1,1
10/28/2025 18:53,1.4363,1.2666,0,1.1387,1.2875,1.4363,1.2666,1.1387,1.9,23.8588,2.2975,48.6563,48.6563,48.6563,23.8588,2.2975,,,,46.3588,21.5613,21.9588,22.5922,22.4225,1,1,1,0,1,1,0,1,1,1,1,1
10/28/2025 18:58,1.4316,1.2684,0,1.1387,1.28515,1.4316,1.2684,1.1387,1.9,23.8899,2.2903,48.3375,48.3375,48.3375,23.8899,2.2903,,,,46.0472,21.5996,21.9899,22.6215,22.4583,1,1,1,0,1,1,0,1,1,1,1,1
10/28/2025 19:03,1.4428,1.2678,0,1.1088,1.2758,1.4428,1.2678,1.1088,1.85,23.8334,2.2921,48.7688,48.7688,48.7688,23.8334,2.2921,,,,46.4767,21.5413,21.9834,22.5656,22.3906,1,1,1,0,1,1,0,1,1,1,1,1
10/28/2025 19:08,1.4419,1.2663,0,1.1188,1.28035,1.4419,1.2663,1.1188,1.8,23.873,2.2921,48.5563,48.5563,48.5563,23.873,2.2921,,,,46.2642,21.5809,22.073,22.6067,22.4311,1,1,1,0,1,1,0,1,1,1,1,1
10/28/2025 19:13,1.4353,1.2653,0,1.1425,1.2889,1.4353,1.2653,1.1425,1.775,23.8532,2.2867,48.4938,48.4938,48.4938,23.8532,2.2867,,,,46.2071,21.5665,22.0782,22.5879,22.4179,1,1,1,0,1,1,0,1,1,1,1,1
10/28/2025 19:18,1.4316,1.2688,0,1.1325,1.28205,1.4316,1.2688,1.1325,1.85,23.8899,2.2885,48.6375,48.6375,48.6375,23.8899,2.2885,,,,46.349,21.6014,22.0399,22.6211,22.4583,1,1,1,0,1,1,0,1,1,1,1,1
10/28/2025 19:23,1.4328,1.2653,0,1.1063,1.26955,1.4328,1.2653,1.1063,1.8,23.8419,2.2921,48.4375,48.4375,48.4375,23.8419,2.2921,,,,46.1454,21.5498,22.0419,22.5766,22.4091,1,1,1,0,1,1,0,1,1,1,1,1
10/28/2025 19:28,1.44,1.2688,0,1.1525,1.29625,1.44,1.2688,1.1525,1.775,23.8192,2.2849,48.6625,48.6625,48.6625,23.8192,2.2849,,,,46.3776,21.5343,22.0442,22.5504,22.3792,1,1,1,0,1,1,0,1,1,1,1,1
10/28/2025 19:33,1.4363,1.2669,0,1.1425,1.2894,1.4363,1.2669,1.1425,1.85,23.839,2.2831,48.5625,48.5625,48.5625,23.839,2.2831,,,,46.2794,21.5559,21.989,22.5721,22.4027,1,1,1,0,1,1,0,1,1,1,1,1
10/28/2025 19:38,1.4375,1.2669,0,1.1225,1.28,1.4375,1.2669,1.1225,1.775,23.8419,2.2921,48.4625,48.4625,48.4625,23.8419,2.2921,,,,46.1704,21.5498,22.0669,22.575,22.4044,1,1,1,0,1,1,0,1,1,1,1,1
10/28/2025 19:43,1.4353,1.2678,0,1.1287,1.282,1.4353,1.2678,1.1287,1.775,23.8532,2.2849,48.55,48.55,48.55,23.8532,2.2849,,,,46.2651,21.5683,22.0782,22.5854,22.4179,1,1,1,0,1,1,0,1,1,1,1,1
10/28/2025 19:48,1.44,1.2653,0,1.1387,1.28935,1.44,1.2653,1.1387,1.85,23.8419,2.2867,48.5375,48.5375,48.5375,23.8419,2.2867,,,,46.2508,21.5552,21.9919,22.5766,22.4019,1,1,1,0,1,1,0,1,1,1,1,1
10/28/2025 19:53,1.4334,1.2656,0,1.085,1.2592,1.4334,1.2656,1.085,1.775,23.8673,2.2921,48.6875,48.6875,48.6875,23.8673,2.2921,,,,46.3954,21.5752,22.0923,22.6017,22.4339,1,1,1,0,1,1,0,1,1,1,1,1
10/28/2025 19:58,1.4372,1.2659,0,1.1163,1.27675,1.4372,1.2659,1.1163,1.775,23.8447,2.2885,48.35,48.35,48.35,23.8447,2.2885,,,,46.0615,21.5562,22.0697,22.5788,22.4075,1,1,1,0,1,1,0,1,1,1,1,1
10/28/2025 20:03,1.4334,1.2644,0,1.1025,1.26795,1.4334,1.2644,1.1025,1.725,23.8023,2.2903,48.4375,48.4375,48.4375,23.8023,2.2903,,,,46.1472,21.512,22.0773,22.5379,22.3689,1,1,1,0,1,1,0,1,1,1,1,1
10/28/2025 20:08,1.4381,1.2644,0,1.1387,1.2884,1.4381,1.2644,1.1387,1.725,23.8447,2.2903,48.5063,48.5063,48.5063,23.8447,2.2903,,,,46.216,21.5544,22.1197,22.5803,22.4066,1,1,1,0,1,1,0,1,1,1,1,1
10/28/2025 20:13,1.4397,1.265,0,1.1025,1.2711,1.4397,1.265,1.1025,1.75,23.8277,2.2885,48.5188,48.5188,48.5188,23.8277,2.2885,,,,46.2303,21.5392,22.0777,22.5627,22.388,1,1,1,0,1,1,0,1,1,1,1,1
10/28/2025 20:18,1.4366,1.2681,0,1.125,1.2808,1.4366,1.2681,1.125,1.75,23.856,2.2885,48.5125,48.5125,48.5125,23.856,2.2885,,,,46.224,21.5675,22.106,22.5879,22.4194,1,1,1,0,1,1,0,1,1,1,1,1
10/28/2025 20:23,1.4372,1.2669,0,1.1025,1.26985,1.4372,1.2669,1.1025,1.8,23.8645,2.2885,48.625,48.625,48.625,23.8645,2.2885,,,,46.3365,21.576,22.0645,22.5976,22.4273,1,1,1,0,1,1,0,1,1,1,1,1
10/28/2025 20:28,1.4384,1.2663,0,1.1325,1.28545,1.4384,1.2663,1.1325,1.775,23.8475,2.2885,48.4625,48.4625,48.4625,23.8475,2.2885,,,,46.174,21.559,22.0725,22.5812,22.4091,1,1,1,0,1,1,0,1,1,1,1,1
10/28/2025 20:33,1.4369,1.2647,0,1.12,1.27845,1.4369,1.2647,1.12,1.775,23.8701,2.2867,48.6,48.6,48.6,23.8701,2.2867,,,,46.3133,21.5834,22.0951,22.6054,22.4332,1,1,1,0,1,1,0,1,1,1,1,1
10/28/2025 20:38,1.4394,1.2656,0,1.12,1.2797,1.4394,1.2656,1.12,1.775,23.8503,2.2831,48.4375,48.4375,48.4375,23.8503,2.2831,,,,46.1544,21.5672,22.0753,22.5847,22.4109,1,1,1,0,1,1,0,1,1,1,1,1
10/28/2025 20:43,1.4409,1.2675,0,1.1138,1.27735,1.4409,1.2675,1.1138,1.8,23.8645,2.2831,48.6813,48.6813,48.6813,23.8645,2.2831,,,,46.3982,21.5814,22.0645,22.597,22.4236,1,1,1,0,1,1,0,1,1,1,1,1
10/28/2025 20:48,1.4366,1.2644,0,1.0962,1.2664,1.4366,1.2644,1.0962,1.775,23.856,2.2975,48.6563,48.6563,48.6563,23.856,2.2975,,,,46.3588,21.5585,22.081,22.5916,22.4194,1,1,1,0,1,1,0,1,1,1,1,1
10/28/2025 20:53,1.435,1.265,0,1.105,1.27,1.435,1.265,1.105,1.775,23.8588,2.2813,48.3625,48.3625,48.3625,23.8588,2.2813,,,,46.0812,21.5775,22.0838,22.5938,22.4238,1,1,1,0,1,1,0,1,1,1,1,1
10/28/2025 20:58,1.4331,1.2656,0,1.1313,1.2822,1.4331,1.2656,1.1313,1.775,23.8249,2.2939,48.6063,48.6063,48.6063,23.8249,2.2939,,,,46.3124,21.531,22.0499,22.5593,22.3918,1,1,1,0,1,1,0,1,1,1,1,1
10/28/2025 21:03,1.4419,1.2659,0,1.1188,1.28035,1.4419,1.2659,1.1188,1.75,23.8701,2.2867,48.6875,48.6875,48.6875,23.8701,2.2867,,,,46.4008,21.5834,22.1201,22.6042,22.4282,1,1,1,0,1,1,0,1,1,1,1,1
10/28/2025 21:08,1.4359,1.2644,0,1.1063,1.2711,1.4359,1.2644,1.1063,1.8,23.8447,2.2831,48.6875,48.6875,48.6875,23.8447,2.2831,,,,46.4044,21.5616,22.0447,22.5803,22.4088,1,1,1,0,1,1,0,1,1,1,1,1
10/28/2025 21:13,1.4366,1.2644,0,1.125,1.2808,1.4366,1.2644,1.125,1.775,23.8249,2.2885,48.6688,48.6688,48.6688,23.8249,2.2885,,,,46.3803,21.5364,22.0499,22.5605,22.3883,1,1,1,0,1,1,0,1,1,1,1,1
10/28/2025 21:18,1.4341,1.2634,0,1.135,1.28455,1.4341,1.2634,1.135,1.85,23.8786,2.2831,48.4438,48.4438,48.4438,23.8786,2.2831,,,,46.1607,21.5955,22.0286,22.6152,22.4445,1,1,1,0,1,1,0,1,1,1,1,1
10/28/2025 21:23,1.4309,1.2647,0,1.0762,1.25355,1.4309,1.2647,1.0762,1.775,23.839,2.2777,48.3,48.3,48.3,23.839,2.2777,,,,46.0223,21.5613,22.064,22.5743,22.4081,1,1,1,0,1,1,0,1,1,1,1,1
10/28/2025 21:28,1.4431,1.2631,0,1.1163,1.2797,1.4431,1.2631,1.1163,1.8,23.8221,2.2903,48.7938,48.7938,48.7938,23.8221,2.2903,,,,46.5035,21.5318,22.0221,22.559,22.379,1,1,1,0,1,1,0,1,1,1,1,1
10/28/2025 21:33,1.4322,1.2631,0,1.1138,1.273,1.4322,1.2631,1.1138,1.9,23.8334,2.2777,48.4813,48.4813,48.4813,23.8334,2.2777,,,,46.2036,21.5557,21.9334,22.5703,22.4012,1,1,1,0,1,1,0,1,1,1,1,1
10/28/2025 21:38,1.4334,1.2634,0,1.1275,1.28045,1.4334,1.2634,1.1275,1.775,23.8362,2.2921,48.5188,48.5188,48.5188,23.8362,2.2921,,,,46.2267,21.5441,22.0612,22.5728,22.4028,1,1,1,0,1,1,0,1,1,1,1,1
10/28/2025 21:43,1.4444,1.2659,0,1.1013,1.27285,1.4444,1.2659,1.1013,1.8,23.8475,2.2813,48.6125,48.6125,48.6125,23.8475,2.2813,,,,46.3312,21.5662,22.0475,22.5816,22.4031,1,1,1,0,1,1,0,1,1,1,1,1
10/28/2025 21:48,1.4381,1.2631,0,1.1163,1.2772,1.4381,1.2631,1.1163,1.8,23.8419,2.2795,48.6313,48.6313,48.6313,23.8419,2.2795,,,,46.3518,21.5624,22.0419,22.5788,22.4038,1,1,1,0,1,1,0,1,1,1,1,1
10/28/2025 21:53,1.4378,1.2631,0,1.1025,1.27015,1.4378,1.2631,1.1025,1.75,23.8673,2.2849,48.625,48.625,48.625,23.8673,2.2849,,,,46.3401,21.5824,22.1173,22.6042,22.4295,1,1,1,0,1,1,0,1,1,1,1,1
10/28/2025 21:58,1.4428,1.2647,0,1.155,1.2989,1.4428,1.2647,1.155,1.775,23.8447,2.2741,48.5188,48.5188,48.5188,23.8447,2.2741,,,,46.2447,21.5706,22.0697,22.58,22.4019,1,1,1,0,1,1,0,1,1,1,1,1
10/28/2025 22:03,1.4328,1.2637,0,1.1275,1.28015,1.4328,1.2637,1.1275,1.75,23.8334,2.2813,48.6188,48.6188,48.6188,23.8334,2.2813,,,,46.3375,21.5521,22.0834,22.5697,22.4006,1,1,1,0,1,1,0,1,1,1,1,1
10/28/2025 22:08,1.4431,1.2637,0,1.1263,1.2847,1.4431,1.2637,1.1263,1.8,23.856,2.2813,48.2938,48.2938,48.2938,23.856,2.2813,,,,46.0125,21.5747,22.056,22.5923,22.4129,1,1,1,0,1,1,0,1,1,1,1,1
10/28/2025 22:13,1.4288,1.2656,0,1.0938,1.2613,1.4288,1.2656,1.0938,1.75,23.8277,2.2831,48.4625,48.4625,48.4625,23.8277,2.2831,,,,46.1794,21.5446,22.0777,22.5621,22.3989,1,1,1,0,1,1,0,1,1,1,1,1
10/28/2025 22:18,1.4416,1.265,0,1.1138,1.2777,1.4416,1.265,1.1138,1.775,23.8475,2.2759,48.4625,48.4625,48.4625,23.8475,2.2759,,,,46.1866,21.5716,22.0725,22.5825,22.4059,1,1,1,0,1,1,0,1,1,1,1,1
10/28/2025 22:23,1.4391,1.2625,0,1.0962,1.26765,1.4391,1.2625,1.0962,1.775,23.8192,2.2813,48.3438,48.3438,48.3438,23.8192,2.2813,,,,46.0625,21.5379,22.0442,22.5567,22.3801,1,1,1,0,1,1,0,1,1,1,1,1
10/28/2025 22:28,1.4444,1.2622,0,1.1538,1.2991,1.4444,1.2622,1.1538,1.8,23.839,2.2849,48.6313,48.6313,48.6313,23.839,2.2849,,,,46.3464,21.5541,22.039,22.5768,22.3946,1,1,1,0,1,1,0,1,1,1,1,1
10/28/2025 22:33,1.4403,1.2625,0,1.1,1.27015,1.4403,1.2625,1.1,1.775,23.839,2.2795,48.525,48.525,48.525,23.839,2.2795,,,,46.2455,21.5595,22.064,22.5765,22.3987,1,1,1,0,1,1,0,1,1,1,1,1
10/28/2025 22:38,1.4322,1.2622,0,1.1013,1.26675,1.4322,1.2622,1.1013,1.775,23.8645,2.2777,48.5125,48.5125,48.5125,23.8645,2.2777,,,,46.2348,21.5868,22.0895,22.6023,22.4323,1,1,1,0,1,1,0,1,1,1,1,1
10/28/2025 22:43,1.44,1.2641,0,1.1325,1.28625,1.44,1.2641,1.1325,1.75,23.839,2.2885,48.7,48.7,48.7,23.839,2.2885,,,,46.4115,21.5505,22.089,22.5749,22.399,1,1,1,0,1,1,0,1,1,1,1,1
10/28/2025 22:48,1.4341,1.2634,0,1.1287,1.2814,1.4341,1.2634,1.1287,1.675,23.8617,2.2813,48.6,48.6,48.6,23.8617,2.2813,,,,46.3187,21.5804,22.1867,22.5983,22.4276,1,1,1,0,1,1,0,1,1,1,1,1
10/28/2025 22:53,1.4425,1.2641,0,1.1413,1.2919,1.4425,1.2641,1.1413,1.675,23.8447,2.2795,48.4938,48.4938,48.4938,23.8447,2.2795,,,,46.2143,21.5652,22.1697,22.5806,22.4022,1,1,1,0,1,1,0,1,1,1,1,1
10/28/2025 22:58,1.4378,1.2628,0,1.145,1.2914,1.4378,1.2628,1.145,1.675,23.8503,2.2813,48.8813,48.8813,48.8813,23.8503,2.2813,,,,46.6,21.569,22.1753,22.5875,22.4125,1,1,1,0,1,1,0,1,1,1,1,1
10/28/2025 23:03,1.4344,1.2613,0,1.115,1.2747,1.4344,1.2613,1.115,1.8,23.8503,2.2777,48.6813,48.6813,48.6813,23.8503,2.2777,,,,46.4036,21.5726,22.0503,22.589,22.4159,1,1,1,0,1,1,0,1,1,1,1,1
10/28/2025 23:08,1.4356,1.2622,0,1.12,1.2778,1.4356,1.2622,1.12,1.775,23.839,2.2831,48.5625,48.5625,48.5625,23.839,2.2831,,,,46.2794,21.5559,22.064,22.5768,22.4034,1,1,1,0,1,1,0,1,1,1,1,1
10/28/2025 23:13,1.4353,1.2625,0,1.0925,1.2639,1.4353,1.2625,1.0925,1.725,23.8221,2.2813,48.45,48.45,48.45,23.8221,2.2813,,,,46.1687,21.5408,22.0971,22.5596,22.3868,1,1,1,0,1,1,0,1,1,1,1,1
10/28/2025 23:18,1.4372,1.2622,0,1.1263,1.28175,1.4372,1.2622,1.1263,1.675,23.856,2.2831,48.4813,48.4813,48.4813,23.856,2.2831,,,,46.1982,21.5729,22.181,22.5938,22.4188,1,1,1,0,1,1,0,1,1,1,1,1
10/28/2025 23:23,1.4416,1.2616,0,1.1313,1.28645,1.4416,1.2616,1.1313,1.75,23.8673,2.2813,48.5688,48.5688,48.5688,23.8673,2.2813,,,,46.2875,21.586,22.1173,22.6057,22.4257,1,1,1,0,1,1,0,1,1,1,1,1
10/28/2025 23:28,1.4416,1.2637,0,1.12,1.2808,1.4416,1.2637,1.12,1.75,23.8475,2.2777,48.5563,48.5563,48.5563,23.8475,2.2777,,,,46.2786,21.5698,22.0975,22.5838,22.4059,1,1,1,0,1,1,0,1,1,1,1,1
10/28/2025 23:33,1.4397,1.2625,0,1.12,1.27985,1.4397,1.2625,1.12,1.75,23.8588,2.2813,48.4313,48.4313,48.4313,23.8588,2.2813,,,,46.15,21.5775,22.1088,22.5963,22.4191,1,1,1,0,1,1,0,1,1,1,1,1
10/28/2025 23:38,1.4481,1.2622,0,1.0962,1.27215,1.4481,1.2622,1.0962,1.75,23.8588,2.2777,48.4813,48.4813,48.4813,23.8588,2.2777,,,,46.2036,21.5811,22.1088,22.5966,22.4107,1,1,1,0,1,1,0,1,1,1,1,1
10/28/2025 23:43,1.4406,1.2634,0,1.12,1.2803,1.4406,1.2634,1.12,1.65,23.8447,2.2885,48.6563,48.6563,48.6563,23.8447,2.2885,,,,46.3678,21.5562,22.1947,22.5813,22.4041,1,1,1,0,1,1,0,1,1,1,1,1
10/28/2025 23:48,1.4412,1.2625,0,1.1263,1.28375,1.4412,1.2625,1.1263,1.725,23.8362,2.2777,48.775,48.775,48.775,23.8362,2.2777,,,,46.4973,21.5585,22.1112,22.5737,22.395,1,1,1,0,1,1,0,1,1,1,1,1
10/28/2025 23:53,1.4384,1.2613,0,1.1325,1.28545,1.4384,1.2613,1.1325,1.725,23.8419,2.2741,48.4875,48.4875,48.4875,23.8419,2.2741,,,,46.2134,21.5678,22.1169,22.5806,22.4035,1,1,1,0,1,1,0,1,1,1,1,1
10/28/2025 23:58,1.4431,1.2625,0,1.1225,1.2828,1.4431,1.2625,1.1225,1.675,23.8306,2.2795,48.6813,48.6813,48.6813,23.8306,2.2795,,,,46.4018,21.5511,22.1556,22.5681,22.3875,1,1,1,0,1,1,0,1,1,1,1,1
10/29/2025 0:03,1.4475,1.2613,0,1.1338,1.29065,1.4475,1.2613,1.1338,1.65,23.8249,2.2741,48.6,48.6,48.6,23.8249,2.2741,,,,46.3259,21.5508,22.1749,22.5636,22.3774,1,1,1,0,1,1,0,1,1,1,1,1
10/29/2025 0:08,1.4391,1.2603,0,1.1188,1.27895,1.4391,1.2603,1.1188,1.725,23.8277,2.2759,48.6375,48.6375,48.6375,23.8277,2.2759,,,,46.3616,21.5518,22.1027,22.5674,22.3886,1,1,1,0,1,1,0,1,1,1,1,1
10/29/2025 0:13,1.4434,1.2628,0,1.1425,1.29295,1.4434,1.2628,1.1425,1.65,23.8164,2.2813,48.6375,48.6375,48.6375,23.8164,2.2813,,,,46.3562,21.5351,22.1664,22.5536,22.373,1,1,1,0,1,1,0,1,1,1,1,1
10/29/2025 0:18,1.44,1.2613,0,1.12,1.28,1.44,1.2613,1.12,1.675,23.8701,2.2741,48.4625,48.4625,48.4625,23.8701,2.2741,,,,46.1884,21.596,22.1951,22.6088,22.4301,1,1,1,0,1,1,0,1,1,1,1,1
10/29/2025 0:23,1.4363,1.2606,0,1.1213,1.2788,1.4363,1.2606,1.1213,1.675,23.8334,2.2795,48.4813,48.4813,48.4813,23.8334,2.2795,,,,46.2018,21.5539,22.1584,22.5728,22.3971,1,1,1,0,1,1,0,1,1,1,1,1
10/29/2025 0:28,1.4356,1.26,0,1.1375,1.28655,1.4356,1.26,1.1375,1.675,23.8419,2.2813,48.725,48.725,48.725,23.8419,2.2813,,,,46.4437,21.5606,22.1669,22.5819,22.4063,1,1,1,0,1,1,0,1,1,1,1,1
10/29/2025 0:33,1.4412,1.2616,0,1.105,1.2731,1.4412,1.2616,1.105,1.725,23.8334,2.2777,48.7188,48.7188,48.7188,23.8334,2.2777,,,,46.4411,21.5557,22.1084,22.5718,22.3922,1,1,1,0,1,1,0,1,1,1,1,1
10/29/2025 0:38,1.4388,1.2588,0,1.1425,1.29065,1.4388,1.2588,1.1425,1.725,23.8164,2.2795,48.6938,48.6938,48.6938,23.8164,2.2795,,,,46.4143,21.5369,22.0914,22.5576,22.3776,1,1,1,0,1,1,0,1,1,1,1,1
10/29/2025 0:43,1.4397,1.2619,0,1.1463,1.293,1.4397,1.2619,1.1463,1.725,23.8419,2.2741,48.6,48.6,48.6,23.8419,2.2741,,,,46.3259,21.5678,22.1169,22.58,22.4022,1,1,1,0,1,1,0,1,1,1,1,1
10/29/2025 0:48,1.435,1.2609,0,1.1138,1.2744,1.435,1.2609,1.1138,1.675,23.8475,2.2759,48.7,48.7,48.7,23.8475,2.2759,,,,46.4241,21.5716,22.1725,22.5866,22.4125,1,1,1,0,1,1,0,1,1,1,1,1
10/29/2025 0:53,1.4409,1.26,0,1.1325,1.2867,1.4409,1.26,1.1325,1.65,23.8362,2.2759,48.5,48.5,48.5,23.8362,2.2759,,,,46.2241,21.5603,22.1862,22.5762,22.3953,1,1,1,0,1,1,0,1,1,1,1,1
10/29/2025 0:58,1.4313,1.2609,0,1.135,1.28315,1.4313,1.2609,1.135,1.65,23.8532,2.2795,48.4688,48.4688,48.4688,23.8532,2.2795,,,,46.1893,21.5737,22.2032,22.5923,22.4219,1,1,1,0,1,1,0,1,1,1,1,1
10/29/2025 1:03,1.4325,1.2616,0,1.1475,1.29,1.4325,1.2616,1.1475,1.675,23.856,2.2777,48.5625,48.5625,48.5625,23.856,2.2777,,,,46.2848,21.5783,22.181,22.5944,22.4235,1,1,1,0,1,1,0,1,1,1,1,1
10/29/2025 1:08,1.445,1.26,0,1.125,1.285,1.445,1.26,1.125,1.725,23.8475,2.2741,48.6563,48.6563,48.6563,23.8475,2.2741,,,,46.3822,21.5734,22.1225,22.5875,22.4025,1,1,1,0,1,1,0,1,1,1,1,1
10/29/2025 1:13,1.4378,1.2606,0,1.1338,1.2858,1.4378,1.2606,1.1338,1.725,23.8362,2.2831,48.65,48.65,48.65,23.8362,2.2831,,,,46.3669,21.5531,22.1112,22.5756,22.3984,1,1,1,0,1,1,0,1,1,1,1,1
10/29/2025 1:18,1.4372,1.2588,0,1.1413,1.28925,1.4372,1.2588,1.1413,1.675,23.8503,2.2795,48.6938,48.6938,48.6938,23.8503,2.2795,,,,46.4143,21.5708,22.1753,22.5915,22.4131,1,1,1,0,1,1,0,1,1,1,1,1
10/29/2025 1:23,1.4459,1.2594,0,1.1138,1.27985,1.4459,1.2594,1.1138,1.675,23.8362,2.2723,48.7063,48.7063,48.7063,23.8362,2.2723,,,,46.434,21.5639,22.1612,22.5768,22.3903,1,1,1,0,1,1,0,1,1,1,1,1
10/29/2025 1:28,1.4463,1.2584,0,1.1188,1.28255,1.4463,1.2584,1.1188,1.675,23.8334,2.2831,48.775,48.775,48.775,23.8334,2.2831,,,,46.4919,21.5503,22.1584,22.575,22.3871,1,1,1,0,1,1,0,1,1,1,1,1
10/29/2025 1:33,1.435,1.26,0,1.1287,1.28185,1.435,1.26,1.1287,1.65,23.8617,2.2759,48.75,48.75,48.75,23.8617,2.2759,,,,46.4741,21.5858,22.2117,22.6017,22.4267,1,1,1,0,1,1,0,1,1,1,1,1
10/29/2025 1:38,1.4391,1.2616,0,1.1025,1.2708,1.4391,1.2616,1.1025,1.725,23.8475,2.2687,48.325,48.325,48.325,23.8475,2.2687,,,,46.0563,21.5788,22.1225,22.5859,22.4084,1,1,1,0,1,1,0,1,1,1,1,1
10/29/2025 1:43,1.4512,1.2597,0,1.1163,1.28375,1.4512,1.2597,1.1163,1.65,23.8758,2.2705,48.4313,48.4313,48.4313,23.8758,2.2705,,,,46.1608,21.6053,22.2258,22.6161,22.4246,1,1,1,0,1,1,0,1,1,1,1,1
10/29/2025 1:48,1.4425,1.2594,0,1.1413,1.2919,1.4425,1.2594,1.1413,1.675,23.8475,2.2777,48.7,48.7,48.7,23.8475,2.2777,,,,46.4223,21.5698,22.1725,22.5881,22.405,1,1,1,0,1,1,0,1,1,1,1,1
10/29/2025 1:53,1.4416,1.2597,0,1.1188,1.2802,1.4416,1.2597,1.1188,1.725,23.8306,2.2705,48.75,48.75,48.75,23.8306,2.2705,,,,46.4795,21.5601,22.1056,22.5709,22.389,1,1,1,0,1,1,0,1,1,1,1,1
10/29/2025 1:58,0.0519,1.2569,0,0.0563,0.0541,0.0519,1.2569,0.0563,1.65,0.0028,-0.0072,-0.0813,-0.0813,-0.0813,0.0028,-0.0072,,,,-0.0741,0.01,-1.6472,-1.2541,-0.0491,1,1,1,0,1,1,0,1,1,1,1,1
10/29/2025 2:03,0.0113,1.2453,0,0,0.00565,0.0113,1.2453,0,1.725,0,-0.0054,0.35,0.35,0.35,0,-0.0054,,,,0.3554,0.0054,-1.725,-1.2453,-0.0113,1,1,1,0,1,1,0,1,1,1,1,1
10/29/2025 8:49,1.4197,1.1778,0.035,1.0875,1.2186,1.4197,1.1778,1.0875,1.675,23.2397,2.0122,37.1187,37.1187,37.1187,23.2397,2.0122,,,,35.1065,21.2275,21.5647,22.0619,21.82,1,1,1,0,1,1,0,1,1,1,1,1
10/29/2025 8:54,1.4363,1.2359,0.04,1.1463,1.2513,1.4363,1.2359,1.1463,1.725,23.8956,2.2072,48.6,48.6,48.6,23.8956,2.2072,,,,46.3928,21.6884,22.1706,22.6597,22.4593,1,1,1,0,1,1,0,1,1,1,1,1
10/29/2025 8:59,1.4356,1.2413,0.04,1.1188,1.2372,1.4356,1.2413,1.1188,1.65,23.8899,2.2397,48.7813,48.7813,48.7813,23.8899,2.2397,,,,46.5416,21.6502,22.2399,22.6486,22.4543,1,1,1,0,1,1,0,1,1,1,1,1
10/29/2025 9:04,1.4316,1.2478,0.0413,1.125,1.237,1.4316,1.2478,1.125,1.65,23.8956,2.2452,48.2625,48.2625,48.2625,23.8956,2.2452,,,,46.0173,21.6504,22.2456,22.6478,22.464,1,1,1,0,1,1,0,1,1,1,1,1
10/29/2025 9:09,1.4328,1.2453,0.0375,1.1325,1.24515,1.4328,1.2453,1.1325,1.725,23.8617,2.2452,48.6563,48.6563,48.6563,23.8617,2.2452,,,,46.4111,21.6165,22.1367,22.6164,22.4289,1,1,1,0,1,1,0,1,1,1,1,1
10/29/2025 9:14,1.4291,1.2463,0.0362,1.1475,1.2521,1.4291,1.2463,1.1475,1.65,23.9154,2.2488,48.5563,48.5563,48.5563,23.9154,2.2488,,,,46.3075,21.6666,22.2654,22.6691,22.4863,1,1,1,0,1,1,0,1,1,1,1,1
10/29/2025 9:19,1.4419,1.2478,0.0375,1.1325,1.2497,1.4419,1.2478,1.1325,1.65,23.8899,2.247,48.4875,48.4875,48.4875,23.8899,2.247,,,,46.2405,21.6429,22.2399,22.6421,22.448,1,1,1,0,1,1,0,1,1,1,1,1
10/29/2025 9:24,1.4319,1.2472,0.0362,1.1538,1.25665,1.4319,1.2472,1.1538,1.65,23.8758,2.247,48.5625,48.5625,48.5625,23.8758,2.247,,,,46.3155,21.6288,22.2258,22.6286,22.4439,1,1,1,0,1,1,0,1,1,1,1,1
10/29/2025 9:29,1.4256,1.2475,0.0362,1.1413,1.24725,1.4256,1.2475,1.1413,1.65,23.9069,2.2361,48.7688,48.7688,48.7688,23.9069,2.2361,,,,46.5327,21.6708,22.2569,22.6594,22.4813,1,1,1,0,1,1,0,1,1,1,1,1
10/29/2025 9:34,1.4309,1.2472,0.0362,1.1287,1.2436,1.4309,1.2472,1.1287,1.65,23.856,2.2379,48.7313,48.7313,48.7313,23.856,2.2379,,,,46.4934,21.6181,22.206,22.6088,22.4251,1,1,1,0,1,1,0,1,1,1,1,1
10/29/2025 9:39,1.4375,1.2497,0.04,1.1663,1.2619,1.4375,1.2497,1.1663,1.65,23.8588,2.2289,48.5375,48.5375,48.5375,23.8588,2.2289,,,,46.3086,21.6299,22.2088,22.6091,22.4213,1,1,1,0,1,1,0,1,1,1,1,1
10/29/2025 9:44,1.4334,1.2491,0.0375,1.1313,1.24485,1.4334,1.2491,1.1313,1.725,23.8843,2.2271,48.5563,48.5563,48.5563,23.8843,2.2271,,,,46.3292,21.6572,22.1593,22.6352,22.4509,1,1,1,0,1,1,0,1,1,1,1,1
10/29/2025 9:49,1.43,1.2481,0.0338,1.1487,1.25555,1.43,1.2481,1.1487,1.675,23.8786,2.2307,48.425,48.425,48.425,23.8786,2.2307,,,,46.1943,21.6479,22.2036,22.6305,22.4486,1,1,1,0,1,1,0,1,1,1,1,1
10/29/2025 9:54,1.4253,1.2484,0.0375,1.165,1.25765,1.4253,1.2484,1.165,1.675,23.8617,2.2289,48.475,48.475,48.475,23.8617,2.2289,,,,46.2461,21.6328,22.1867,22.6133,22.4364,1,1,1,0,1,1,0,1,1,1,1,1
10/29/2025 9:59,1.4322,1.2478,0.0362,1.1263,1.24305,1.4322,1.2478,1.1263,1.65,23.8503,2.2253,48.4125,48.4125,48.4125,23.8503,2.2253,,,,46.1872,21.625,22.2003,22.6025,22.4181,1,1,1,0,1,1,0,1,1,1,1,1
10/29/2025 10:04,1.4297,1.2478,0.04,1.1675,1.2586,1.4297,1.2478,1.1675,1.6,23.8701,2.2235,48.175,48.175,48.175,23.8701,2.2235,,,,45.9515,21.6466,22.2701,22.6223,22.4404,1,1,1,0,1,1,0,1,1,1,1,1
10/29/2025 10:09,1.4238,1.2478,0.0362,1.1487,1.25005,1.4238,1.2478,1.1487,1.625,23.8419,2.2379,48.5,48.5,48.5,23.8419,2.2379,,,,46.2621,21.604,22.2169,22.5941,22.4181,1,1,1,0,1,1,0,1,1,1,1,1
10/29/2025 10:14,1.4253,1.2513,0.0362,1.1113,1.2321,1.4253,1.2513,1.1113,1.65,23.873,2.2235,48.125,48.125,48.125,23.873,2.2235,,,,45.9015,21.6495,22.223,22.6217,22.4477,1,1,1,0,1,1,0,1,1,1,1,1
10/29/2025 10:19,1.4338,1.2481,0.0338,1.0888,1.2275,1.4338,1.2481,1.0888,1.625,23.8843,2.2253,48.2688,48.2688,48.2688,23.8843,2.2253,,,,46.0435,21.659,22.2593,22.6362,22.4505,1,1,1,0,1,1,0,1,1,1,1,1
10/29/2025 10:24,1.4297,1.2478,0.035,1.1575,1.2586,1.4297,1.2478,1.1575,1.625,23.8758,2.2271,48.4438,48.4438,48.4438,23.8758,2.2271,,,,46.2167,21.6487,22.2508,22.628,22.4461,1,1,1,0,1,1,0,1,1,1,1,1
10/29/2025 10:29,1.4234,1.2488,0.0362,1.145,1.248,1.4234,1.2488,1.145,1.625,23.873,2.2307,48.1813,48.1813,48.1813,23.873,2.2307,,,,45.9506,21.6423,22.248,22.6242,22.4496,1,1,1,0,1,1,0,1,1,1,1,1
10/29/2025 10:34,1.4291,1.2469,0.0375,1.1088,1.23145,1.4291,1.2469,1.1088,1.625,23.839,2.2235,48.3313,48.3313,48.3313,23.839,2.2235,,,,46.1078,21.6155,22.214,22.5921,22.4099,1,1,1,0,1,1,0,1,1,1,1,1
10/29/2025 10:39,1.4284,1.2459,0.0375,1.1663,1.25985,1.4284,1.2459,1.1663,1.65,23.8503,2.2325,48.4438,48.4438,48.4438,23.8503,2.2325,,,,46.2113,21.6178,22.2003,22.6044,22.4219,1,1,1,0,1,1,0,1,1,1,1,1
10/29/2025 10:44,1.4228,1.2506,0.04,1.1413,1.24205,1.4228,1.2506,1.1413,1.625,23.8786,2.2253,48.0875,48.0875,48.0875,23.8786,2.2253,,,,45.8622,21.6533,22.2536,22.628,22.4558,1,1,1,0,1,1,0,1,1,1,1,1
10/29/2025 10:49,1.4256,1.2503,0.0362,1.1325,1.24285,1.4256,1.2503,1.1325,1.65,23.8588,2.2361,48.2188,48.2188,48.2188,23.8588,2.2361,,,,45.9827,21.6227,22.2088,22.6085,22.4332,1,1,1,0,1,1,0,1,1,1,1,1
10/29/2025 10:54,1.425,1.2481,0.0362,1.12,1.2363,1.425,1.2481,1.12,1.6,23.8503,2.2253,48.375,48.375,48.375,23.8503,2.2253,,,,46.1497,21.625,22.2503,22.6022,22.4253,1,1,1,0,1,1,0,1,1,1,1,1
10/29/2025 10:59,1.4238,1.2491,0.0375,1.155,1.2519,1.4238,1.2491,1.155,1.625,23.856,2.2271,48.2813,48.2813,48.2813,23.856,2.2271,,,,46.0542,21.6289,22.231,22.6069,22.4322,1,1,1,0,1,1,0,1,1,1,1,1
10/29/2025 11:04,1.4231,1.2481,0.0375,1.1225,1.2353,1.4231,1.2481,1.1225,1.625,23.873,2.2325,48.3625,48.3625,48.3625,23.873,2.2325,,,,46.13,21.6405,22.248,22.6249,22.4499,1,1,1,0,1,1,0,1,1,1,1,1
10/29/2025 11:09,1.4231,1.2503,0.0375,1.1538,1.25095,1.4231,1.2503,1.1538,1.625,23.8588,2.2361,48.075,48.075,48.075,23.8588,2.2361,,,,45.8389,21.6227,22.2338,22.6085,22.4357,1,1,1,0,1,1,0,1,1,1,1,1
10/29/2025 11:14,1.4209,1.2497,0.0362,1.1338,1.24115,1.4209,1.2497,1.1338,1.625,23.856,2.2289,48.3688,48.3688,48.3688,23.856,2.2289,,,,46.1399,21.6271,22.231,22.6063,22.4351,1,1,1,0,1,1,0,1,1,1,1,1
10/29/2025 11:19,1.4197,1.2488,0.04,1.0862,1.21295,1.4197,1.2488,1.0862,1.675,23.8899,2.2289,48.4938,48.4938,48.4938,23.8899,2.2289,,,,46.2649,21.661,22.2149,22.6411,22.4702,1,1,1,0,1,1,0,1,1,1,1,1
10/29/2025 11:24,1.4219,1.2488,0.0338,1.1188,1.23655,1.4219,1.2488,1.1188,1.625,23.8701,2.2361,48.4875,48.4875,48.4875,23.8701,2.2361,,,,46.2514,21.634,22.2451,22.6213,22.4482,1,1,1,0,1,1,0,1,1,1,1,1
10/29/2025 11:29,1.4216,1.2481,0.0362,1.1463,1.24775,1.4216,1.2481,1.1463,1.625,23.8899,2.2361,48.425,48.425,48.425,23.8899,2.2361,,,,46.1889,21.6538,22.2649,22.6418,22.4683,1,1,1,0,1,1,0,1,1,1,1,1
10/29/2025 11:34,1.4234,1.2491,0.0362,1.155,1.253,1.4234,1.2491,1.155,1.625,23.8871,2.2289,48.4,48.4,48.4,23.8871,2.2289,,,,46.1711,21.6582,22.2621,22.638,22.4637,1,1,1,0,1,1,0,1,1,1,1,1
10/29/2025 11:39,1.4219,1.2488,0.0362,1.1487,1.2491,1.4219,1.2488,1.1487,1.625,23.8503,2.2325,48.3188,48.3188,48.3188,23.8503,2.2325,,,,46.0863,21.6178,22.2253,22.6015,22.4284,1,1,1,0,1,1,0,1,1,1,1,1
10/29/2025 11:44,1.4222,1.2494,0.0338,1.1138,1.2342,1.4222,1.2494,1.1138,1.625,23.8617,2.2361,48.225,48.225,48.225,23.8617,2.2361,,,,45.9889,21.6256,22.2367,22.6123,22.4395,1,1,1,0,1,1,0,1,1,1,1,1
10/29/2025 11:49,1.4256,1.2525,0.035,1.145,1.2503,1.4256,1.2525,1.145,1.675,23.8956,2.2361,48.4,48.4,48.4,23.8956,2.2361,,,,46.1639,21.6595,22.2206,22.6431,22.47,1,1,1,0,1,1,0,1,1,1,1,1
10/29/2025 11:54,1.4241,1.2475,0.035,1.1575,1.2558,1.4241,1.2475,1.1575,1.675,23.8645,2.2361,48.575,48.575,48.575,23.8645,2.2361,,,,46.3389,21.6284,22.1895,22.617,22.4404,1,1,1,0,1,1,0,1,1,1,1,1
10/29/2025 11:59,1.4178,1.2469,0.0413,1.1325,1.23385,1.4178,1.2469,1.1325,1.675,23.8786,2.2343,48.3188,48.3188,48.3188,23.8786,2.2343,,,,46.0845,21.6443,22.2036,22.6317,22.4608,1,1,1,0,1,1,0,1,1,1,1,1
10/29/2025 12:04,1.4181,1.2488,0.0375,1.17,1.25655,1.4181,1.2488,1.17,1.625,23.9097,2.2379,48.2188,48.2188,48.2188,23.9097,2.2379,,,,45.9809,21.6718,22.2847,22.6609,22.4916,1,1,1,0,1,1,0,1,1,1,1,1
10/29/2025 12:09,1.4184,1.2478,0.035,1.1313,1.23985,1.4184,1.2478,1.1313,1.625,23.8899,2.2361,48.2313,48.2313,48.2313,23.8899,2.2361,,,,45.9952,21.6538,22.2649,22.6421,22.4715,1,1,1,0,1,1,0,1,1,1,1,1
10/29/2025 12:14,1.4197,1.2494,0.035,1.125,1.23735,1.4197,1.2494,1.125,1.625,23.8984,2.2379,48.4688,48.4688,48.4688,23.8984,2.2379,,,,46.2309,21.6605,22.2734,22.649,22.4787,1,1,1,0,1,1,0,1,1,1,1,1
10/29/2025 12:19,1.4191,1.2469,0.0338,1.12,1.23575,1.4191,1.2469,1.12,1.65,23.8814,2.2397,48.2563,48.2563,48.2563,23.8814,2.2397,,,,46.0166,21.6417,22.2314,22.6345,22.4623,1,1,1,0,1,1,0,1,1,1,1,1
10/29/2025 12:24,1.4288,1.2484,0.0338,1.12,1.2406,1.4288,1.2484,1.12,1.625,23.873,2.2343,48.2063,48.2063,48.2063,23.873,2.2343,,,,45.972,21.6387,22.248,22.6246,22.4442,1,1,1,0,1,1,0,1,1,1,1,1
10/29/2025 12:29,1.4231,1.2516,0.0288,1.1338,1.24965,1.4231,1.2516,1.1338,1.65,23.8503,2.2379,48.3688,48.3688,48.3688,23.8503,2.2379,,,,46.1309,21.6124,22.2003,22.5987,22.4272,1,1,1,0,1,1,0,1,1,1,1,1
10/29/2025 12:34,1.4272,1.2497,0.0375,1.1513,1.25175,1.4272,1.2497,1.1513,1.65,23.8617,2.2397,48.3875,48.3875,48.3875,23.8617,2.2397,,,,46.1478,21.622,22.2117,22.612,22.4345,1,1,1,0,1,1,0,1,1,1,1,1
10/29/2025 12:39,1.4238,1.2497,0.0362,1.16,1.2557,1.4238,1.2497,1.16,1.65,23.9041,2.2361,48.375,48.375,48.375,23.9041,2.2361,,,,46.1389,21.668,22.2541,22.6544,22.4803,1,1,1,0,1,1,0,1,1,1,1,1
10/29/2025 12:44,1.4256,1.2525,0.0375,1.1413,1.24595,1.4256,1.2525,1.1413,1.65,23.873,2.2379,48.3938,48.3938,48.3938,23.873,2.2379,,,,46.1559,21.6351,22.223,22.6205,22.4474,1,1,1,0,1,1,0,1,1,1,1,1
10/29/2025 12:49,1.4244,1.25,0.0313,1.1338,1.2478,1.4244,1.25,1.1338,1.65,23.8786,2.2361,48.3313,48.3313,48.3313,23.8786,2.2361,,,,46.0952,21.6425,22.2286,22.6286,22.4542,1,1,1,0,1,1,0,1,1,1,1,1
10/29/2025 12:54,1.4228,1.2484,0.0313,1.1213,1.24075,1.4228,1.2484,1.1213,1.725,23.8645,2.2343,48.4688,48.4688,48.4688,23.8645,2.2343,,,,46.2345,21.6302,22.1395,22.6161,22.4417,1,1,1,0,1,1,0,1,1,1,1,1
10/29/2025 12:59,1.4116,1.2488,0.0362,1.1063,1.22275,1.4116,1.2488,1.1063,1.675,23.8645,2.2343,48.075,48.075,48.075,23.8645,2.2343,,,,45.8407,21.6302,22.1895,22.6157,22.4529,1,1,1,0,1,1,0,1,1,1,1,1
10/29/2025 13:04,1.4178,1.2481,0.0338,1.1638,1.257,1.4178,1.2481,1.1638,1.65,23.8984,2.2416,48.275,48.275,48.275,23.8984,2.2416,,,,46.0334,21.6568,22.2484,22.6503,22.4806,1,1,1,0,1,1,0,1,1,1,1,1
10/29/2025 13:09,1.42,1.2522,0.0313,1.1638,1.2606,1.42,1.2522,1.1638,1.65,23.8843,2.2379,48.1938,48.1938,48.1938,23.8843,2.2379,,,,45.9559,21.6464,22.2343,22.6321,22.4643,1,1,1,0,1,1,0,1,1,1,1,1
10/29/2025 13:14,1.4275,1.2503,0.0362,1.125,1.24005,1.4275,1.2503,1.125,1.65,23.8814,2.2379,48.2375,48.2375,48.2375,23.8814,2.2379,,,,45.9996,21.6435,22.2314,22.6311,22.4539,1,1,1,0,1,1,0,1,1,1,1,1
10/29/2025 13:19,1.4306,1.2509,0.0288,1.1425,1.25775,1.4306,1.2509,1.1425,1.625,23.8645,2.2361,48.3563,48.3563,48.3563,23.8645,2.2361,,,,46.1202,21.6284,22.2395,22.6136,22.4339,1,1,1,0,1,1,0,1,1,1,1,1
10/29/2025 13:24,1.4225,1.2478,0.0338,1.1075,1.2312,1.4225,1.2478,1.1075,1.6,23.856,2.2397,48.35,48.35,48.35,23.856,2.2397,,,,46.1103,21.6163,22.256,22.6082,22.4335,1,1,1,0,1,1,0,1,1,1,1,1
10/29/2025 13:29,1.4141,1.2494,0.035,1.1063,1.2252,1.4141,1.2494,1.1063,1.6,23.8588,2.2434,48.275,48.275,48.275,23.8588,2.2434,,,,46.0316,21.6154,22.2588,22.6094,22.4447,1,1,1,0,1,1,0,1,1,1,1,1
10/29/2025 13:34,1.4188,1.2469,0.0313,1.1425,1.24935,1.4188,1.2469,1.1425,1.6,23.8221,2.2416,48.3063,48.3063,48.3063,23.8221,2.2416,,,,46.0647,21.5805,22.2221,22.5752,22.4033,1,1,1,0,1,1,0,1,1,1,1,1
10/29/2025 13:39,1.4231,1.2497,0.035,1.1125,1.2328,1.4231,1.2497,1.1125,1.625,23.8673,2.2434,48.2875,48.2875,48.2875,23.8673,2.2434,,,,46.0441,21.6239,22.2423,22.6176,22.4442,1,1,1,0,1,1,0,1,1,1,1,1
10/29/2025 13:44,1.4213,1.2488,0.0338,1.1088,1.23125,1.4213,1.2488,1.1088,1.625,23.873,2.2434,48.375,48.375,48.375,23.873,2.2434,,,,46.1316,21.6296,22.248,22.6242,22.4517,1,1,1,0,1,1,0,1,1,1,1,1
10/29/2025 13:49,1.4172,1.2513,0.03,1.1125,1.23485,1.4172,1.2513,1.1125,1.625,23.8503,2.2397,48.0125,48.0125,48.0125,23.8503,2.2397,,,,45.7728,21.6106,22.2253,22.599,22.4331,1,1,1,0,1,1,0,1,1,1,1,1
10/29/2025 13:54,1.4184,1.2509,0.0375,1.1325,1.23795,1.4184,1.2509,1.1325,1.625,23.8475,2.2379,48.3063,48.3063,48.3063,23.8475,2.2379,,,,46.0684,21.6096,22.2225,22.5966,22.4291,1,1,1,0,1,1,0,1,1,1,1,1
10/29/2025 13:59,1.4175,1.2503,0.035,1.1075,1.2275,1.4175,1.2503,1.1075,1.6,23.873,2.2416,48.4125,48.4125,48.4125,23.873,2.2416,,,,46.1709,21.6314,22.273,22.6227,22.4555,1,1,1,0,1,1,0,1,1,1,1,1
10/29/2025 14:04,1.4234,1.2509,0.0338,1.14,1.2479,1.4234,1.2509,1.14,1.6,23.8588,2.2452,48.3688,48.3688,48.3688,23.8588,2.2452,,,,46.1236,21.6136,22.2588,22.6079,22.4354,1,1,1,0,1,1,0,1,1,1,1,1
10/29/2025 14:09,1.4197,1.2516,0.0275,1.1413,1.253,1.4197,1.2516,1.1413,1.6,23.8814,2.2434,48.325,48.325,48.325,23.8814,2.2434,,,,46.0816,21.638,22.2814,22.6298,22.4617,1,1,1,0,1,1,0,1,1,1,1,1
10/29/2025 14:14,1.4216,1.2491,0.0313,1.1138,1.2364,1.4216,1.2491,1.1138,1.6,23.839,2.2524,48.2688,48.2688,48.2688,23.839,2.2524,,,,46.0164,21.5866,22.239,22.5899,22.4174,1,1,1,0,1,1,0,1,1,1,1,1
10/29/2025 14:19,1.4238,1.2503,0.03,1.135,1.2494,1.4238,1.2503,1.135,1.625,23.8645,2.2416,48.2875,48.2875,48.2875,23.8645,2.2416,,,,46.0459,21.6229,22.2395,22.6142,22.4407,1,1,1,0,1,1,0,1,1,1,1,1
10/29/2025 14:24,1.4309,1.25,0.0313,1.1325,1.2504,1.4309,1.25,1.1325,1.625,23.8475,2.2452,48.3188,48.3188,48.3188,23.8475,2.2452,,,,46.0736,21.6023,22.2225,22.5975,22.4166,1,1,1,0,1,1,0,1,1,1,1,1
10/29/2025 14:29,1.4197,1.2509,0.0375,1.1587,1.2517,1.4197,1.2509,1.1587,1.625,23.8843,2.2452,48.45,48.45,48.45,23.8843,2.2452,,,,46.2048,21.6391,22.2593,22.6334,22.4646,1,1,1,0,1,1,0,1,1,1,1,1
10/29/2025 14:34,1.4238,1.2497,0.035,1.1225,1.23815,1.4238,1.2497,1.1225,1.6,23.8758,2.2416,48.4125,48.4125,48.4125,23.8758,2.2416,,,,46.1709,21.6342,22.2758,22.6261,22.452,1,1,1,0,1,1,0,1,1,1,1,1
10/29/2025 14:39,1.4231,1.2506,0.035,1.1463,1.2497,1.4231,1.2506,1.1463,1.625,23.839,2.247,48.6188,48.6188,48.6188,23.839,2.247,,,,46.3718,21.592,22.214,22.5884,22.4159,1,1,1,0,1,1,0,1,1,1,1,1
10/29/2025 14:44,1.4253,1.2509,0.03,1.1163,1.2408,1.4253,1.2509,1.1163,1.6,23.8871,2.2506,48.55,48.55,48.55,23.8871,2.2506,,,,46.2994,21.6365,22.2871,22.6362,22.4618,1,1,1,0,1,1,0,1,1,1,1,1
10/29/2025 14:49,1.4259,1.2525,0.0313,1.1287,1.246,1.4259,1.2525,1.1287,1.6,23.8786,2.2452,48.5438,48.5438,48.5438,23.8786,2.2452,,,,46.2986,21.6334,22.2786,22.6261,22.4527,1,1,1,0,1,1,0,1,1,1,1,1
10/29/2025 14:54,1.4188,1.2522,0.035,1.0962,1.2225,1.4188,1.2522,1.0962,1.6,23.8447,2.247,48.5563,48.5563,48.5563,23.8447,2.247,,,,46.3093,21.5977,22.2447,22.5925,22.4259,1,1,1,0,1,1,0,1,1,1,1,1
10/29/2025 14:59,1.4178,1.2494,0.0338,1.1338,1.242,1.4178,1.2494,1.1338,1.575,23.8419,2.2434,48.2563,48.2563,48.2563,23.8419,2.2434,,,,46.0129,21.5985,22.2669,22.5925,22.4241,1,1,1,0,1,1,0,1,1,1,1,1
10/29/2025 15:04,1.4166,1.2497,0.035,1.1325,1.23955,1.4166,1.2497,1.1325,1.625,23.8956,2.2416,48.0938,48.0938,48.0938,23.8956,2.2416,,,,45.8522,21.654,22.2706,22.6459,22.479,1,1,1,0,1,1,0,1,1,1,1,1
10/29/2025 15:09,1.4234,1.2494,0.0313,1.1538,1.2573,1.4234,1.2494,1.1538,1.575,23.8588,2.247,48.3063,48.3063,48.3063,23.8588,2.247,,,,46.0593,21.6118,22.2838,22.6094,22.4354,1,1,1,0,1,1,0,1,1,1,1,1
10/29/2025 15:14,1.4234,1.2503,0.0288,1.1325,1.24915,1.4234,1.2503,1.1325,1.575,23.8843,2.247,48.4375,48.4375,48.4375,23.8843,2.247,,,,46.1905,21.6373,22.3093,22.634,22.4609,1,1,1,0,1,1,0,1,1,1,1,1
10/29/2025 15:19,1.4191,1.2497,0.0313,1.1338,1.24515,1.4191,1.2497,1.1338,1.6,23.8701,2.2488,48.5625,48.5625,48.5625,23.8701,2.2488,,,,46.3137,21.6213,22.2701,22.6204,22.451,1,1,1,0,1,1,0,1,1,1,1,1
10/29/2025 15:24,1.4259,1.2484,0.03,1.1387,1.2523,1.4259,1.2484,1.1387,1.6,23.8758,2.247,48.3563,48.3563,48.3563,23.8758,2.247,,,,46.1093,21.6288,22.2758,22.6274,22.4499,1,1,1,0,1,1,0,1,1,1,1,1
10/29/2025 15:29,1.4175,1.2484,0.0288,1.1138,1.23685,1.4175,1.2484,1.1138,1.575,23.8673,2.2361,48.3563,48.3563,48.3563,23.8673,2.2361,,,,46.1202,21.6312,22.2923,22.6189,22.4498,1,1,1,0,1,1,0,1,1,1,1,1
10/29/2025 15:34,1.4156,1.2488,0.03,1.09,1.2228,1.4156,1.2488,1.09,1.6,23.873,2.2452,48.2375,48.2375,48.2375,23.873,2.2452,,,,45.9923,21.6278,22.273,22.6242,22.4574,1,1,1,0,1,1,0,1,1,1,1,1
10/29/2025 15:39,1.4178,1.25,0.0313,1.1575,1.25635,1.4178,1.25,1.1575,1.625,23.8871,2.2452,48.15,48.15,48.15,23.8871,2.2452,,,,45.9048,21.6419,22.2621,22.6371,22.4693,1,1,1,0,1,1,0,1,1,1,1,1
10/29/2025 15:44,1.4219,1.2497,0.0288,1.14,1.25215,1.4219,1.2497,1.14,1.575,23.8786,2.2488,48.1625,48.1625,48.1625,23.8786,2.2488,,,,45.9137,21.6298,22.3036,22.6289,22.4567,1,1,1,0,1,1,0,1,1,1,1,1
10/29/2025 15:49,1.4169,1.2509,0.0313,1.1013,1.2278,1.4169,1.2509,1.1013,1.575,23.8503,2.247,48.125,48.125,48.125,23.8503,2.247,,,,45.878,21.6033,22.2753,22.5994,22.4334,1,1,1,0,1,1,0,1,1,1,1,1
10/29/2025 15:54,1.4188,1.2506,0.03,1.1375,1.24815,1.4188,1.2506,1.1375,1.625,23.856,2.2416,48.3375,48.3375,48.3375,23.856,2.2416,,,,46.0959,21.6144,22.231,22.6054,22.4372,1,1,1,0,1,1,0,1,1,1,1,1
10/29/2025 15:59,1.4216,1.2481,0.0362,1.115,1.2321,1.4216,1.2481,1.115,1.575,23.873,2.247,48.2188,48.2188,48.2188,23.873,2.247,,,,45.9718,21.626,22.298,22.6249,22.4514,1,1,1,0,1,1,0,1,1,1,1,1
10/29/2025 16:04,1.4222,1.2481,0.0313,1.1088,1.2342,1.4222,1.2481,1.1088,1.625,23.9012,2.2488,48.4063,48.4063,48.4063,23.9012,2.2488,,,,46.1575,21.6524,22.2762,22.6531,22.479,1,1,1,0,1,1,0,1,1,1,1,1
10/29/2025 16:09,1.4241,1.25,0.035,1.1338,1.24395,1.4241,1.25,1.1338,1.6,23.8814,2.247,48.2938,48.2938,48.2938,23.8814,2.247,,,,46.0468,21.6344,22.2814,22.6314,22.4573,1,1,1,0,1,1,0,1,1,1,1,1
10/29/2025 16:14,1.4238,1.2491,0.03,1.1138,1.2388,1.4238,1.2491,1.1138,1.575,23.873,2.2488,48.3563,48.3563,48.3563,23.873,2.2488,,,,46.1075,21.6242,22.298,22.6239,22.4492,1,1,1,0,1,1,0,1,1,1,1,1
10/29/2025 16:19,1.4206,1.25,0.0313,1.1125,1.23525,1.4206,1.25,1.1125,1.575,23.873,2.2542,48.5063,48.5063,48.5063,23.873,2.2542,,,,46.2521,21.6188,22.298,22.623,22.4524,1,1,1,0,1,1,0,1,1,1,1,1
10/29/2025 16:24,1.4247,1.2506,0.0313,1.1213,1.2417,1.4247,1.2506,1.1213,1.6,23.9041,2.2434,48.4563,48.4563,48.4563,23.9041,2.2434,,,,46.2129,21.6607,22.3041,22.6535,22.4794,1,1,1,0,1,1,0,1,1,1,1,1
10/29/2025 16:29,1.4203,1.2494,0.0313,1.1313,1.2445,1.4203,1.2494,1.1313,1.575,23.8814,2.247,48.375,48.375,48.375,23.8814,2.247,,,,46.128,21.6344,22.3064,22.632,22.4611,1,1,1,0,1,1,0,1,1,1,1,1
10/29/2025 16:34,1.4159,1.2516,0.035,1.135,1.24045,1.4159,1.2516,1.135,1.575,23.873,2.2452,48.3313,48.3313,48.3313,23.873,2.2452,,,,46.0861,21.6278,22.298,22.6214,22.4571,1,1,1,0,1,1,0,1,1,1,1,1
10/29/2025 16:39,1.4138,1.2478,0.0313,1.1075,1.22935,1.4138,1.2478,1.1075,1.575,23.8814,2.247,48.0438,48.0438,48.0438,23.8814,2.247,,,,45.7968,21.6344,22.3064,22.6336,22.4676,1,1,1,0,1,1,0,1,1,1,1,1
10/29/2025 16:44,1.4234,1.2478,0.035,1.1275,1.24045,1.4234,1.2478,1.1275,1.575,23.8814,2.2434,48.4563,48.4563,48.4563,23.8814,2.2434,,,,46.2129,21.638,22.3064,22.6336,22.458,1,1,1,0,1,1,0,1,1,1,1,1
10/29/2025 16:49,1.4216,1.2475,0.0362,1.1525,1.25085,1.4216,1.2475,1.1525,1.6,23.9041,2.2416,48.5313,48.5313,48.5313,23.9041,2.2416,,,,46.2897,21.6625,22.3041,22.6566,22.4825,1,1,1,0,1,1,0,1,1,1,1,1
10/29/2025 16:54,1.4231,1.2475,0.0338,1.1425,1.249,1.4231,1.2475,1.1425,1.575,23.8673,2.2452,48.2938,48.2938,48.2938,23.8673,2.2452,,,,46.0486,21.6221,22.2923,22.6198,22.4442,1,1,1,0,1,1,0,1,1,1,1,1
10/29/2025 16:59,1.4322,1.2478,0.035,1.1338,1.248,1.4322,1.2478,1.1338,1.6,23.8758,2.247,48.5188,48.5188,48.5188,23.8758,2.247,,,,46.2718,21.6288,22.2758,22.628,22.4436,1,1,1,0,1,1,0,1,1,1,1,1
10/29/2025 17:04,1.4322,1.2463,0.0338,1.1575,1.26105,1.4322,1.2463,1.1575,1.6,23.8786,2.2434,48.4625,48.4625,48.4625,23.8786,2.2434,,,,46.2191,21.6352,22.2786,22.6323,22.4464,1,1,1,0,1,1,0,1,1,1,1,1
10/29/2025 17:09,1.4294,1.2459,0.035,1.1525,1.25595,1.4294,1.2459,1.1525,1.625,23.873,2.2416,48.5813,48.5813,48.5813,23.873,2.2416,,,,46.3397,21.6314,22.248,22.6271,22.4436,1,1,1,0,1,1,0,1,1,1,1,1
10/29/2025 17:14,1.4241,1.2491,0.0313,1.14,1.25075,1.4241,1.2491,1.14,1.625,23.8475,2.2434,48.525,48.525,48.525,23.8475,2.2434,,,,46.2816,21.6041,22.2225,22.5984,22.4234,1,1,1,0,1,1,0,1,1,1,1,1
10/29/2025 17:19,1.4278,1.2463,0.035,1.16,1.2589,1.4278,1.2463,1.16,1.725,23.8673,2.2416,48.2188,48.2188,48.2188,23.8673,2.2416,,,,45.9772,21.6257,22.1423,22.621,22.4395,1,1,1,0,1,1,0,1,1,1,1,1
10/29/2025 17:24,1.43,1.2494,0.0338,1.1188,1.2406,1.43,1.2494,1.1188,1.85,23.8758,2.2434,48.4625,48.4625,48.4625,23.8758,2.2434,,,,46.2191,21.6324,22.0258,22.6264,22.4458,1,1,1,0,1,1,0,1,1,1,1,1
10/29/2025 17:29,1.4316,1.2478,0.0375,1.1387,1.24765,1.4316,1.2478,1.1387,1.85,23.8814,2.2434,48.4125,48.4125,48.4125,23.8814,2.2434,,,,46.1691,21.638,22.0314,22.6336,22.4498,1,1,1,0,1,1,0,1,1,1,1,1
10/29/2025 17:34,1.4244,1.2481,0.035,1.135,1.2447,1.4244,1.2481,1.135,1.775,23.8617,2.2361,48.4,48.4,48.4,23.8617,2.2361,,,,46.1639,21.6256,22.0867,22.6136,22.4373,1,1,1,0,1,1,0,1,1,1,1,1
10/29/2025 17:39,1.4259,1.2488,0.0313,1.1788,1.27105,1.4259,1.2488,1.1788,1.8,23.8673,2.2506,48.0813,48.0813,48.0813,23.8673,2.2506,,,,45.8307,21.6167,22.0673,22.6185,22.4414,1,1,1,0,1,1,0,1,1,1,1,1
10/29/2025 17:44,1.4216,1.2472,0.0338,1.1287,1.24135,1.4216,1.2472,1.1287,1.8,23.8617,2.2506,48.5,48.5,48.5,23.8617,2.2506,,,,46.2494,21.6111,22.0617,22.6145,22.4401,1,1,1,0,1,1,0,1,1,1,1,1
10/29/2025 17:49,1.4178,1.2466,0.0362,1.1263,1.23585,1.4178,1.2466,1.1263,1.8,23.8758,2.2524,48.2938,48.2938,48.2938,23.8758,2.2524,,,,46.0414,21.6234,22.0758,22.6292,22.458,1,1,1,0,1,1,0,1,1,1,1,1
10/29/2025 17:54,1.4247,1.2478,0.03,1.1375,1.2511,1.4247,1.2478,1.1375,1.85,23.8701,2.2434,48.325,48.325,48.325,23.8701,2.2434,,,,46.0816,21.6267,22.0201,22.6223,22.4454,1,1,1,0,1,1,0,1,1,1,1,1
10/29/2025 17:59,1.4281,1.2478,0.03,1.1487,1.2584,1.4281,1.2478,1.1487,1.85,23.8814,2.2416,48.3938,48.3938,48.3938,23.8814,2.2416,,,,46.1522,21.6398,22.0314,22.6336,22.4533,1,1,1,0,1,1,0,1,1,1,1,1
10/29/2025 18:04,1.4272,1.25,0.03,1.1075,1.23735,1.4272,1.25,1.1075,1.875,23.8645,2.2416,48.3,48.3,48.3,23.8645,2.2416,,,,46.0584,21.6229,21.9895,22.6145,22.4373,1,1,1,0,1,1,0,1,1,1,1,1
10/29/2025 18:09,1.4284,1.2466,0.035,1.1387,1.24855,1.4284,1.2466,1.1387,1.8,23.8673,2.2416,48.2625,48.2625,48.2625,23.8673,2.2416,,,,46.0209,21.6257,22.0673,22.6207,22.4389,1,1,1,0,1,1,0,1,1,1,1,1
10/29/2025 18:14,1.4303,1.2466,0.0338,1.1575,1.2601,1.4303,1.2466,1.1575,1.875,23.8617,2.247,48.5688,48.5688,48.5688,23.8617,2.247,,,,46.3218,21.6147,21.9867,22.6151,22.4314,1,1,1,0,1,1,0,1,1,1,1,1
10/29/2025 18:19,1.4213,1.2463,0.0288,1.1387,1.2512,1.4213,1.2463,1.1387,1.85,23.8701,2.2506,48.3625,48.3625,48.3625,23.8701,2.2506,,,,46.1119,21.6195,22.0201,22.6238,22.4488,1,1,1,0,1,1,0,1,1,1,1,1
10/29/2025 18:24,1.4278,1.2488,0.0362,1.1313,1.24335,1.4278,1.2488,1.1313,1.85,23.8306,2.2416,48.5125,48.5125,48.5125,23.8306,2.2416,,,,46.2709,21.589,21.9806,22.5818,22.4028,1,1,1,0,1,1,0,1,1,1,1,1
10/29/2025 18:29,1.4284,1.2463,0.03,1.1013,1.23485,1.4284,1.2463,1.1013,1.775,23.9041,2.2434,48.55,48.55,48.55,23.9041,2.2434,,,,46.3066,21.6607,22.1291,22.6578,22.4757,1,1,1,0,1,1,0,1,1,1,1,1
10/29/2025 18:34,1.4291,1.2463,0.0338,1.1263,1.2439,1.4291,1.2463,1.1263,1.8,23.8871,2.247,48.2938,48.2938,48.2938,23.8871,2.247,,,,46.0468,21.6401,22.0871,22.6408,22.458,1,1,1,0,1,1,0,1,1,1,1,1
10/29/2025 18:39,1.4322,1.2456,0.035,1.1525,1.25735,1.4322,1.2456,1.1525,1.8,23.8588,2.2506,48.4375,48.4375,48.4375,23.8588,2.2506,,,,46.1869,21.6082,22.0588,22.6132,22.4266,1,1,1,0,1,1,0,1,1,1,1,1
10/29/2025 18:44,1.4313,1.2481,0.0338,1.115,1.23935,1.4313,1.2481,1.115,1.925,23.873,2.2452,48.3625,48.3625,48.3625,23.873,2.2452,,,,46.1173,21.6278,21.948,22.6249,22.4417,1,1,1,0,1,1,0,1,1,1,1,1
10/29/2025 18:49,1.4316,1.2469,0.035,1.1013,1.23145,1.4316,1.2469,1.1013,1.85,23.8758,2.2434,48.2875,48.2875,48.2875,23.8758,2.2434,,,,46.0441,21.6324,22.0258,22.6289,22.4442,1,1,1,0,1,1,0,1,1,1,1,1
10/29/2025 18:54,1.4278,1.2472,0.035,1.1088,1.2333,1.4278,1.2472,1.1088,1.8,23.8786,2.2416,48.2,48.2,48.2,23.8786,2.2416,,,,45.9584,21.637,22.0786,22.6314,22.4508,1,1,1,0,1,1,0,1,1,1,1,1
10/29/2025 18:59,1.4284,1.2488,0.035,1.1213,1.23985,1.4284,1.2488,1.1213,1.875,23.8899,2.2397,48.3875,48.3875,48.3875,23.8899,2.2397,,,,46.1478,21.6502,22.0149,22.6411,22.4615,1,1,1,0,1,1,0,1,1,1,1,1
10/29/2025 19:04,1.425,1.2453,0.035,1.1263,1.24065,1.425,1.2453,1.1263,1.875,23.8673,2.2434,48.5063,48.5063,48.5063,23.8673,2.2434,,,,46.2629,21.6239,21.9923,22.622,22.4423,1,1,1,0,1,1,0,1,1,1,1,1
10/29/2025 19:09,1.4291,1.2466,0.0362,1.1325,1.2446,1.4291,1.2466,1.1325,1.875,23.8758,2.2452,48.5625,48.5625,48.5625,23.8758,2.2452,,,,46.3173,21.6306,22.0008,22.6292,22.4467,1,1,1,0,1,1,0,1,1,1,1,1
10/29/2025 19:14,1.4384,1.2475,0.0338,1.1275,1.24915,1.4384,1.2475,1.1275,1.875,23.8814,2.2397,48.5438,48.5438,48.5438,23.8814,2.2397,,,,46.3041,21.6417,22.0064,22.6339,22.443,1,1,1,0,1,1,0,1,1,1,1,1
10/29/2025 19:19,1.4259,1.2466,0.0313,1.1513,1.2573,1.4259,1.2466,1.1513,1.85,23.8645,2.2452,48.4875,48.4875,48.4875,23.8645,2.2452,,,,46.2423,21.6193,22.0145,22.6179,22.4386,1,1,1,0,1,1,0,1,1,1,1,1
10/29/2025 19:24,1.4322,1.2463,0.0313,1.12,1.2448,1.4322,1.2463,1.12,1.85,23.8758,2.2506,48.5563,48.5563,48.5563,23.8758,2.2506,,,,46.3057,21.6252,22.0258,22.6295,22.4436,1,1,1,0,1,1,0,1,1,1,1,1
10/29/2025 19:29,1.4328,1.2466,0.035,1.14,1.2514,1.4328,1.2466,1.14,1.775,23.8419,2.2416,48.5688,48.5688,48.5688,23.8419,2.2416,,,,46.3272,21.6003,22.0669,22.5953,22.4091,1,1,1,0,1,1,0,1,1,1,1,1
10/29/2025 19:34,1.4288,1.2456,0.0313,1.1287,1.24745,1.4288,1.2456,1.1287,1.775,23.8588,2.2434,48.6,48.6,48.6,23.8588,2.2434,,,,46.3566,21.6154,22.0838,22.6132,22.43,1,1,1,0,1,1,0,1,1,1,1,1
10/29/2025 19:39,1.4291,1.2459,0.0362,1.1663,1.2615,1.4291,1.2459,1.1663,1.775,23.873,2.2434,48.3438,48.3438,48.3438,23.873,2.2434,,,,46.1004,21.6296,22.098,22.6271,22.4439,1,1,1,0,1,1,0,1,1,1,1,1
10/29/2025 19:44,1.4228,1.2447,0.035,1.1525,1.25265,1.4228,1.2447,1.1525,1.775,23.8758,2.2379,48.4,48.4,48.4,23.8758,2.2379,,,,46.1621,21.6379,22.1008,22.6311,22.453,1,1,1,0,1,1,0,1,1,1,1,1
10/29/2025 19:49,1.4316,1.2469,0.0375,1.1325,1.24455,1.4316,1.2469,1.1325,1.775,23.8701,2.2379,48.5813,48.5813,48.5813,23.8701,2.2379,,,,46.3434,21.6322,22.0951,22.6232,22.4385,1,1,1,0,1,1,0,1,1,1,1,1
10/29/2025 19:54,1.4316,1.2475,0.04,1.1587,1.25515,1.4316,1.2475,1.1587,1.775,23.8447,2.2434,48.4,48.4,48.4,23.8447,2.2434,,,,46.1566,21.6013,22.0697,22.5972,22.4131,1,1,1,0,1,1,0,1,1,1,1,1
10/29/2025 19:59,1.4334,1.245,0.03,1.1188,1.2461,1.4334,1.245,1.1188,1.75,23.8645,2.2416,48.575,48.575,48.575,23.8645,2.2416,,,,46.3334,21.6229,22.1145,22.6195,22.4311,1,1,1,0,1,1,0,1,1,1,1,1
10/29/2025 20:04,1.4303,1.2447,0.0338,1.1287,1.2457,1.4303,1.2447,1.1287,1.75,23.8419,2.2379,48.425,48.425,48.425,23.8419,2.2379,,,,46.1871,21.604,22.0919,22.5972,22.4116,1,1,1,0,1,1,0,1,1,1,1,1
10/29/2025 20:09,1.4316,1.2444,0.0338,1.0888,1.2264,1.4316,1.2444,1.0888,1.85,23.8701,2.2361,48.2063,48.2063,48.2063,23.8701,2.2361,,,,45.9702,21.634,22.0201,22.6257,22.4385,1,1,1,0,1,1,0,1,1,1,1,1
10/29/2025 20:14,1.4275,1.2463,0.0313,1.1675,1.2662,1.4275,1.2463,1.1675,1.775,23.8673,2.2397,48.4,48.4,48.4,23.8673,2.2397,,,,46.1603,21.6276,22.0923,22.621,22.4398,1,1,1,0,1,1,0,1,1,1,1,1
10/29/2025 20:19,1.4313,1.2459,0.0313,1.1287,1.2487,1.4313,1.2459,1.1287,1.775,23.8645,2.2379,48.6938,48.6938,48.6938,23.8645,2.2379,,,,46.4559,21.6266,22.0895,22.6186,22.4332,1,1,1,0,1,1,0,1,1,1,1,1
10/29/2025 20:24,1.4309,1.2441,0.0338,1.1375,1.2504,1.4309,1.2441,1.1375,1.85,23.8617,2.2416,48.5,48.5,48.5,23.8617,2.2416,,,,46.2584,21.6201,22.0117,22.6176,22.4308,1,1,1,0,1,1,0,1,1,1,1,1
10/29/2025 20:29,1.4281,1.2475,0.0313,1.1613,1.2634,1.4281,1.2475,1.1613,1.775,23.9041,2.2452,48.5625,48.5625,48.5625,23.9041,2.2452,,,,46.3173,21.6589,22.1291,22.6566,22.476,1,1,1,0,1,1,0,1,1,1,1,1
10/29/2025 20:34,1.4325,1.2441,0.0338,1.14,1.25245,1.4325,1.2441,1.14,1.8,23.856,2.2452,48.6438,48.6438,48.6438,23.856,2.2452,,,,46.3986,21.6108,22.056,22.6119,22.4235,1,1,1,0,1,1,0,1,1,1,1,1
10/29/2025 20:39,1.43,1.2453,0.0338,1.1425,1.25245,1.43,1.2453,1.1425,1.775,23.8617,2.2452,48.8188,48.8188,48.8188,23.8617,2.2452,,,,46.5736,21.6165,22.0867,22.6164,22.4317,1,1,1,0,1,1,0,1,1,1,1,1
10/29/2025 20:44,1.4322,1.2441,0.0313,1.1213,1.24545,1.4322,1.2441,1.1213,1.775,23.8645,2.2379,48.6,48.6,48.6,23.8645,2.2379,,,,46.3621,21.6266,22.0895,22.6204,22.4323,1,1,1,0,1,1,0,1,1,1,1,1
10/29/2025 20:49,1.4353,1.2438,0.0338,1.1213,1.2445,1.4353,1.2438,1.1213,1.85,23.8334,2.2361,48.5125,48.5125,48.5125,23.8334,2.2361,,,,46.2764,21.5973,21.9834,22.5896,22.3981,1,1,1,0,1,1,0,1,1,1,1,1
10/29/2025 20:54,1.4303,1.2434,0.0338,1.1425,1.2526,1.4303,1.2434,1.1425,1.85,23.8588,2.2397,48.2813,48.2813,48.2813,23.8588,2.2397,,,,46.0416,21.6191,22.0088,22.6154,22.4285,1,1,1,0,1,1,0,1,1,1,1,1
10/29/2025 20:59,1.4294,1.2447,0.03,1.155,1.2622,1.4294,1.2447,1.155,1.8,23.8588,2.2379,48.3188,48.3188,48.3188,23.8588,2.2379,,,,46.0809,21.6209,22.0588,22.6141,22.4294,1,1,1,0,1,1,0,1,1,1,1,1
10/29/2025 21:04,1.4331,1.2456,0.0338,1.1325,1.249,1.4331,1.2456,1.1325,1.775,23.8899,2.2343,48.4313,48.4313,48.4313,23.8899,2.2343,,,,46.197,21.6556,22.1149,22.6443,22.4568,1,1,1,0,1,1,0,1,1,1,1,1
10/29/2025 21:09,1.4275,1.2441,0.0338,1.1325,1.2462,1.4275,1.2441,1.1325,1.8,23.8617,2.2452,48.4813,48.4813,48.4813,23.8617,2.2452,,,,46.2361,21.6165,22.0617,22.6176,22.4342,1,1,1,0,1,1,0,1,1,1,1,1
10/29/2025 21:14,1.4334,1.2441,0.0362,1.1463,1.25365,1.4334,1.2441,1.1463,1.775,23.8588,2.2379,48.6438,48.6438,48.6438,23.8588,2.2379,,,,46.4059,21.6209,22.0838,22.6147,22.4254,1,1,1,0,1,1,0,1,1,1,1,1
10/29/2025 21:19,1.4344,1.2438,0.0313,1.12,1.2459,1.4344,1.2438,1.12,1.775,23.8871,2.2361,48.475,48.475,48.475,23.8871,2.2361,,,,46.2389,21.651,22.1121,22.6433,22.4527,1,1,1,0,1,1,0,1,1,1,1,1
10/29/2025 21:24,1.4356,1.2463,0.03,1.1475,1.26155,1.4356,1.2463,1.1475,1.85,23.9041,2.247,48.5875,48.5875,48.5875,23.9041,2.247,,,,46.3405,21.6571,22.0541,22.6578,22.4685,1,1,1,0,1,1,0,1,1,1,1,1
10/29/2025 21:29,1.4319,1.2434,0.0313,1.1188,1.24405,1.4319,1.2434,1.1188,1.8,23.8956,2.2397,48.425,48.425,48.425,23.8956,2.2397,,,,46.1853,21.6559,22.0956,22.6522,22.4637,1,1,1,0,1,1,0,1,1,1,1,1
10/29/2025 21:34,1.4397,1.2444,0.0338,1.1587,1.2654,1.4397,1.2444,1.1587,1.775,23.8419,2.2343,48.4625,48.4625,48.4625,23.8419,2.2343,,,,46.2282,21.6076,22.0669,22.5975,22.4022,1,1,1,0,1,1,0,1,1,1,1,1
10/29/2025 21:39,1.4272,1.2453,0.0338,1.1638,1.2617,1.4272,1.2453,1.1638,1.75,23.856,2.2416,48.7188,48.7188,48.7188,23.856,2.2416,,,,46.4772,21.6144,22.106,22.6107,22.4288,1,1,1,0,1,1,0,1,1,1,1,1
10/29/2025 21:44,1.4394,1.2466,0.0338,1.145,1.2584,1.4394,1.2466,1.145,1.75,23.8447,2.2416,48.5938,48.5938,48.5938,23.8447,2.2416,,,,46.3522,21.6031,22.0947,22.5981,22.4053,1,1,1,0,1,1,0,1,1,1,1,1
10/29/2025 21:49,1.4344,1.2456,0.0313,1.1113,1.24155,1.4344,1.2456,1.1113,1.75,23.8758,2.2379,48.5563,48.5563,48.5563,23.8758,2.2379,,,,46.3184,21.6379,22.1258,22.6302,22.4414,1,1,1,0,1,1,0,1,1,1,1,1
10/29/2025 21:54,1.4316,1.245,0.0338,1.1587,1.26135,1.4316,1.245,1.1587,1.675,23.873,2.2343,48.475,48.475,48.475,23.873,2.2343,,,,46.2407,21.6387,22.198,22.628,22.4414,1,1,1,0,1,1,0,1,1,1,1,1
10/29/2025 21:59,1.4391,1.2444,0.0362,1.1113,1.239,1.4391,1.2444,1.1113,1.675,23.8588,2.2379,48.6125,48.6125,48.6125,23.8588,2.2379,,,,46.3746,21.6209,22.1838,22.6144,22.4197,1,1,1,0,1,1,0,1,1,1,1,1
10/29/2025 22:04,1.4306,1.2441,0.0338,1.1475,1.25525,1.4306,1.2441,1.1475,1.725,23.8701,2.247,48.5813,48.5813,48.5813,23.8701,2.247,,,,46.3343,21.6231,22.1451,22.626,22.4395,1,1,1,0,1,1,0,1,1,1,1,1
10/29/2025 22:09,1.4378,1.2441,0.0313,1.1275,1.25135,1.4378,1.2441,1.1275,1.8,23.8617,2.2379,48.7813,48.7813,48.7813,23.8617,2.2379,,,,46.5434,21.6238,22.0617,22.6176,22.4239,1,1,1,0,1,1,0,1,1,1,1,1
10/29/2025 22:14,1.4366,1.245,0.0338,1.1287,1.24885,1.4366,1.245,1.1287,1.8,23.8758,2.2434,48.6,48.6,48.6,23.8758,2.2434,,,,46.3566,21.6324,22.0758,22.6308,22.4392,1,1,1,0,1,1,0,1,1,1,1,1
10/29/2025 22:19,1.4369,1.2431,0.0338,1.1313,1.2503,1.4369,1.2431,1.1313,1.775,23.8503,2.2325,48.6688,48.6688,48.6688,23.8503,2.2325,,,,46.4363,21.6178,22.0753,22.6072,22.4134,1,1,1,0,1,1,0,1,1,1,1,1
10/29/2025 22:24,1.4322,1.2431,0.0362,1.1313,1.24555,1.4322,1.2431,1.1313,1.775,23.8645,2.247,48.6875,48.6875,48.6875,23.8645,2.247,,,,46.4405,21.6175,22.0895,22.6214,22.4323,1,1,1,0,1,1,0,1,1,1,1,1
10/29/2025 22:29,1.4416,1.2425,0.0362,1.135,1.2521,1.4416,1.2425,1.135,1.775,23.873,2.2416,48.4813,48.4813,48.4813,23.873,2.2416,,,,46.2397,21.6314,22.098,22.6305,22.4314,1,1,1,0,1,1,0,1,1,1,1,1
10/29/2025 22:34,1.4334,1.2422,0.035,1.095,1.2292,1.4334,1.2422,1.095,1.775,23.8475,2.2361,48.825,48.825,48.825,23.8475,2.2361,,,,46.5889,21.6114,22.0725,22.6053,22.4141,1,1,1,0,1,1,0,1,1,1,1,1
10/29/2025 22:39,1.4331,1.2419,0.035,1.1025,1.2328,1.4331,1.2419,1.1025,1.775,23.8673,2.2361,48.325,48.325,48.325,23.8673,2.2361,,,,46.0889,21.6312,22.0923,22.6254,22.4342,1,1,1,0,1,1,0,1,1,1,1,1
10/29/2025 22:44,1.4338,1.2438,0.0338,1.1425,1.25435,1.4338,1.2438,1.1425,1.75,23.8617,2.2361,48.75,48.75,48.75,23.8617,2.2361,,,,46.5139,21.6256,22.1117,22.6179,22.4279,1,1,1,0,1,1,0,1,1,1,1,1
10/29/2025 22:49,1.4356,1.2428,0.0313,1.135,1.254,1.4356,1.2428,1.135,1.85,23.8475,2.2379,48.6188,48.6188,48.6188,23.8475,2.2379,,,,46.3809,21.6096,21.9975,22.6047,22.4119,1,1,1,0,1,1,0,1,1,1,1,1
10/29/2025 22:54,1.4356,1.2441,0.035,1.14,1.2528,1.4356,1.2441,1.14,1.75,23.8447,2.2343,48.5875,48.5875,48.5875,23.8447,2.2343,,,,46.3532,21.6104,22.0947,22.6006,22.4091,1,1,1,0,1,1,0,1,1,1,1,1
10/29/2025 22:59,1.4291,1.2422,0.0362,1.1325,1.2446,1.4291,1.2422,1.1325,1.75,23.8927,2.2379,48.2063,48.2063,48.2063,23.8927,2.2379,,,,45.9684,21.6548,22.1427,22.6505,22.4636,1,1,1,0,1,1,0,1,1,1,1,1
10/29/2025 23:04,1.4388,1.2434,0.0338,1.1338,1.2525,1.4388,1.2434,1.1338,1.8,23.8645,2.2379,48.5875,48.5875,48.5875,23.8645,2.2379,,,,46.3496,21.6266,22.0645,22.6211,22.4257,1,1,1,0,1,1,0,1,1,1,1,1
10/29/2025 23:09,1.4378,1.2422,0.0338,1.1338,1.252,1.4378,1.2422,1.1338,1.75,23.856,2.2307,48.5313,48.5313,48.5313,23.856,2.2307,,,,46.3006,21.6253,22.106,22.6138,22.4182,1,1,1,0,1,1,0,1,1,1,1,1
10/29/2025 23:14,1.4372,1.2434,0.0338,1.1287,1.24915,1.4372,1.2434,1.1287,1.75,23.8588,2.2379,48.5375,48.5375,48.5375,23.8588,2.2379,,,,46.2996,21.6209,22.1088,22.6154,22.4216,1,1,1,0,1,1,0,1,1,1,1,1
10/29/2025 23:19,1.4341,1.2428,0.0338,1.1325,1.2495,1.4341,1.2428,1.1325,1.775,23.8645,2.2361,48.6625,48.6625,48.6625,23.8645,2.2361,,,,46.4264,21.6284,22.0895,22.6217,22.4304,1,1,1,0,1,1,0,1,1,1,1,1
10/29/2025 23:24,1.4328,1.2425,0.0362,1.1138,1.2371,1.4328,1.2425,1.1138,1.775,23.8786,2.2307,48.2188,48.2188,48.2188,23.8786,2.2307,,,,45.9881,21.6479,22.1036,22.6361,22.4458,1,1,1,0,1,1,0,1,1,1,1,1
10/29/2025 23:29,1.4344,1.2444,0.035,1.1663,1.26535,1.4344,1.2444,1.1663,1.8,23.8447,2.2325,48.7938,48.7938,48.7938,23.8447,2.2325,,,,46.5613,21.6122,22.0447,22.6003,22.4103,1,1,1,0,1,1,0,1,1,1,1,1
10/29/2025 23:34,1.4325,1.2425,0.0313,1.1138,1.24185,1.4325,1.2425,1.1138,1.8,23.8475,2.2361,48.55,48.55,48.55,23.8475,2.2361,,,,46.3139,21.6114,22.0475,22.605,22.415,1,1,1,0,1,1,0,1,1,1,1,1
10/29/2025 23:39,1.4375,1.2428,0.0338,1.155,1.26245,1.4375,1.2428,1.155,1.775,23.8447,2.2416,48.7438,48.7438,48.7438,23.8447,2.2416,,,,46.5022,21.6031,22.0697,22.6019,22.4072,1,1,1,0,1,1,0,1,1,1,1,1
10/29/2025 23:44,1.4372,1.2428,0.035,1.1413,1.25425,1.4372,1.2428,1.1413,1.75,23.839,2.2289,48.5188,48.5188,48.5188,23.839,2.2289,,,,46.2899,21.6101,22.089,22.5962,22.4018,1,1,1,0,1,1,0,1,1,1,1,1
10/29/2025 23:49,1.4341,1.2419,0.035,1.1613,1.2627,1.4341,1.2419,1.1613,1.75,23.856,2.2397,48.475,48.475,48.475,23.856,2.2397,,,,46.2353,21.6163,22.106,22.6141,22.4219,1,1,1,0,1,1,0,1,1,1,1,1
10/29/2025 23:54,1.4306,1.2431,0.0375,1.1413,1.24845,1.4306,1.2431,1.1413,1.75,23.8701,2.2307,48.6813,48.6813,48.6813,23.8701,2.2307,,,,46.4506,21.6394,22.1201,22.627,22.4395,1,1,1,0,1,1,0,1,1,1,1,1
10/29/2025 23:59,1.4338,1.2428,0.035,1.1425,1.25315,1.4338,1.2428,1.1425,1.775,23.8956,2.2271,48.7,48.7,48.7,23.8956,2.2271,,,,46.4729,21.6685,22.1206,22.6528,22.4618,1,1,1,0,1,1,0,1,1,1,1,1
10/30/2025 0:04,1.4338,1.2403,0.0338,1.17,1.2681,1.4338,1.2403,1.17,1.775,23.8532,2.2361,48.6813,48.6813,48.6813,23.8532,2.2361,,,,46.4452,21.6171,22.0782,22.6129,22.4194,1,1,1,0,1,1,0,1,1,1,1,1
10/30/2025 0:09,1.4325,1.2413,0.0375,1.1338,1.24565,1.4325,1.2413,1.1338,1.75,23.8814,2.2379,48.6625,48.6625,48.6625,23.8814,2.2379,,,,46.4246,21.6435,22.1314,22.6401,22.4489,1,1,1,0,1,1,0,1,1,1,1,1
10/30/2025 0:14,1.4359,1.2419,0.03,1.1325,1.2542,1.4359,1.2419,1.1325,1.775,23.8758,2.2325,48.2688,48.2688,48.2688,23.8758,2.2325,,,,46.0363,21.6433,22.1008,22.6339,22.4399,1,1,1,0,1,1,0,1,1,1,1,1
10/30/2025 0:19,1.4291,1.2416,0.035,1.185,1.27205,1.4291,1.2416,1.185,1.75,23.8673,2.2379,48.4688,48.4688,48.4688,23.8673,2.2379,,,,46.2309,21.6294,22.1173,22.6257,22.4382,1,1,1,0,1,1,0,1,1,1,1,1
10/30/2025 0:24,1.4319,1.2434,0.0362,1.1638,1.26165,1.4319,1.2434,1.1638,1.75,23.9012,2.2325,48.45,48.45,48.45,23.9012,2.2325,,,,46.2175,21.6687,22.1512,22.6578,22.4693,1,1,1,0,1,1,0,1,1,1,1,1
10/30/2025 0:29,1.4347,1.2419,0.0338,1.12,1.24355,1.4347,1.2419,1.12,1.775,23.8334,2.2325,48.6188,48.6188,48.6188,23.8334,2.2325,,,,46.3863,21.6009,22.0584,22.5915,22.3987,1,1,1,0,1,1,0,1,1,1,1,1
10/30/2025 0:34,1.4272,1.2413,0.0362,1.1188,1.2368,1.4272,1.2413,1.1188,1.725,23.8927,2.2289,48.5438,48.5438,48.5438,23.8927,2.2289,,,,46.3149,21.6638,22.1677,22.6514,22.4655,1,1,1,0,1,1,0,1,1,1,1,1
10/30/2025 0:39,1.4397,1.2425,0.0313,1.1675,1.2723,1.4397,1.2425,1.1675,1.675,23.8475,2.2307,48.55,48.55,48.55,23.8475,2.2307,,,,46.3193,21.6168,22.1725,22.605,22.4078,1,1,1,0,1,1,0,1,1,1,1,1
10/30/2025 0:44,1.4313,1.2413,0.0338,1.1463,1.255,1.4313,1.2413,1.1463,1.725,23.8814,2.2271,48.7563,48.7563,48.7563,23.8814,2.2271,,,,46.5292,21.6543,22.1564,22.6401,22.4501,1,1,1,0,1,1,0,1,1,1,1,1
10/30/2025 0:49,1.4328,1.2406,0.0362,1.1675,1.26395,1.4328,1.2406,1.1675,1.8,23.8532,2.2289,48.6375,48.6375,48.6375,23.8532,2.2289,,,,46.4086,21.6243,22.0532,22.6126,22.4204,1,1,1,0,1,1,0,1,1,1,1,1
10/30/2025 0:54,1.4363,1.2397,0.04,1.1575,1.2569,1.4363,1.2397,1.1575,1.8,23.8843,2.2325,48.575,48.575,48.575,23.8843,2.2325,,,,46.3425,21.6518,22.0843,22.6446,22.448,1,1,1,0,1,1,0,1,1,1,1,1
10/30/2025 0:59,1.4384,1.2409,0.0338,1.1788,1.2748,1.4384,1.2409,1.1788,1.75,23.8588,2.2289,48.3938,48.3938,48.3938,23.8588,2.2289,,,,46.1649,21.6299,22.1088,22.6179,22.4204,1,1,1,0,1,1,0,1,1,1,1,1
10/30/2025 1:04,1.4313,1.24,0.035,1.135,1.24815,1.4313,1.24,1.135,1.8,23.8701,2.2379,48.675,48.675,48.675,23.8701,2.2379,,,,46.4371,21.6322,22.0701,22.6301,22.4388,1,1,1,0,1,1,0,1,1,1,1,1
10/30/2025 1:09,1.4281,1.24,0.0313,1.16,1.26275,1.4281,1.24,1.16,1.75,23.856,2.2361,48.5625,48.5625,48.5625,23.856,2.2361,,,,46.3264,21.6199,22.106,22.616,22.4279,1,1,1,0,1,1,0,1,1,1,1,1
10/30/2025 1:14,1.4412,1.2422,0.0313,1.1338,1.2562,1.4412,1.2422,1.1338,1.8,23.8673,2.2307,48.5688,48.5688,48.5688,23.8673,2.2307,,,,46.3381,21.6366,22.0673,22.6251,22.4261,1,1,1,0,1,1,0,1,1,1,1,1
10/30/2025 1:19,1.4331,1.2419,0.035,1.1375,1.2503,1.4331,1.2419,1.1375,1.875,23.9154,2.2325,48.65,48.65,48.65,23.9154,2.2325,,,,46.4175,21.6829,22.0404,22.6735,22.4823,1,1,1,0,1,1,0,1,1,1,1,1
10/30/2025 1:24,1.4347,1.2403,0.0338,1.1275,1.2473,1.4347,1.2403,1.1275,1.8,23.8871,2.2289,48.5063,48.5063,48.5063,23.8871,2.2289,,,,46.2774,21.6582,22.0871,22.6468,22.4524,1,1,1,0,1,1,0,1,1,1,1,1
10/30/2025 1:29,0.0506,1.2384,0.0225,0.06,0.0328,0.0506,1.2384,0.06,1.775,0,0.2944,0.0125,0.0125,0.0125,0,0.2944,,,,-0.2819,-0.2944,-1.775,-1.2384,-0.0506,1,1,1,0,1,1,0,1,1,1,1,1
10/30/2025 1:34,0.0059,1.2375,0,0,0.00295,0.0059,1.2375,0,1.75,-0.0028,-0.0036,0.1938,0.1938,0.1938,-0.0028,0.0036,,,,0.1902,-0.0064,-1.7528,-1.2403,-0.0087,1,1,1,0,1,1,0,1,1,1,1,1
10/30/2025 9:16,1.4384,1.1641,0.04,1.1063,1.23235,1.4384,1.1641,1.1063,1.65,23.2256,1.9399,40.575,40.575,40.575,23.2256,1.9399,,,,38.6351,21.2857,21.5756,22.0615,21.7872,1,1,1,0,1,1,0,1,1,1,1,1
10/30/2025 9:21,1.4422,1.2159,0.035,1.1475,1.25985,1.4422,1.2159,1.1475,1.65,23.9578,2.0953,48.2438,48.2438,48.2438,23.9578,2.0953,,,,46.1485,21.8625,22.3078,22.7419,22.5156,1,1,1,0,1,1,0,1,1,1,1,1
10/30/2025 9:26,1.4356,1.2216,0.0413,1.16,1.2565,1.4356,1.2216,1.16,1.75,23.9041,2.144,48.7,48.7,48.7,23.9041,2.144,,,,46.556,21.7601,22.1541,22.6825,22.4685,1,1,1,0,1,1,0,1,1,1,1,1
10/30/2025 9:31,1.4369,1.2263,0.0375,1.1663,1.2641,1.4369,1.2263,1.1663,1.65,23.8956,2.1747,48.7,48.7,48.7,23.8956,2.1747,,,,46.5253,21.7209,22.2456,22.6693,22.4587,1,1,1,0,1,1,0,1,1,1,1,1
10/30/2025 9:36,1.4403,1.2272,0.0338,1.1463,1.2595,1.4403,1.2272,1.1463,1.65,23.8786,2.1928,48.7188,48.7188,48.7188,23.8786,2.1928,,,,46.526,21.6858,22.2286,22.6514,22.4383,1,1,1,0,1,1,0,1,1,1,1,1
10/30/2025 9:41,1.4366,1.2278,0.0362,1.145,1.2546,1.4366,1.2278,1.145,1.675,23.8786,2.2018,48.8063,48.8063,48.8063,23.8786,2.2018,,,,46.6045,21.6768,22.2036,22.6508,22.442,1,1,1,0,1,1,0,1,1,1,1,1
10/30/2025 9:46,1.4322,1.2278,0.0375,1.0988,1.228,1.4322,1.2278,1.0988,1.65,23.8899,2.2108,48.5875,48.5875,48.5875,23.8899,2.2108,,,,46.3767,21.6791,22.2399,22.6621,22.4577,1,1,1,0,1,1,0,1,1,1,1,1
10/30/2025 9:51,1.4372,1.2278,0.035,1.17,1.2686,1.4372,1.2278,1.17,1.675,23.8701,2.2018,48.55,48.55,48.55,23.8701,2.2018,,,,46.3482,21.6683,22.1951,22.6423,22.4329,1,1,1,0,1,1,0,1,1,1,1,1
10/30/2025 9:56,1.4372,1.2303,0.0338,1.1263,1.24795,1.4372,1.2303,1.1263,1.65,23.8843,2.2108,48.6313,48.6313,48.6313,23.8843,2.2108,,,,46.4205,21.6735,22.2343,22.654,22.4471,1,1,1,0,1,1,0,1,1,1,1,1
10/30/2025 10:01,1.435,1.2303,0.0375,1.1613,1.26065,1.435,1.2303,1.1613,1.65,23.8927,2.2072,48.525,48.525,48.525,23.8927,2.2072,,,,46.3178,21.6855,22.2427,22.6624,22.4577,1,1,1,0,1,1,0,1,1,1,1,1
10/30/2025 10:06,1.4359,1.2281,0.0338,1.1325,1.2504,1.4359,1.2281,1.1325,1.675,23.8899,2.209,48.55,48.55,48.55,23.8899,2.209,,,,46.341,21.6809,22.2149,22.6618,22.454,1,1,1,0,1,1,0,1,1,1,1,1
10/30/2025 10:11,1.4384,1.2284,0.0375,1.16,1.2617,1.4384,1.2284,1.16,1.675,23.8984,2.2054,48.65,48.65,48.65,23.8984,2.2054,,,,46.4446,21.693,22.2234,22.67,22.46,1,1,1,0,1,1,0,1,1,1,1,1
10/30/2025 10:16,1.4331,1.23,0.0362,1.1725,1.2666,1.4331,1.23,1.1725,1.725,23.8843,2.2036,48.4563,48.4563,48.4563,23.8843,2.2036,,,,46.2527,21.6807,22.1593,22.6543,22.4512,1,1,1,0,1,1,0,1,1,1,1,1
10/30/2025 10:21,1.4344,1.2284,0.0338,1.1475,1.25715,1.4344,1.2284,1.1475,1.65,23.8362,2.2127,48.35,48.35,48.35,23.8362,2.2127,,,,46.1373,21.6235,22.1862,22.6078,22.4018,1,1,1,0,1,1,0,1,1,1,1,1
10/30/2025 10:26,1.4319,1.2269,0.0338,1.1463,1.2553,1.4319,1.2269,1.1463,1.65,23.8786,2.209,48.3625,48.3625,48.3625,23.8786,2.209,,,,46.1535,21.6696,22.2286,22.6517,22.4467,1,1,1,0,1,1,0,1,1,1,1,1
10/30/2025 10:31,1.4331,1.23,0.0362,1.155,1.25785,1.4331,1.23,1.155,1.675,23.8758,2.209,48.4188,48.4188,48.4188,23.8758,2.209,,,,46.2098,21.6668,22.2008,22.6458,22.4427,1,1,1,0,1,1,0,1,1,1,1,1
10/30/2025 10:36,1.4325,1.23,0.03,1.1425,1.2575,1.4325,1.23,1.1425,1.675,23.856,2.2072,48.3813,48.3813,48.3813,23.856,2.2072,,,,46.1741,21.6488,22.181,22.626,22.4235,1,1,1,0,1,1,0,1,1,1,1,1
10/30/2025 10:41,1.4291,1.2309,0.0375,1.1287,1.2414,1.4291,1.2309,1.1287,1.625,23.8503,2.2145,48.45,48.45,48.45,23.8503,2.2145,,,,46.2355,21.6358,22.2253,22.6194,22.4212,1,1,1,0,1,1,0,1,1,1,1,1
10/30/2025 10:46,1.4244,1.2313,0.035,1.1475,1.25095,1.4244,1.2313,1.1475,1.625,23.873,2.2108,48.4438,48.4438,48.4438,23.873,2.2108,,,,46.233,21.6622,22.248,22.6417,22.4486,1,1,1,0,1,1,0,1,1,1,1,1
10/30/2025 10:51,1.4341,1.2281,0.04,1.1275,1.2408,1.4341,1.2281,1.1275,1.65,23.8362,2.209,48.6875,48.6875,48.6875,23.8362,2.209,,,,46.4785,21.6272,22.1862,22.6081,22.4021,1,1,1,0,1,1,0,1,1,1,1,1
10/30/2025 10:56,1.4303,1.2281,0.0375,1.1413,1.2483,1.4303,1.2281,1.1413,1.625,23.8532,2.209,48.4313,48.4313,48.4313,23.8532,2.209,,,,46.2223,21.6442,22.2282,22.6251,22.4229,1,1,1,0,1,1,0,1,1,1,1,1
10/30/2025 11:01,1.4309,1.2316,0.035,1.1725,1.2667,1.4309,1.2316,1.1725,1.625,23.8221,2.2072,48.5563,48.5563,48.5563,23.8221,2.2072,,,,46.3491,21.6149,22.1971,22.5905,22.3912,1,1,1,0,1,1,0,1,1,1,1,1
10/30/2025 11:06,1.4297,1.2303,0.0338,1.1575,1.2598,1.4297,1.2303,1.1575,1.675,23.8221,2.2054,48.4625,48.4625,48.4625,23.8221,2.2054,,,,46.2571,21.6167,22.1471,22.5918,22.3924,1,1,1,0,1,1,0,1,1,1,1,1
10/30/2025 11:11,1.4253,1.2306,0.0338,1.12,1.23885,1.4253,1.2306,1.12,1.625,23.8306,2.2054,48.2688,48.2688,48.2688,23.8306,2.2054,,,,46.0634,21.6252,22.2056,22.6,22.4053,1,1,1,0,1,1,0,1,1,1,1,1
10/30/2025 11:16,1.4231,1.2309,0.04,1.1413,1.2422,1.4231,1.2309,1.1413,1.6,23.856,2.2,48.5563,48.5563,48.5563,23.856,2.2,,,,46.3563,21.656,22.256,22.6251,22.4329,1,1,1,0,1,1,0,1,1,1,1,1
10/30/2025 11:21,1.4241,1.2306,0.04,1.115,1.22955,1.4241,1.2306,1.115,1.625,23.839,2.2072,48.4688,48.4688,48.4688,23.839,2.2072,,,,46.2616,21.6318,22.214,22.6084,22.4149,1,1,1,0,1,1,0,1,1,1,1,1
10/30/2025 11:26,1.4213,1.2313,0.035,1.1188,1.23505,1.4213,1.2313,1.1188,1.675,23.8617,2.2163,48.125,48.125,48.125,23.8617,2.2163,,,,45.9087,21.6454,22.1867,22.6304,22.4404,1,1,1,0,1,1,0,1,1,1,1,1
10/30/2025 11:31,1.4303,1.2306,0.0362,1.1387,1.2483,1.4303,1.2306,1.1387,1.625,23.873,2.2054,48.3188,48.3188,48.3188,23.873,2.2054,,,,46.1134,21.6676,22.248,22.6424,22.4427,1,1,1,0,1,1,0,1,1,1,1,1
10/30/2025 11:36,1.4263,1.2284,0.0375,1.1163,1.2338,1.4263,1.2284,1.1163,1.725,23.8419,2.2054,48.45,48.45,48.45,23.8419,2.2054,,,,46.2446,21.6365,22.1169,22.6135,22.4156,1,1,1,0,1,1,0,1,1,1,1,1
10/30/2025 11:41,1.4234,1.23,0.0313,1.1513,1.25605,1.4234,1.23,1.1513,1.675,23.8362,2.2108,48.5063,48.5063,48.5063,23.8362,2.2108,,,,46.2955,21.6254,22.1612,22.6062,22.4128,1,1,1,0,1,1,0,1,1,1,1,1
10/30/2025 11:46,1.4297,1.2297,0.0362,1.1313,1.2443,1.4297,1.2297,1.1313,1.625,23.8871,2.2018,48.6,48.6,48.6,23.8871,2.2018,,,,46.3982,21.6853,22.2621,22.6574,22.4574,1,1,1,0,1,1,0,1,1,1,1,1
10/30/2025 11:51,1.4216,1.2297,0.0338,1.1075,1.23075,1.4216,1.2297,1.1075,1.75,23.839,2.2145,48.6375,48.6375,48.6375,23.839,2.2145,,,,46.423,21.6245,22.089,22.6093,22.4174,1,1,1,0,1,1,0,1,1,1,1,1
10/30/2025 11:56,1.4306,1.2284,0.0375,1.1188,1.2372,1.4306,1.2284,1.1188,1.725,23.856,2.2072,48.4438,48.4438,48.4438,23.856,2.2072,,,,46.2366,21.6488,22.131,22.6276,22.4254,1,1,1,0,1,1,0,1,1,1,1,1
10/30/2025 12:01,1.42,1.2291,0.035,1.165,1.2575,1.42,1.2291,1.165,1.725,23.856,2.2108,48.625,48.625,48.625,23.856,2.2108,,,,46.4142,21.6452,22.131,22.6269,22.436,1,1,1,0,1,1,0,1,1,1,1,1
10/30/2025 12:06,1.43,1.2272,0.0362,1.135,1.2463,1.43,1.2272,1.135,1.725,23.8588,2.2181,48.5563,48.5563,48.5563,23.8588,2.2181,,,,46.3382,21.6407,22.1338,22.6316,22.4288,1,1,1,0,1,1,0,1,1,1,1,1
10/30/2025 12:11,1.4228,1.2313,0.0313,1.1338,1.247,1.4228,1.2313,1.1338,1.75,23.839,2.2108,48.4938,48.4938,48.4938,23.839,2.2108,,,,46.283,21.6282,22.089,22.6077,22.4162,1,1,1,0,1,1,0,1,1,1,1,1
10/30/2025 12:16,1.4278,1.2303,0.0362,1.1387,1.24705,1.4278,1.2303,1.1387,1.725,23.8758,2.2181,48.525,48.525,48.525,23.8758,2.2181,,,,46.3069,21.6577,22.1508,22.6455,22.448,1,1,1,0,1,1,0,1,1,1,1,1
10/30/2025 12:21,1.4234,1.2275,0.0375,1.1313,1.23985,1.4234,1.2275,1.1313,1.725,23.8956,2.2163,48.4375,48.4375,48.4375,23.8956,2.2163,,,,46.2212,21.6793,22.1706,22.6681,22.4722,1,1,1,0,1,1,0,1,1,1,1,1
10/30/2025 12:26,1.4213,1.2297,0.0362,1.145,1.24695,1.4213,1.2297,1.145,1.75,23.8814,2.209,48.2125,48.2125,48.2125,23.8814,2.209,,,,46.0035,21.6724,22.1314,22.6517,22.4601,1,1,1,0,1,1,0,1,1,1,1,1
10/30/2025 12:31,1.4256,1.2297,0.035,1.1513,1.25345,1.4256,1.2297,1.1513,1.675,23.8645,2.2145,48.7375,48.7375,48.7375,23.8645,2.2145,,,,46.523,21.65,22.1895,22.6348,22.4389,1,1,1,0,1,1,0,1,1,1,1,1
10/30/2025 12:36,1.4238,1.2316,0.0338,1.125,1.2406,1.4238,1.2316,1.125,1.725,23.8503,2.2199,48.725,48.725,48.725,23.8503,2.2199,,,,46.5051,21.6304,22.1253,22.6187,22.4265,1,1,1,0,1,1,0,1,1,1,1,1
10/30/2025 12:41,1.4225,1.2291,0.03,1.1375,1.25,1.4225,1.2291,1.1375,1.775,23.873,2.2127,48.575,48.575,48.575,23.873,2.2127,,,,46.3623,21.6603,22.098,22.6439,22.4505,1,1,1,0,1,1,0,1,1,1,1,1
10/30/2025 12:46,1.4203,1.2291,0.035,1.1275,1.2389,1.4203,1.2291,1.1275,1.725,23.8617,2.2127,48.45,48.45,48.45,23.8617,2.2127,,,,46.2373,21.649,22.1367,22.6326,22.4414,1,1,1,0,1,1,0,1,1,1,1,1
10/30/2025 12:51,1.425,1.2319,0.0338,1.1475,1.25245,1.425,1.2319,1.1475,1.675,23.8532,2.2181,48.3813,48.3813,48.3813,23.8532,2.2181,,,,46.1632,21.6351,22.1782,22.6213,22.4282,1,1,1,0,1,1,0,1,1,1,1,1
10/30/2025 12:56,1.4297,1.2316,0.0338,1.145,1.25355,1.4297,1.2316,1.145,1.625,23.8786,2.209,48.6063,48.6063,48.6063,23.8786,2.209,,,,46.3973,21.6696,22.2536,22.647,22.4489,1,1,1,0,1,1,0,1,1,1,1,1
10/30/2025 13:01,1.42,1.2303,0.04,1.1463,1.24315,1.42,1.2303,1.1463,1.725,23.839,2.2163,48.1438,48.1438,48.1438,23.839,2.2163,,,,45.9275,21.6227,22.114,22.6087,22.419,1,1,1,0,1,1,0,1,1,1,1,1
10/30/2025 13:06,1.4259,1.2278,0.0375,1.1375,1.2442,1.4259,1.2278,1.1375,1.775,23.8447,2.2145,48.4625,48.4625,48.4625,23.8447,2.2145,,,,46.248,21.6302,22.0697,22.6169,22.4188,1,1,1,0,1,1,0,1,1,1,1,1
10/30/2025 13:11,1.4241,1.2316,0.0375,1.1275,1.2383,1.4241,1.2316,1.1275,1.775,23.8475,2.2145,48.3063,48.3063,48.3063,23.8475,2.2145,,,,46.0918,21.633,22.0725,22.6159,22.4234,1,1,1,0,1,1,0,1,1,1,1,1
10/30/2025 13:16,1.4313,1.2294,0.0338,1.1538,1.25875,1.4313,1.2294,1.1538,1.775,23.8758,2.2181,48.3813,48.3813,48.3813,23.8758,2.2181,,,,46.1632,21.6577,22.1008,22.6464,22.4445,1,1,1,0,1,1,0,1,1,1,1,1
10/30/2025 13:21,1.4297,1.2297,0.0362,1.1188,1.23805,1.4297,1.2297,1.1188,1.725,23.8362,2.2127,48.3813,48.3813,48.3813,23.8362,2.2127,,,,46.1686,21.6235,22.1112,22.6065,22.4065,1,1,1,0,1,1,0,1,1,1,1,1
10/30/2025 13:26,1.425,1.23,0.03,1.1125,1.23875,1.425,1.23,1.1125,1.725,23.8447,2.2181,48.7375,48.7375,48.7375,23.8447,2.2181,,,,46.5194,21.6266,22.1197,22.6147,22.4197,1,1,1,0,1,1,0,1,1,1,1,1
10/30/2025 13:31,1.4256,1.2284,0.03,1.1225,1.24405,1.4256,1.2284,1.1225,1.775,23.8758,2.2163,48.4438,48.4438,48.4438,23.8758,2.2163,,,,46.2275,21.6595,22.1008,22.6474,22.4502,1,1,1,0,1,1,0,1,1,1,1,1
10/30/2025 13:36,1.4269,1.2281,0.0362,1.1287,1.2416,1.4269,1.2281,1.1287,1.775,23.8503,2.2127,48.55,48.55,48.55,23.8503,2.2127,,,,46.3373,21.6376,22.0753,22.6222,22.4234,1,1,1,0,1,1,0,1,1,1,1,1
10/30/2025 13:41,1.4184,1.2297,0.0338,1.1163,1.23355,1.4184,1.2297,1.1163,1.675,23.839,2.2181,48.3688,48.3688,48.3688,23.839,2.2181,,,,46.1507,21.6209,22.164,22.6093,22.4206,1,1,1,0,1,1,0,1,1,1,1,1
10/30/2025 13:46,1.4294,1.2288,0.0362,1.1125,1.23475,1.4294,1.2288,1.1125,1.725,23.8588,2.2127,48.4625,48.4625,48.4625,23.8588,2.2127,,,,46.2498,21.6461,22.1338,22.63,22.4294,1,1,1,0,1,1,0,1,1,1,1,1
10/30/2025 13:51,1.42,1.23,0.0313,1.1313,1.24435,1.42,1.23,1.1313,1.675,23.8447,2.2253,48.3938,48.3938,48.3938,23.8447,2.2253,,,,46.1685,21.6194,22.1697,22.6147,22.4247,1,1,1,0,1,1,0,1,1,1,1,1
10/30/2025 13:56,1.4225,1.2319,0.0313,1.1475,1.2537,1.4225,1.2319,1.1475,1.675,23.8419,2.2145,48.3188,48.3188,48.3188,23.8419,2.2145,,,,46.1043,21.6274,22.1669,22.61,22.4194,1,1,1,0,1,1,0,1,1,1,1,1
10/30/2025 14:01,1.4281,1.2322,0.0313,1.1413,1.2534,1.4281,1.2322,1.1413,1.775,23.8419,2.2127,48.2875,48.2875,48.2875,23.8419,2.2127,,,,46.0748,21.6292,22.0669,22.6097,22.4138,1,1,1,0,1,1,0,1,1,1,1,1
10/30/2025 14:06,1.4266,1.2297,0.035,1.1613,1.25895,1.4266,1.2297,1.1613,1.725,23.839,2.2163,48.2125,48.2125,48.2125,23.839,2.2163,,,,45.9962,21.6227,22.114,22.6093,22.4124,1,1,1,0,1,1,0,1,1,1,1,1
10/30/2025 14:11,1.4256,1.2297,0.0313,1.1263,1.24465,1.4256,1.2297,1.1263,1.75,23.8447,2.209,48.3438,48.3438,48.3438,23.8447,2.209,,,,46.1348,21.6357,22.0947,22.615,22.4191,1,1,1,0,1,1,0,1,1,1,1,1
10/30/2025 14:16,1.4272,1.2309,0.0338,1.14,1.2498,1.4272,1.2309,1.14,1.775,23.8447,2.2181,48.3938,48.3938,48.3938,23.8447,2.2181,,,,46.1757,21.6266,22.0697,22.6138,22.4175,1,1,1,0,1,1,0,1,1,1,1,1
10/30/2025 14:21,1.425,1.2313,0.035,1.1287,1.24185,1.425,1.2313,1.1287,1.75,23.8221,2.2181,48.425,48.425,48.425,23.8221,2.2181,,,,46.2069,21.604,22.0721,22.5908,22.3971,1,1,1,0,1,1,0,1,1,1,1,1
10/30/2025 14:26,1.4213,1.2322,0.04,1.1213,1.2313,1.4213,1.2322,1.1213,1.725,23.8447,2.2199,48.4438,48.4438,48.4438,23.8447,2.2199,,,,46.2239,21.6248,22.1197,22.6125,22.4234,1,1,1,0,1,1,0,1,1,1,1,1
10/30/2025 14:31,1.4228,1.2316,0.0338,1.1088,1.232,1.4228,1.2316,1.1088,1.775,23.8108,2.2199,48.425,48.425,48.425,23.8108,2.2199,,,,46.2051,21.5909,22.0358,22.5792,22.388,1,1,1,0,1,1,0,1,1,1,1,1
10/30/2025 14:36,1.4256,1.2319,0.0313,1.145,1.254,1.4256,1.2319,1.145,1.75,23.8249,2.2181,48.35,48.35,48.35,23.8249,2.2181,,,,46.1319,21.6068,22.0749,22.593,22.3993,1,1,1,0,1,1,0,1,1,1,1,1
10/30/2025 14:41,1.4247,1.2319,0.0313,1.1287,1.2454,1.4247,1.2319,1.1287,1.775,23.8306,2.2181,48.3563,48.3563,48.3563,23.8306,2.2181,,,,46.1382,21.6125,22.0556,22.5987,22.4059,1,1,1,0,1,1,0,1,1,1,1,1
10/30/2025 14:46,1.4256,1.2303,0.03,1.1525,1.25905,1.4256,1.2303,1.1525,1.775,23.8362,2.2163,48.2625,48.2625,48.2625,23.8362,2.2163,,,,46.0462,21.6199,22.0612,22.6059,22.4106,1,1,1,0,1,1,0,1,1,1,1,1
10/30/2025 14:51,1.4272,1.2303,0.0375,1.1188,1.2355,1.4272,1.2303,1.1188,1.75,23.8362,2.2145,48.3813,48.3813,48.3813,23.8362,2.2145,,,,46.1668,21.6217,22.0862,22.6059,22.409,1,1,1,0,1,1,0,1,1,1,1,1
10/30/2025 14:56,1.4303,1.2316,0.03,1.1225,1.2464,1.4303,1.2316,1.1225,1.725,23.8843,2.2217,48.4438,48.4438,48.4438,23.8843,2.2217,,,,46.2221,21.6626,22.1593,22.6527,22.454,1,1,1,0,1,1,0,1,1,1,1,1
10/30/2025 15:01,1.4281,1.2309,0.0313,1.1475,1.2565,1.4281,1.2309,1.1475,1.75,23.8701,2.2235,48.5313,48.5313,48.5313,23.8701,2.2235,,,,46.3078,21.6466,22.1201,22.6392,22.442,1,1,1,0,1,1,0,1,1,1,1,1
10/30/2025 15:06,1.4284,1.2316,0.0375,1.1263,1.23985,1.4284,1.2316,1.1263,1.725,23.8419,2.2163,48.65,48.65,48.65,23.8419,2.2163,,,,46.4337,21.6256,22.1169,22.6103,22.4135,1,1,1,0,1,1,0,1,1,1,1,1
10/30/2025 15:11,1.4281,1.2303,0.035,1.1325,1.2453,1.4281,1.2303,1.1325,1.75,23.873,2.2181,48.4813,48.4813,48.4813,23.873,2.2181,,,,46.2632,21.6549,22.123,22.6427,22.4449,1,1,1,0,1,1,0,1,1,1,1,1
10/30/2025 15:16,1.4241,1.2297,0.035,1.1113,1.2327,1.4241,1.2297,1.1113,1.725,23.856,2.2145,48.2125,48.2125,48.2125,23.856,2.2145,,,,45.998,21.6415,22.131,22.6263,22.4319,1,1,1,0,1,1,0,1,1,1,1,1
10/30/2025 15:21,1.4247,1.2297,0.035,1.1163,1.2355,1.4247,1.2297,1.1163,1.725,23.8475,2.2199,48.55,48.55,48.55,23.8475,2.2199,,,,46.3301,21.6276,22.1225,22.6178,22.4228,1,1,1,0,1,1,0,1,1,1,1,1
10/30/2025 15:26,1.4213,1.2306,0.0362,1.095,1.22195,1.4213,1.2306,1.095,1.725,23.8532,2.2199,48.5313,48.5313,48.5313,23.8532,2.2199,,,,46.3114,21.6333,22.1282,22.6226,22.4319,1,1,1,0,1,1,0,1,1,1,1,1
10/30/2025 15:31,1.42,1.2319,0.03,1.1338,1.2469,1.42,1.2319,1.1338,1.725,23.8221,2.2181,48.4875,48.4875,48.4875,23.8221,2.2181,,,,46.2694,21.604,22.0971,22.5902,22.4021,1,1,1,0,1,1,0,1,1,1,1,1
10/30/2025 15:36,1.4228,1.2313,0.035,1.1413,1.24705,1.4228,1.2313,1.1413,1.75,23.839,2.2253,48.3563,48.3563,48.3563,23.839,2.2253,,,,46.131,21.6137,22.089,22.6077,22.4162,1,1,1,0,1,1,0,1,1,1,1,1
10/30/2025 15:41,1.4297,1.2319,0.0288,1.1487,1.2604,1.4297,1.2319,1.1487,1.725,23.8475,2.2145,48.2813,48.2813,48.2813,23.8475,2.2145,,,,46.0668,21.633,22.1225,22.6156,22.4178,1,1,1,0,1,1,0,1,1,1,1,1
10/30/2025 15:46,1.4169,1.2328,0.03,1.1113,1.2341,1.4169,1.2328,1.1113,1.775,23.8419,2.2253,48.4188,48.4188,48.4188,23.8419,2.2253,,,,46.1935,21.6166,22.0669,22.6091,22.425,1,1,1,0,1,1,0,1,1,1,1,1
10/30/2025 15:51,1.4281,1.2288,0.0338,1.1487,1.2546,1.4281,1.2288,1.1487,1.725,23.8786,2.2181,48.4438,48.4438,48.4438,23.8786,2.2181,,,,46.2257,21.6605,22.1536,22.6498,22.4505,1,1,1,0,1,1,0,1,1,1,1,1
10/30/2025 15:56,1.4241,1.2322,0.0338,1.1413,1.2489,1.4241,1.2322,1.1413,1.775,23.8249,2.2253,48.275,48.275,48.275,23.8249,2.2253,,,,46.0497,21.5996,22.0499,22.5927,22.4008,1,1,1,0,1,1,0,1,1,1,1,1
10/30/2025 16:01,1.4278,1.2338,0.0275,1.1213,1.24705,1.4278,1.2338,1.1213,1.725,23.856,2.2235,48.375,48.375,48.375,23.856,2.2235,,,,46.1515,21.6325,22.131,22.6222,22.4282,1,1,1,0,1,1,0,1,1,1,1,1
10/30/2025 16:06,1.4322,1.2294,0.03,1.1287,1.25045,1.4322,1.2294,1.1287,1.725,23.8475,2.2145,48.45,48.45,48.45,23.8475,2.2145,,,,46.2355,21.633,22.1225,22.6181,22.4153,1,1,1,0,1,1,0,1,1,1,1,1
10/30/2025 16:11,1.4259,1.2291,0.0338,1.1525,1.2554,1.4259,1.2291,1.1525,1.775,23.8843,2.2181,48.2625,48.2625,48.2625,23.8843,2.2181,,,,46.0444,21.6662,22.1093,22.6552,22.4584,1,1,1,0,1,1,0,1,1,1,1,1
10/30/2025 16:16,1.4253,1.2316,0.0338,1.1163,1.237,1.4253,1.2316,1.1163,1.775,23.8475,2.2217,48.3375,48.3375,48.3375,23.8475,2.2217,,,,46.1158,21.6258,22.0725,22.6159,22.4222,1,1,1,0,1,1,0,1,1,1,1,1
10/30/2025 16:21,1.4294,1.2303,0.0362,1.1213,1.23915,1.4294,1.2303,1.1213,1.65,23.8532,2.2163,48.45,48.45,48.45,23.8532,2.2163,,,,46.2337,21.6369,22.2032,22.6229,22.4238,1,1,1,0,1,1,0,1,1,1,1,1
10/30/2025 16:26,1.4319,1.2325,0.0313,1.1,1.23465,1.4319,1.2325,1.1,1.725,23.856,2.2271,48.6188,48.6188,48.6188,23.856,2.2271,,,,46.3917,21.6289,22.131,22.6235,22.4241,1,1,1,0,1,1,0,1,1,1,1,1
10/30/2025 16:31,1.4297,1.2316,0.03,1.1113,1.2405,1.4297,1.2316,1.1113,1.75,23.8362,2.2145,48.1375,48.1375,48.1375,23.8362,2.2145,,,,45.923,21.6217,22.0862,22.6046,22.4065,1,1,1,0,1,1,0,1,1,1,1,1
10/30/2025 16:36,1.4297,1.2288,0.0313,1.1075,1.2373,1.4297,1.2288,1.1075,1.65,23.8249,2.2181,48.5063,48.5063,48.5063,23.8249,2.2181,,,,46.2882,21.6068,22.1749,22.5961,22.3952,1,1,1,0,1,1,0,1,1,1,1,1
10/30/2025 16:41,1.4234,1.2297,0.0338,1.1287,1.24225,1.4234,1.2297,1.1287,1.65,23.8673,2.2181,48.2375,48.2375,48.2375,23.8673,2.2181,,,,46.0194,21.6492,22.2173,22.6376,22.4439,1,1,1,0,1,1,0,1,1,1,1,1
10/30/2025 16:46,1.4284,1.2325,0.0375,1.115,1.2342,1.4284,1.2325,1.115,1.675,23.856,2.2145,48.25,48.25,48.25,23.856,2.2145,,,,46.0355,21.6415,22.181,22.6235,22.4276,1,1,1,0,1,1,0,1,1,1,1,1
10/30/2025 16:51,1.4356,1.2284,0.0338,1.1413,1.25465,1.4356,1.2284,1.1413,1.8,23.8306,2.2163,48.4438,48.4438,48.4438,23.8306,2.2163,,,,46.2275,21.6143,22.0306,22.6022,22.395,1,1,1,0,1,1,0,1,1,1,1,1
10/30/2025 16:56,1.4303,1.2309,0.0338,1.1413,1.252,1.4303,1.2309,1.1413,1.775,23.8447,2.2199,48.4938,48.4938,48.4938,23.8447,2.2199,,,,46.2739,21.6248,22.0697,22.6138,22.4144,1,1,1,0,1,1,0,1,1,1,1,1
10/30/2025 17:01,1.4328,1.2306,0.035,1.1838,1.2733,1.4328,1.2306,1.1838,1.775,23.8249,2.2145,48.4813,48.4813,48.4813,23.8249,2.2145,,,,46.2668,21.6104,22.0499,22.5943,22.3921,1,1,1,0,1,1,0,1,1,1,1,1
10/30/2025 17:06,1.4275,1.2297,0.0375,1.14,1.24625,1.4275,1.2297,1.14,1.8,23.8617,2.2199,48.225,48.225,48.225,23.8617,2.2199,,,,46.0051,21.6418,22.0617,22.632,22.4342,1,1,1,0,1,1,0,1,1,1,1,1
10/30/2025 17:11,1.4247,1.2297,0.035,1.1613,1.258,1.4247,1.2297,1.1613,1.8,23.8673,2.2289,48.4813,48.4813,48.4813,23.8673,2.2289,,,,46.2524,21.6384,22.0673,22.6376,22.4426,1,1,1,0,1,1,0,1,1,1,1,1
10/30/2025 17:16,1.4231,1.2297,0.0362,1.125,1.23785,1.4231,1.2297,1.125,1.85,23.8701,2.2235,48.3313,48.3313,48.3313,23.8701,2.2235,,,,46.1078,21.6466,22.0201,22.6404,22.447,1,1,1,0,1,1,0,1,1,1,1,1
10/30/2025 17:21,1.4247,1.2316,0.035,1.1663,1.2605,1.4247,1.2316,1.1663,1.775,23.8306,2.2181,48.45,48.45,48.45,23.8306,2.2181,,,,46.2319,21.6125,22.0556,22.599,22.4059,1,1,1,0,1,1,0,1,1,1,1,1
10/30/2025 17:26,1.4291,1.2284,0.0375,1.1188,1.23645,1.4291,1.2284,1.1188,1.85,23.8503,2.2235,48.4813,48.4813,48.4813,23.8503,2.2235,,,,46.2578,21.6268,22.0003,22.6219,22.4212,1,1,1,0,1,1,0,1,1,1,1,1
10/30/2025 17:31,1.4281,1.2297,0.0362,1.1413,1.2485,1.4281,1.2297,1.1413,1.85,23.8475,2.2253,48.3125,48.3125,48.3125,23.8475,2.2253,,,,46.0872,21.6222,21.9975,22.6178,22.4194,1,1,1,0,1,1,0,1,1,1,1,1
10/30/2025 17:36,1.4313,1.2275,0.035,1.1513,1.2563,1.4313,1.2275,1.1513,1.85,23.8532,2.2235,48.3,48.3,48.3,23.8532,2.2235,,,,46.0765,21.6297,22.0032,22.6257,22.4219,1,1,1,0,1,1,0,1,1,1,1,1
10/30/2025 17:41,1.4203,1.2303,0.0338,1.1613,1.257,1.4203,1.2303,1.1613,1.8,23.8673,2.2253,48.175,48.175,48.175,23.8673,2.2253,,,,45.9497,21.642,22.0673,22.637,22.447,1,1,1,0,1,1,0,1,1,1,1,1
10/30/2025 17:46,1.4194,1.2306,0.0338,1.1675,1.25965,1.4194,1.2306,1.1675,1.8,23.8475,2.2181,48.3125,48.3125,48.3125,23.8475,2.2181,,,,46.0944,21.6294,22.0475,22.6169,22.4281,1,1,1,0,1,1,0,1,1,1,1,1
10/30/2025 17:51,1.4247,1.23,0.0313,1.1613,1.2617,1.4247,1.23,1.1613,1.85,23.8334,2.2235,48.4125,48.4125,48.4125,23.8334,2.2235,,,,46.189,21.6099,21.9834,22.6034,22.4087,1,1,1,0,1,1,0,1,1,1,1,1
10/30/2025 17:56,1.4291,1.2316,0.035,1.1475,1.2533,1.4291,1.2316,1.1475,1.775,23.8843,2.2199,48.3688,48.3688,48.3688,23.8843,2.2199,,,,46.1489,21.6644,22.1093,22.6527,22.4552,1,1,1,0,1,1,0,1,1,1,1,1
10/30/2025 18:01,1.4275,1.2306,0.0362,1.1163,1.2357,1.4275,1.2306,1.1163,1.85,23.8588,2.2199,48.3625,48.3625,48.3625,23.8588,2.2199,,,,46.1426,21.6389,22.0088,22.6282,22.4313,1,1,1,0,1,1,0,1,1,1,1,1
10/30/2025 18:06,1.4238,1.2297,0.035,1.1525,1.25315,1.4238,1.2297,1.1525,1.8,23.8503,2.2145,48.6938,48.6938,48.6938,23.8503,2.2145,,,,46.4793,21.6358,22.0503,22.6206,22.4265,1,1,1,0,1,1,0,1,1,1,1,1
10/30/2025 18:11,1.43,1.2281,0.035,1.14,1.25,1.43,1.2281,1.14,1.775,23.8362,2.2163,48.375,48.375,48.375,23.8362,2.2163,,,,46.1587,21.6199,22.0612,22.6081,22.4062,1,1,1,0,1,1,0,1,1,1,1,1
10/30/2025 18:16,1.4259,1.2291,0.0338,1.14,1.24915,1.4259,1.2291,1.14,1.8,23.8475,2.2127,48.55,48.55,48.55,23.8475,2.2127,,,,46.3373,21.6348,22.0475,22.6184,22.4216,1,1,1,0,1,1,0,1,1,1,1,1
10/30/2025 18:21,1.4197,1.23,0.0338,1.1475,1.2498,1.4197,1.23,1.1475,1.8,23.839,2.2163,48.3813,48.3813,48.3813,23.839,2.2163,,,,46.165,21.6227,22.039,22.609,22.4193,1,1,1,0,1,1,0,1,1,1,1,1
10/30/2025 18:26,1.4331,1.2294,0.0313,1.145,1.25775,1.4331,1.2294,1.145,1.775,23.8645,2.2145,48.325,48.325,48.325,23.8645,2.2145,,,,46.1105,21.65,22.0895,22.6351,22.4314,1,1,1,0,1,1,0,1,1,1,1,1
10/30/2025 18:31,1.4322,1.2303,0.035,1.1188,1.2405,1.4322,1.2303,1.1188,1.775,23.8334,2.2181,48.575,48.575,48.575,23.8334,2.2181,,,,46.3569,21.6153,22.0584,22.6031,22.4012,1,1,1,0,1,1,0,1,1,1,1,1
10/30/2025 18:36,1.4306,1.2288,0.0338,1.1213,1.24215,1.4306,1.2288,1.1213,1.85,23.8617,2.2163,48.35,48.35,48.35,23.8617,2.2163,,,,46.1337,21.6454,22.0117,22.6329,22.4311,1,1,1,0,1,1,0,1,1,1,1,1
10/30/2025 18:41,1.4209,1.2303,0.0338,1.1387,1.246,1.4209,1.2303,1.1387,1.775,23.839,2.2253,48.3438,48.3438,48.3438,23.839,2.2253,,,,46.1185,21.6137,22.064,22.6087,22.4181,1,1,1,0,1,1,0,1,1,1,1,1
10/30/2025 18:46,1.4303,1.2294,0.035,1.1325,1.2464,1.4303,1.2294,1.1325,1.775,23.8588,2.2217,48.3688,48.3688,48.3688,23.8588,2.2217,,,,46.1471,21.6371,22.0838,22.6294,22.4285,1,1,1,0,1,1,0,1,1,1,1,1
10/30/2025 18:51,1.4338,1.2294,0.0375,1.1387,1.24875,1.4338,1.2294,1.1387,1.8,23.8786,2.2253,48.4938,48.4938,48.4938,23.8786,2.2253,,,,46.2685,21.6533,22.0786,22.6492,22.4448,1,1,1,0,1,1,0,1,1,1,1,1
10/30/2025 18:56,1.4284,1.2284,0.0313,1.1025,1.23415,1.4284,1.2284,1.1025,1.9,23.8617,2.2325,48.4813,48.4813,48.4813,23.8617,2.2325,,,,46.2488,21.6292,21.9617,22.6333,22.4333,1,1,1,0,1,1,0,1,1,1,1,1
10/30/2025 19:01,1.4322,1.2272,0.035,1.1188,1.2405,1.4322,1.2272,1.1188,1.875,23.8249,2.2307,48.4813,48.4813,48.4813,23.8249,2.2307,,,,46.2506,21.5942,21.9499,22.5977,22.3927,1,1,1,0,1,1,0,1,1,1,1,1
10/30/2025 19:06,1.4303,1.2272,0.0288,1.125,1.24885,1.4303,1.2272,1.125,1.875,23.8503,2.2307,48.5688,48.5688,48.5688,23.8503,2.2307,,,,46.3381,21.6196,21.9753,22.6231,22.42,1,1,1,0,1,1,0,1,1,1,1,1
10/30/2025 19:11,1.4294,1.2291,0.0313,1.1513,1.25905,1.4294,1.2291,1.1513,1.875,23.8277,2.2199,48.475,48.475,48.475,23.8277,2.2199,,,,46.2551,21.6078,21.9527,22.5986,22.3983,1,1,1,0,1,1,0,1,1,1,1,1
10/30/2025 19:16,1.4328,1.2288,0.0338,1.1013,1.23325,1.4328,1.2288,1.1013,1.775,23.8447,2.2235,48.2625,48.2625,48.2625,23.8447,2.2235,,,,46.039,21.6212,22.0697,22.6159,22.4119,1,1,1,0,1,1,0,1,1,1,1,1
10/30/2025 19:21,1.4331,1.2275,0.0313,1.145,1.25775,1.4331,1.2275,1.145,1.775,23.8503,2.2217,48.5313,48.5313,48.5313,23.8503,2.2217,,,,46.3096,21.6286,22.0753,22.6228,22.4172,1,1,1,0,1,1,0,1,1,1,1,1
10/30/2025 19:26,1.4256,1.2281,0.0338,1.12,1.239,1.4256,1.2281,1.12,1.85,23.8532,2.2145,48.2875,48.2875,48.2875,23.8532,2.2145,,,,46.073,21.6387,22.0032,22.6251,22.4276,1,1,1,0,1,1,0,1,1,1,1,1
10/30/2025 19:31,1.4322,1.2278,0.0313,1.1613,1.26545,1.4322,1.2278,1.1613,1.775,23.8475,2.2163,48.6188,48.6188,48.6188,23.8475,2.2163,,,,46.4025,21.6312,22.0725,22.6197,22.4153,1,1,1,0,1,1,0,1,1,1,1,1
10/30/2025 19:36,1.4316,1.2278,0.0338,1.1425,1.25325,1.4316,1.2278,1.1425,1.85,23.8362,2.2163,48.7063,48.7063,48.7063,23.8362,2.2163,,,,46.49,21.6199,21.9862,22.6084,22.4046,1,1,1,0,1,1,0,1,1,1,1,1
10/30/2025 19:41,1.4306,1.2306,0.0362,1.1475,1.25285,1.4306,1.2306,1.1475,1.8,23.8588,2.2163,48.4875,48.4875,48.4875,23.8588,2.2163,,,,46.2712,21.6425,22.0588,22.6282,22.4282,1,1,1,0,1,1,0,1,1,1,1,1
10/30/2025 19:46,1.4297,1.2284,0.035,1.1575,1.2586,1.4297,1.2284,1.1575,1.85,23.8532,2.2163,48.3938,48.3938,48.3938,23.8532,2.2163,,,,46.1775,21.6369,22.0032,22.6248,22.4235,1,1,1,0,1,1,0,1,1,1,1,1
10/30/2025 19:51,1.4313,1.2284,0.035,1.135,1.24815,1.4313,1.2284,1.135,1.75,23.8701,2.2235,48.5375,48.5375,48.5375,23.8701,2.2235,,,,46.314,21.6466,22.1201,22.6417,22.4388,1,1,1,0,1,1,0,1,1,1,1,1
10/30/2025 19:56,1.4306,1.2288,0.0338,1.14,1.2515,1.4306,1.2288,1.14,1.725,23.8136,2.2199,48.45,48.45,48.45,23.8136,2.2199,,,,46.2301,21.5937,22.0886,22.5848,22.383,1,1,1,0,1,1,0,1,1,1,1,1
10/30/2025 20:01,1.4369,1.2284,0.0338,1.1513,1.2603,1.4369,1.2284,1.1513,1.85,23.8419,2.2127,48.6125,48.6125,48.6125,23.8419,2.2127,,,,46.3998,21.6292,21.9919,22.6135,22.405,1,1,1,0,1,1,0,1,1,1,1,1
10/30/2025 20:06,1.4363,1.2284,0.0313,1.1463,1.26,1.4363,1.2284,1.1463,1.775,23.856,2.2163,48.4125,48.4125,48.4125,23.856,2.2163,,,,46.1962,21.6397,22.081,22.6276,22.4197,1,1,1,0,1,1,0,1,1,1,1,1
10/30/2025 20:11,1.4256,1.2272,0.03,1.1125,1.23905,1.4256,1.2272,1.1125,1.85,23.8588,2.2163,48.45,48.45,48.45,23.8588,2.2163,,,,46.2337,21.6425,22.0088,22.6316,22.4332,1,1,1,0,1,1,0,1,1,1,1,1
10/30/2025 20:16,1.4319,1.2303,0.0313,1.1525,1.2609,1.4319,1.2303,1.1525,1.725,23.8503,2.2199,48.45,48.45,48.45,23.8503,2.2199,,,,46.2301,21.6304,22.1253,22.62,22.4184,1,1,1,0,1,1,0,1,1,1,1,1
10/30/2025 20:21,1.4381,1.2291,0.0313,1.1113,1.2434,1.4381,1.2291,1.1113,1.775,23.8899,2.2181,48.6625,48.6625,48.6625,23.8899,2.2181,,,,46.4444,21.6718,22.1149,22.6608,22.4518,1,1,1,0,1,1,0,1,1,1,1,1
10/30/2025 20:26,1.4303,1.2272,0.0375,1.12,1.23765,1.4303,1.2272,1.12,1.775,23.8419,2.2217,48.5063,48.5063,48.5063,23.8419,2.2217,,,,46.2846,21.6202,22.0669,22.6147,22.4116,1,1,1,0,1,1,0,1,1,1,1,1
10/30/2025 20:31,1.4297,1.2269,0.0338,1.1475,1.2548,1.4297,1.2269,1.1475,1.775,23.8532,2.2217,48.6313,48.6313,48.6313,23.8532,2.2217,,,,46.4096,21.6315,22.0782,22.6263,22.4235,1,1,1,0,1,1,0,1,1,1,1,1
10/30/2025 20:36,1.4272,1.2291,0.0375,1.1387,1.24545,1.4272,1.2291,1.1387,1.8,23.8758,2.2235,48.4,48.4,48.4,23.8758,2.2235,,,,46.1765,21.6523,22.0758,22.6467,22.4486,1,1,1,0,1,1,0,1,1,1,1,1
10/30/2025 20:41,1.4331,1.2281,0.0338,1.1213,1.2434,1.4331,1.2281,1.1213,1.85,23.8871,2.2217,48.4063,48.4063,48.4063,23.8871,2.2217,,,,46.1846,21.6654,22.0371,22.659,22.454,1,1,1,0,1,1,0,1,1,1,1,1
10/30/2025 20:46,1.4266,1.2272,0.035,1.1213,1.23895,1.4266,1.2272,1.1213,1.775,23.8588,2.2163,48.7438,48.7438,48.7438,23.8588,2.2163,,,,46.5275,21.6425,22.0838,22.6316,22.4322,1,1,1,0,1,1,0,1,1,1,1,1
10/30/2025 20:51,1.4313,1.2284,0.0313,1.1513,1.26,1.4313,1.2284,1.1513,1.775,23.873,2.2163,48.4938,48.4938,48.4938,23.873,2.2163,,,,46.2775,21.6567,22.098,22.6446,22.4417,1,1,1,0,1,1,0,1,1,1,1,1
10/30/2025 20:56,1.4369,1.2297,0.035,1.14,1.25345,1.4369,1.2297,1.14,1.775,23.873,2.2181,48.7313,48.7313,48.7313,23.873,2.2181,,,,46.5132,21.6549,22.098,22.6433,22.4361,1,1,1,0,1,1,0,1,1,1,1,1
10/30/2025 21:01,1.4369,1.2294,0.0338,1.1575,1.2634,1.4369,1.2294,1.1575,1.775,23.8503,2.2217,48.5438,48.5438,48.5438,23.8503,2.2217,,,,46.3221,21.6286,22.0753,22.6209,22.4134,1,1,1,0,1,1,0,1,1,1,1,1
10/30/2025 21:06,1.4294,1.2272,0.0338,1.1413,1.25155,1.4294,1.2272,1.1413,1.8,23.8645,2.2199,48.5063,48.5063,48.5063,23.8645,2.2199,,,,46.2864,21.6446,22.0645,22.6373,22.4351,1,1,1,0,1,1,0,1,1,1,1,1
10/30/2025 21:11,1.4297,1.2253,0.035,1.1325,1.2461,1.4297,1.2253,1.1325,1.8,23.8645,2.2108,48.5813,48.5813,48.5813,23.8645,2.2108,,,,46.3705,21.6537,22.0645,22.6392,22.4348,1,1,1,0,1,1,0,1,1,1,1,1
10/30/2025 21:16,1.4347,1.2259,0.035,1.1325,1.2486,1.4347,1.2259,1.1325,1.775,23.873,2.2217,48.5188,48.5188,48.5188,23.873,2.2217,,,,46.2971,21.6513,22.098,22.6471,22.4383,1,1,1,0,1,1,0,1,1,1,1,1
10/30/2025 21:21,1.43,1.2272,0.0313,1.145,1.2562,1.43,1.2272,1.145,1.775,23.9041,2.2217,48.5625,48.5625,48.5625,23.9041,2.2217,,,,46.3408,21.6824,22.1291,22.6769,22.4741,1,1,1,0,1,1,0,1,1,1,1,1
10/30/2025 21:26,1.4319,1.2297,0.035,1.1338,1.24785,1.4319,1.2297,1.1338,1.8,23.8899,2.2235,48.4563,48.4563,48.4563,23.8899,2.2235,,,,46.2328,21.6664,22.0899,22.6602,22.458,1,1,1,0,1,1,0,1,1,1,1,1
10/30/2025 21:31,1.4297,1.2281,0.035,1.17,1.26485,1.4297,1.2281,1.17,1.775,23.856,2.2181,48.775,48.775,48.775,23.856,2.2181,,,,46.5569,21.6379,22.081,22.6279,22.4263,1,1,1,0,1,1,0,1,1,1,1,1
10/30/2025 21:36,1.4288,1.2281,0.035,1.1213,1.24005,1.4288,1.2281,1.1213,1.775,23.8532,2.2163,48.425,48.425,48.425,23.8532,2.2163,,,,46.2087,21.6369,22.0782,22.6251,22.4244,1,1,1,0,1,1,0,1,1,1,1,1
10/30/2025 21:41,1.4338,1.2278,0.035,1.1088,1.2363,1.4338,1.2278,1.1088,1.775,23.8645,2.2181,48.525,48.525,48.525,23.8645,2.2181,,,,46.3069,21.6464,22.0895,22.6367,22.4307,1,1,1,0,1,1,0,1,1,1,1,1
10/30/2025 21:46,1.4381,1.2284,0.0338,1.145,1.25775,1.4381,1.2284,1.145,1.8,23.8843,2.2181,48.45,48.45,48.45,23.8843,2.2181,,,,46.2319,21.6662,22.0843,22.6559,22.4462,1,1,1,0,1,1,0,1,1,1,1,1
10/30/2025 21:51,1.4241,1.2288,0.035,1.1325,1.2433,1.4241,1.2288,1.1325,1.8,23.8701,2.2217,48.5188,48.5188,48.5188,23.8701,2.2217,,,,46.2971,21.6484,22.0701,22.6413,22.446,1,1,1,0,1,1,0,1,1,1,1,1
10/30/2025 21:56,1.4288,1.2266,0.0313,1.1325,1.24935,1.4288,1.2266,1.1325,1.775,23.8701,2.2181,48.6375,48.6375,48.6375,23.8701,2.2181,,,,46.4194,21.652,22.0951,22.6435,22.4413,1,1,1,0,1,1,0,1,1,1,1,1
10/30/2025 22:01,1.4322,1.2281,0.0338,1.0988,1.2317,1.4322,1.2281,1.0988,1.775,23.8447,2.2108,48.2125,48.2125,48.2125,23.8447,2.2108,,,,46.0017,21.6339,22.0697,22.6166,22.4125,1,1,1,0,1,1,0,1,1,1,1,1
10/30/2025 22:06,1.4338,1.2256,0.035,1.155,1.2594,1.4338,1.2256,1.155,1.85,23.8588,2.2235,48.5688,48.5688,48.5688,23.8588,2.2235,,,,46.3453,21.6353,22.0088,22.6332,22.425,1,1,1,0,1,1,0,1,1,1,1,1
10/30/2025 22:11,1.4309,1.2259,0.0338,1.1475,1.2554,1.4309,1.2259,1.1475,1.775,23.8249,2.209,48.4125,48.4125,48.4125,23.8249,2.209,,,,46.2035,21.6159,22.0499,22.599,22.394,1,1,1,0,1,1,0,1,1,1,1,1
10/30/2025 22:16,1.4331,1.2284,0.0338,1.1313,1.2484,1.4331,1.2284,1.1313,1.775,23.839,2.2181,48.6875,48.6875,48.6875,23.839,2.2181,,,,46.4694,21.6209,22.064,22.6106,22.4059,1,1,1,0,1,1,0,1,1,1,1,1
10/30/2025 22:21,1.4344,1.2275,0.03,1.1338,1.2541,1.4344,1.2275,1.1338,1.8,23.8503,2.2072,48.4438,48.4438,48.4438,23.8503,2.2072,,,,46.2366,21.6431,22.0503,22.6228,22.4159,1,1,1,0,1,1,0,1,1,1,1,1
10/30/2025 22:26,1.4334,1.2278,0.0362,1.1375,1.24925,1.4334,1.2278,1.1375,1.725,23.8701,2.2108,48.5313,48.5313,48.5313,23.8701,2.2108,,,,46.3205,21.6593,22.1451,22.6423,22.4367,1,1,1,0,1,1,0,1,1,1,1,1
10/30/2025 22:31,1.4328,1.2272,0.035,1.1075,1.23515,1.4328,1.2272,1.1075,1.75,23.873,2.2127,48.6813,48.6813,48.6813,23.873,2.2127,,,,46.4686,21.6603,22.123,22.6458,22.4402,1,1,1,0,1,1,0,1,1,1,1,1
10/30/2025 22:36,1.4338,1.2263,0.0362,1.1413,1.25135,1.4338,1.2263,1.1413,1.8,23.8588,2.2145,48.4625,48.4625,48.4625,23.8588,2.2145,,,,46.248,21.6443,22.0588,22.6325,22.425,1,1,1,0,1,1,0,1,1,1,1,1
10/30/2025 22:41,1.4366,1.2278,0.03,1.1587,1.26765,1.4366,1.2278,1.1587,1.775,23.8673,2.2145,48.7875,48.7875,48.7875,23.8673,2.2145,,,,46.573,21.6528,22.0923,22.6395,22.4307,1,1,1,0,1,1,0,1,1,1,1,1
10/30/2025 22:46,1.4278,1.2269,0.0362,1.1375,1.24645,1.4278,1.2269,1.1375,1.8,23.8419,2.2145,48.5938,48.5938,48.5938,23.8419,2.2145,,,,46.3793,21.6274,22.0419,22.615,22.4141,1,1,1,0,1,1,0,1,1,1,1,1
10/30/2025 22:51,1.4359,1.2259,0.0338,1.1213,1.2448,1.4359,1.2259,1.1213,1.8,23.8758,2.209,48.8063,48.8063,48.8063,23.8758,2.209,,,,46.5973,21.6668,22.0758,22.6499,22.4399,1,1,1,0,1,1,0,1,1,1,1,1
10/30/2025 22:56,1.4263,1.2281,0.0313,1.1713,1.2675,1.4263,1.2281,1.1713,1.8,23.839,2.2127,48.6188,48.6188,48.6188,23.839,2.2127,,,,46.4061,21.6263,22.039,22.6109,22.4127,1,1,1,0,1,1,0,1,1,1,1,1
10/30/2025 23:01,1.4278,1.2278,0.03,1.1413,1.25455,1.4278,1.2278,1.1413,1.8,23.8588,2.2145,48.7063,48.7063,48.7063,23.8588,2.2145,,,,46.4918,21.6443,22.0588,22.631,22.431,1,1,1,0,1,1,0,1,1,1,1,1
10/30/2025 23:06,1.4288,1.2284,0.0338,1.1188,1.24,1.4288,1.2284,1.1188,1.75,23.8362,2.2054,48.4563,48.4563,48.4563,23.8362,2.2054,,,,46.2509,21.6308,22.0862,22.6078,22.4074,1,1,1,0,1,1,0,1,1,1,1,1
10/30/2025 23:11,1.4381,1.225,0.0338,1.1387,1.2546,1.4381,1.225,1.1387,1.725,23.8617,2.2163,48.6125,48.6125,48.6125,23.8617,2.2163,,,,46.3962,21.6454,22.1367,22.6367,22.4236,1,1,1,0,1,1,0,1,1,1,1,1
10/30/2025 23:16,1.4384,1.2259,0.0362,1.1525,1.25925,1.4384,1.2259,1.1525,1.725,23.8532,2.2145,48.4313,48.4313,48.4313,23.8532,2.2145,,,,46.2168,21.6387,22.1282,22.6273,22.4148,1,1,1,0,1,1,0,1,1,1,1,1
10/30/2025 23:21,1.4288,1.2272,0.03,1.1463,1.25755,1.4288,1.2272,1.1463,1.725,23.8419,2.2054,48.575,48.575,48.575,23.8419,2.2054,,,,46.3696,21.6365,22.1169,22.6147,22.4131,1,1,1,0,1,1,0,1,1,1,1,1
10/30/2025 23:26,1.4378,1.2272,0.0362,1.1487,1.25705,1.4378,1.2272,1.1487,1.675,23.8475,2.2163,48.4875,48.4875,48.4875,23.8475,2.2163,,,,46.2712,21.6312,22.1725,22.6203,22.4097,1,1,1,0,1,1,0,1,1,1,1,1
10/30/2025 23:31,1.4334,1.2272,0.03,1.1513,1.26235,1.4334,1.2272,1.1513,1.725,23.8701,2.2145,48.6375,48.6375,48.6375,23.8701,2.2145,,,,46.423,21.6556,22.1451,22.6429,22.4367,1,1,1,0,1,1,0,1,1,1,1,1
10/30/2025 23:36,1.425,1.2266,0.0338,1.1188,1.2381,1.425,1.2266,1.1188,1.75,23.8503,2.2127,48.7438,48.7438,48.7438,23.8503,2.2127,,,,46.5311,21.6376,22.1003,22.6237,22.4253,1,1,1,0,1,1,0,1,1,1,1,1
10/30/2025 23:41,1.4306,1.2263,0.0338,1.1287,1.24585,1.4306,1.2263,1.1287,1.75,23.8532,2.2163,48.5688,48.5688,48.5688,23.8532,2.2163,,,,46.3525,21.6369,22.1032,22.6269,22.4226,1,1,1,0,1,1,0,1,1,1,1,1
10/30/2025 23:46,1.4291,1.2256,0.0338,1.1075,1.2345,1.4291,1.2256,1.1075,1.725,23.8532,2.2199,48.3125,48.3125,48.3125,23.8532,2.2199,,,,46.0926,21.6333,22.1282,22.6276,22.4241,1,1,1,0,1,1,0,1,1,1,1,1
10/30/2025 23:51,1.4303,1.2263,0.0375,1.12,1.23765,1.4303,1.2263,1.12,1.75,23.8334,2.2072,48.5625,48.5625,48.5625,23.8334,2.2072,,,,46.3553,21.6262,22.0834,22.6071,22.4031,1,1,1,0,1,1,0,1,1,1,1,1
10/30/2025 23:56,1.4375,1.2253,0.0338,1.1287,1.2493,1.4375,1.2253,1.1287,1.775,23.8164,2.2108,48.5438,48.5438,48.5438,23.8164,2.2108,,,,46.333,21.6056,22.0414,22.5911,22.3789,1,1,1,0,1,1,0,1,1,1,1,1
10/31/2025 0:01,1.4363,1.2272,0.0338,1.1487,1.2587,1.4363,1.2272,1.1487,1.75,23.8645,2.2127,48.5188,48.5188,48.5188,23.8645,2.2127,,,,46.3061,21.6518,22.1145,22.6373,22.4282,1,1,1,0,1,1,0,1,1,1,1,1
10/31/2025 0:06,1.4328,1.2256,0.03,1.1263,1.24955,1.4328,1.2256,1.1263,1.75,23.8192,2.2145,48.5875,48.5875,48.5875,23.8192,2.2145,,,,46.373,21.6047,22.0692,22.5936,22.3864,1,1,1,0,1,1,0,1,1,1,1,1
10/31/2025 0:11,1.4294,1.2272,0.04,1.14,1.2447,1.4294,1.2272,1.14,1.75,23.8447,2.2163,48.425,48.425,48.425,23.8447,2.2163,,,,46.2087,21.6284,22.0947,22.6175,22.4153,1,1,1,0,1,1,0,1,1,1,1,1
10/31/2025 0:16,1.4328,1.225,0.03,1.14,1.2564,1.4328,1.225,1.14,1.725,23.8447,2.2054,48.7188,48.7188,48.7188,23.8447,2.2054,,,,46.5134,21.6393,22.1197,22.6197,22.4119,1,1,1,0,1,1,0,1,1,1,1,1
10/31/2025 0:21,1.4403,1.2263,0.0338,1.105,1.23885,1.4403,1.2263,1.105,1.675,23.856,2.2145,48.675,48.675,48.675,23.856,2.2145,,,,46.4605,21.6415,22.181,22.6297,22.4157,1,1,1,0,1,1,0,1,1,1,1,1
10/31/2025 0:26,1.4372,1.2272,0.0362,1.1338,1.2493,1.4372,1.2272,1.1338,1.675,23.8249,2.2054,48.4063,48.4063,48.4063,23.8249,2.2054,,,,46.2009,21.6195,22.1499,22.5977,22.3877,1,1,1,0,1,1,0,1,1,1,1,1
10/31/2025 0:31,1.4372,1.2269,0.0338,1.1163,1.24295,1.4372,1.2269,1.1163,1.75,23.8419,2.2108,48.7438,48.7438,48.7438,23.8419,2.2108,,,,46.533,21.6311,22.0919,22.615,22.4047,1,1,1,0,1,1,0,1,1,1,1,1
10/31/2025 0:36,1.4356,1.2256,0.0375,1.1188,1.2397,1.4356,1.2256,1.1188,1.75,23.8701,2.2108,48.6625,48.6625,48.6625,23.8701,2.2108,,,,46.4517,21.6593,22.1201,22.6445,22.4345,1,1,1,0,1,1,0,1,1,1,1,1
10/31/2025 0:41,1.4369,1.2253,0.04,1.1375,1.2472,1.4369,1.2253,1.1375,1.725,23.873,2.2127,48.6188,48.6188,48.6188,23.873,2.2127,,,,46.4061,21.6603,22.148,22.6477,22.4361,1,1,1,0,1,1,0,1,1,1,1,1
10/31/2025 0:46,1.4347,1.2244,0.0338,1.1138,1.24045,1.4347,1.2244,1.1138,1.75,23.8362,2.2163,48.7,48.7,48.7,23.8362,2.2163,,,,46.4837,21.6199,22.0862,22.6118,22.4015,1,1,1,0,1,1,0,1,1,1,1,1
10/31/2025 0:51,1.4359,1.2247,0.035,1.145,1.25545,1.4359,1.2247,1.145,1.8,23.8334,2.2127,48.7375,48.7375,48.7375,23.8334,2.2127,,,,46.5248,21.6207,22.0334,22.6087,22.3975,1,1,1,0,1,1,0,1,1,1,1,1
10/31/2025 0:56,1.4281,1.2234,0.0313,1.1387,1.2521,1.4281,1.2234,1.1387,1.8,23.8814,2.2145,48.7,48.7,48.7,23.8814,2.2145,,,,46.4855,21.6669,22.0814,22.658,22.4533,1,1,1,0,1,1,0,1,1,1,1,1
10/31/2025 1:01,1.4319,1.2256,0.0362,1.1725,1.266,1.4319,1.2256,1.1725,1.75,23.8503,2.209,48.5125,48.5125,48.5125,23.8503,2.209,,,,46.3035,21.6413,22.1003,22.6247,22.4184,1,1,1,0,1,1,0,1,1,1,1,1
10/31/2025 1:06,1.435,1.225,0.0338,1.1487,1.25805,1.435,1.225,1.1487,1.8,23.8447,2.2072,48.3063,48.3063,48.3063,23.8447,2.2072,,,,46.0991,21.6375,22.0447,22.6197,22.4097,1,1,1,0,1,1,0,1,1,1,1,1
10/31/2025 1:11,1.4366,1.2256,0.0338,1.1425,1.25575,1.4366,1.2256,1.1425,1.75,23.839,2.2108,48.5563,48.5563,48.5563,23.839,2.2108,,,,46.3455,21.6282,22.089,22.6134,22.4024,1,1,1,0,1,1,0,1,1,1,1,1
10/31/2025 1:16,1.435,1.2253,0.0313,1.1313,1.25185,1.435,1.2253,1.1313,1.775,23.839,2.2108,48.7375,48.7375,48.7375,23.839,2.2108,,,,46.5267,21.6282,22.064,22.6137,22.404,1,1,1,0,1,1,0,1,1,1,1,1
10/31/2025 1:21,1.4425,1.2244,0.035,1.115,1.24375,1.4425,1.2244,1.115,1.75,23.8701,2.2108,48.6875,48.6875,48.6875,23.8701,2.2108,,,,46.4767,21.6593,22.1201,22.6457,22.4276,1,1,1,0,1,1,0,1,1,1,1,1
10/31/2025 1:26,1.4359,1.2231,0.0375,1.1513,1.2561,1.4359,1.2231,1.1513,1.725,23.8475,2.2145,48.5938,48.5938,48.5938,23.8475,2.2145,,,,46.3793,21.633,22.1225,22.6244,22.4116,1,1,1,0,1,1,0,1,1,1,1,1
10/31/2025 1:31,1.4397,1.2244,0.0362,1.1387,1.253,1.4397,1.2244,1.1387,1.75,23.839,2.2127,48.675,48.675,48.675,23.839,2.2127,,,,46.4623,21.6263,22.089,22.6146,22.3993,1,1,1,0,1,1,0,1,1,1,1,1
10/31/2025 1:36,1.4391,1.2259,0.035,1.125,1.24705,1.4391,1.2259,1.125,1.8,23.8277,2.2108,48.7188,48.7188,48.7188,23.8277,2.2108,,,,46.508,21.6169,22.0277,22.6018,22.3886,1,1,1,0,1,1,0,1,1,1,1,1
10/31/2025 1:41,1.4391,1.2259,0.03,1.14,1.25955,1.4391,1.2259,1.14,1.775,23.8814,2.2127,48.6938,48.6938,48.6938,23.8814,2.2127,,,,46.4811,21.6687,22.1064,22.6555,22.4423,1,1,1,0,1,1,0,1,1,1,1,1
10/31/2025 1:46,1.4366,1.2244,0.0313,1.1487,1.26135,1.4366,1.2244,1.1487,1.775,23.8617,2.2145,48.9813,48.9813,48.9813,23.8617,2.2145,,,,46.7668,21.6472,22.0867,22.6373,22.4251,1,1,1,0,1,1,0,1,1,1,1,1
10/31/2025 1:51,1.4466,1.2241,0.035,1.1425,1.25955,1.4466,1.2241,1.1425,1.775,23.8588,2.2127,48.4063,48.4063,48.4063,23.8588,2.2127,,,,46.1936,21.6461,22.0838,22.6347,22.4122,1,1,1,0,1,1,0,1,1,1,1,1
10/31/2025 1:56,0.0466,1.2222,0.0275,0.0612,0.0264,0.0466,1.2222,0.0612,1.75,0,0.289,-0.0375,-0.0375,-0.0375,0,0.289,,,,-0.3265,-0.289,-1.75,-1.2222,-0.0466,1,1,1,0,1,1,0,1,1,1,1,1
10/31/2025 2:01,0.0006,1.2231,0,0,0.0003,0.0006,1.2231,0,1.75,0,-0.0036,0.2375,0.2375,0.2375,0,-0.0036,,,,0.2411,0.0036,-1.75,-1.2231,-0.0006,1,1,1,0,1,1,0,1,1,1,1,1
10/31/2025 9:17,1.4194,1.1506,0.04,1.1063,1.22285,1.4194,1.1506,1.1063,1.675,23.1323,1.9598,42.1625,42.1625,42.1625,23.1323,1.9598,,,,40.2027,21.1725,21.4573,21.9817,21.7129,1,1,1,0,1,1,0,1,1,1,1,1
10/31/2025 9:22,1.4497,1.2131,0.0362,1.1475,1.2624,1.4497,1.2131,1.1475,1.625,23.8899,2.0916,49.0188,49.0188,49.0188,23.8899,2.0916,,,,46.9272,21.7983,22.2649,22.6768,22.4402,1,1,1,0,1,1,0,1,1,1,1,1
10/31/2025 9:27,1.4422,1.2125,0.0362,1.1287,1.24925,1.4422,1.2125,1.1287,1.675,23.873,2.1187,48.5188,48.5188,48.5188,23.873,2.1187,,,,46.4001,21.7543,22.198,22.6605,22.4308,1,1,1,0,1,1,0,1,1,1,1,1
10/31/2025 9:32,1.4403,1.2131,0.0362,1.1287,1.2483,1.4403,1.2131,1.1287,1.625,23.8475,2.1476,48.8,48.8,48.8,23.8475,2.1476,,,,46.6524,21.6999,22.2225,22.6344,22.4072,1,1,1,0,1,1,0,1,1,1,1,1
10/31/2025 9:37,1.4391,1.2131,0.0338,1.1525,1.262,1.4391,1.2131,1.1525,1.675,23.8221,2.1693,48.6,48.6,48.6,23.8221,2.1693,,,,46.4307,21.6528,22.1471,22.609,22.383,1,1,1,0,1,1,0,1,1,1,1,1
10/31/2025 9:42,1.4409,1.2112,0.0375,1.1313,1.2486,1.4409,1.2112,1.1313,1.675,23.8758,2.1747,48.7625,48.7625,48.7625,23.8758,2.1747,,,,46.5878,21.7011,22.2008,22.6646,22.4349,1,1,1,0,1,1,0,1,1,1,1,1
10/31/2025 9:47,1.4422,1.2141,0.04,1.1613,1.26175,1.4422,1.2141,1.1613,1.65,23.856,2.1783,48.825,48.825,48.825,23.856,2.1783,,,,46.6467,21.6777,22.206,22.6419,22.4138,1,1,1,0,1,1,0,1,1,1,1,1
10/31/2025 9:52,1.4403,1.2147,0.0338,1.145,1.25885,1.4403,1.2147,1.145,1.65,23.8475,2.1765,48.9313,48.9313,48.9313,23.8475,2.1765,,,,46.7548,21.671,22.1975,22.6328,22.4072,1,1,1,0,1,1,0,1,1,1,1,1
10/31/2025 9:57,1.44,1.2138,0.0338,1.1413,1.25685,1.44,1.2138,1.1413,1.65,23.8588,2.1856,48.725,48.725,48.725,23.8588,2.1856,,,,46.5394,21.6732,22.2088,22.645,22.4188,1,1,1,0,1,1,0,1,1,1,1,1
10/31/2025 10:02,1.4328,1.2138,0.0338,1.1338,1.2495,1.4328,1.2138,1.1338,1.65,23.8871,2.1729,48.45,48.45,48.45,23.8871,2.1729,,,,46.2771,21.7142,22.2371,22.6733,22.4543,1,1,1,0,1,1,0,1,1,1,1,1
10/31/2025 10:07,1.4422,1.2147,0.0338,1.1188,1.2467,1.4422,1.2147,1.1188,1.675,23.8447,2.1856,48.8438,48.8438,48.8438,23.8447,2.1856,,,,46.6582,21.6591,22.1697,22.63,22.4025,1,1,1,0,1,1,0,1,1,1,1,1
10/31/2025 10:12,1.4331,1.2125,0.0313,1.1,1.23525,1.4331,1.2125,1.1,1.65,23.873,2.1765,48.4125,48.4125,48.4125,23.873,2.1765,,,,46.236,21.6965,22.223,22.6605,22.4399,1,1,1,0,1,1,0,1,1,1,1,1
10/31/2025 10:17,1.4288,1.2144,0.0362,1.135,1.2457,1.4288,1.2144,1.135,1.65,23.856,2.1838,48.4875,48.4875,48.4875,23.856,2.1838,,,,46.3037,21.6722,22.206,22.6416,22.4272,1,1,1,0,1,1,0,1,1,1,1,1
10/31/2025 10:22,1.4291,1.2131,0.0375,1.1163,1.2352,1.4291,1.2131,1.1163,1.675,23.8758,2.1801,48.6625,48.6625,48.6625,23.8758,2.1801,,,,46.4824,21.6957,22.2008,22.6627,22.4467,1,1,1,0,1,1,0,1,1,1,1,1
10/31/2025 10:27,1.4319,1.2138,0.035,1.1387,1.2503,1.4319,1.2138,1.1387,1.725,23.8419,2.1801,48.8063,48.8063,48.8063,23.8419,2.1801,,,,46.6262,21.6618,22.1169,22.6281,22.41,1,1,1,0,1,1,0,1,1,1,1,1
10/31/2025 10:32,1.4397,1.2169,0.0375,1.1725,1.2686,1.4397,1.2169,1.1725,1.675,23.8617,2.1747,48.7813,48.7813,48.7813,23.8617,2.1747,,,,46.6066,21.687,22.1867,22.6448,22.422,1,1,1,0,1,1,0,1,1,1,1,1
10/31/2025 10:37,1.4334,1.2125,0.035,1.1538,1.2586,1.4334,1.2125,1.1538,1.675,23.8136,2.1838,48.45,48.45,48.45,23.8136,2.1838,,,,46.2662,21.6298,22.1386,22.6011,22.3802,1,1,1,0,1,1,0,1,1,1,1,1
10/31/2025 10:42,1.4397,1.2159,0.0338,1.165,1.26855,1.4397,1.2159,1.165,1.675,23.8617,2.1747,48.7313,48.7313,48.7313,23.8617,2.1747,,,,46.5566,21.687,22.1867,22.6458,22.422,1,1,1,0,1,1,0,1,1,1,1,1
10/31/2025 10:47,1.4363,1.2138,0.035,1.155,1.26065,1.4363,1.2138,1.155,1.675,23.8758,2.1783,48.6313,48.6313,48.6313,23.8758,2.1783,,,,46.453,21.6975,22.2008,22.662,22.4395,1,1,1,0,1,1,0,1,1,1,1,1
10/31/2025 10:52,1.4253,1.2159,0.0375,1.1587,1.2545,1.4253,1.2159,1.1587,1.725,23.8419,2.1783,48.65,48.65,48.65,23.8419,2.1783,,,,46.4717,21.6636,22.1169,22.626,22.4166,1,1,1,0,1,1,0,1,1,1,1,1
10/31/2025 10:57,1.4291,1.2144,0.0375,1.1538,1.25395,1.4291,1.2144,1.1538,1.725,23.8475,2.182,48.5688,48.5688,48.5688,23.8475,2.182,,,,46.3868,21.6655,22.1225,22.6331,22.4184,1,1,1,0,1,1,0,1,1,1,1,1
10/31/2025 11:02,1.4344,1.2166,0.0362,1.1313,1.24665,1.4344,1.2166,1.1313,1.6,23.839,2.1783,48.6688,48.6688,48.6688,23.839,2.1783,,,,46.4905,21.6607,22.239,22.6224,22.4046,1,1,1,0,1,1,0,1,1,1,1,1
10/31/2025 11:07,1.4328,1.2147,0.035,1.1275,1.24515,1.4328,1.2147,1.1275,1.65,23.8475,2.1783,48.4438,48.4438,48.4438,23.8475,2.1783,,,,46.2655,21.6692,22.1975,22.6328,22.4147,1,1,1,0,1,1,0,1,1,1,1,1
10/31/2025 11:12,1.4334,1.2159,0.035,1.1325,1.24795,1.4334,1.2159,1.1325,1.6,23.8419,2.182,48.5563,48.5563,48.5563,23.8419,2.182,,,,46.3743,21.6599,22.2419,22.626,22.4085,1,1,1,0,1,1,0,1,1,1,1,1
10/31/2025 11:17,1.4306,1.2156,0.0362,1.1475,1.25285,1.4306,1.2156,1.1475,1.6,23.8419,2.1783,48.6563,48.6563,48.6563,23.8419,2.1783,,,,46.478,21.6636,22.2419,22.6263,22.4113,1,1,1,0,1,1,0,1,1,1,1,1
10/31/2025 11:22,1.4253,1.2169,0.0362,1.1375,1.2452,1.4253,1.2169,1.1375,1.65,23.8419,2.1801,48.3625,48.3625,48.3625,23.8419,2.1801,,,,46.1824,21.6618,22.1919,22.625,22.4166,1,1,1,0,1,1,0,1,1,1,1,1
10/31/2025 11:27,1.4244,1.2169,0.035,1.115,1.2347,1.4244,1.2169,1.115,1.6,23.8221,2.1765,48.5813,48.5813,48.5813,23.8221,2.1765,,,,46.4048,21.6456,22.2221,22.6052,22.3977,1,1,1,0,1,1,0,1,1,1,1,1
10/31/2025 11:32,1.4328,1.2188,0.0338,1.1575,1.26135,1.4328,1.2188,1.1575,1.625,23.839,2.182,48.55,48.55,48.55,23.839,2.182,,,,46.368,21.657,22.214,22.6202,22.4062,1,1,1,0,1,1,0,1,1,1,1,1
10/31/2025 11:37,1.4306,1.215,0.0362,1.155,1.2566,1.4306,1.215,1.155,1.65,23.8645,2.1783,48.5813,48.5813,48.5813,23.8645,2.1783,,,,46.403,21.6862,22.2145,22.6495,22.4339,1,1,1,0,1,1,0,1,1,1,1,1
10/31/2025 11:42,1.4234,1.2166,0.035,1.1113,1.23235,1.4234,1.2166,1.1113,1.625,23.8447,2.1856,48.3063,48.3063,48.3063,23.8447,2.1856,,,,46.1207,21.6591,22.2197,22.6281,22.4213,1,1,1,0,1,1,0,1,1,1,1,1
10/31/2025 11:47,1.435,1.2169,0.035,1.1325,1.24875,1.435,1.2169,1.1325,1.6,23.8447,2.1838,48.5063,48.5063,48.5063,23.8447,2.1838,,,,46.3225,21.6609,22.2447,22.6278,22.4097,1,1,1,0,1,1,0,1,1,1,1,1
10/31/2025 11:52,1.4313,1.2159,0.035,1.12,1.24065,1.4313,1.2159,1.12,1.525,23.8334,2.1801,48.5063,48.5063,48.5063,23.8334,2.1801,,,,46.3262,21.6533,22.3084,22.6175,22.4021,1,1,1,0,1,1,0,1,1,1,1,1
10/31/2025 11:57,1.4231,1.2181,0.0362,1.1287,1.2397,1.4231,1.2181,1.1287,1.575,23.8419,2.1892,48.6813,48.6813,48.6813,23.8419,2.1892,,,,46.4921,21.6527,22.2669,22.6238,22.4188,1,1,1,0,1,1,0,1,1,1,1,1
10/31/2025 12:02,1.4163,1.2169,0.0338,1.1538,1.25125,1.4163,1.2169,1.1538,1.575,23.8532,2.182,48.3563,48.3563,48.3563,23.8532,2.182,,,,46.1743,21.6712,22.2782,22.6363,22.4369,1,1,1,0,1,1,0,1,1,1,1,1
10/31/2025 12:07,1.4244,1.2147,0.0313,1.145,1.2534,1.4244,1.2147,1.145,1.6,23.8532,2.182,48.3063,48.3063,48.3063,23.8532,2.182,,,,46.1243,21.6712,22.2532,22.6385,22.4288,1,1,1,0,1,1,0,1,1,1,1,1
10/31/2025 12:12,1.4253,1.2203,0.0313,1.1275,1.2451,1.4253,1.2203,1.1275,1.575,23.856,2.191,48.5438,48.5438,48.5438,23.856,2.191,,,,46.3528,21.665,22.281,22.6357,22.4307,1,1,1,0,1,1,0,1,1,1,1,1
10/31/2025 12:17,1.425,1.2197,0.0313,1.1375,1.24995,1.425,1.2197,1.1375,1.6,23.8447,2.1801,48.3125,48.3125,48.3125,23.8447,2.1801,,,,46.1324,21.6646,22.2447,22.625,22.4197,1,1,1,0,1,1,0,1,1,1,1,1
10/31/2025 12:22,1.4297,1.2156,0.0338,1.145,1.25355,1.4297,1.2156,1.145,1.575,23.8645,2.1928,48.4125,48.4125,48.4125,23.8645,2.1928,,,,46.2197,21.6717,22.2895,22.6489,22.4348,1,1,1,0,1,1,0,1,1,1,1,1
10/31/2025 12:27,1.4331,1.2172,0.0338,1.1413,1.2534,1.4331,1.2172,1.1413,1.575,23.8419,2.1838,48.3938,48.3938,48.3938,23.8419,2.1838,,,,46.21,21.6581,22.2669,22.6247,22.4088,1,1,1,0,1,1,0,1,1,1,1,1
10/31/2025 12:32,1.4269,1.2166,0.035,1.1125,1.2347,1.4269,1.2166,1.1125,1.575,23.8475,2.1856,48.3188,48.3188,48.3188,23.8475,2.1856,,,,46.1332,21.6619,22.2725,22.6309,22.4206,1,1,1,0,1,1,0,1,1,1,1,1
10/31/2025 12:37,1.4234,1.215,0.03,1.1387,1.25105,1.4234,1.215,1.1387,1.6,23.8192,2.1856,48.475,48.475,48.475,23.8192,2.1856,,,,46.2894,21.6336,22.2192,22.6042,22.3958,1,1,1,0,1,1,0,1,1,1,1,1
10/31/2025 12:42,1.4253,1.215,0.0313,1.1513,1.257,1.4253,1.215,1.1513,1.6,23.856,2.191,48.55,48.55,48.55,23.856,2.191,,,,46.359,21.665,22.256,22.641,22.4307,1,1,1,0,1,1,0,1,1,1,1,1
10/31/2025 12:47,1.4191,1.2156,0.03,1.095,1.22705,1.4191,1.2156,1.095,1.6,23.873,2.191,48.275,48.275,48.275,23.873,2.191,,,,46.084,21.682,22.273,22.6574,22.4539,1,1,1,0,1,1,0,1,1,1,1,1
10/31/2025 12:52,1.4238,1.2169,0.0288,1.1113,1.23875,1.4238,1.2169,1.1113,1.6,23.8362,2.1964,48.4125,48.4125,48.4125,23.8362,2.1964,,,,46.2161,21.6398,22.2362,22.6193,22.4124,1,1,1,0,1,1,0,1,1,1,1,1
10/31/2025 12:57,1.4184,1.2166,0.0313,1.1313,1.24355,1.4184,1.2166,1.1313,1.6,23.8645,2.1856,48.275,48.275,48.275,23.8645,2.1856,,,,46.0894,21.6789,22.2645,22.6479,22.4461,1,1,1,0,1,1,0,1,1,1,1,1
10/31/2025 13:02,1.42,1.2178,0.0362,1.1188,1.2332,1.42,1.2178,1.1188,1.6,23.8673,2.1838,48.3813,48.3813,48.3813,23.8673,2.1838,,,,46.1975,21.6835,22.2673,22.6495,22.4473,1,1,1,0,1,1,0,1,1,1,1,1
10/31/2025 13:07,1.4288,1.2172,0.0338,1.1163,1.23875,1.4288,1.2172,1.1163,1.575,23.8362,2.1838,48.4313,48.4313,48.4313,23.8362,2.1838,,,,46.2475,21.6524,22.2612,22.619,22.4074,1,1,1,0,1,1,0,1,1,1,1,1
10/31/2025 13:12,1.4272,1.2197,0.035,1.1387,1.24795,1.4272,1.2197,1.1387,1.625,23.8475,2.1838,48.4125,48.4125,48.4125,23.8475,2.1838,,,,46.2287,21.6637,22.2225,22.6278,22.4203,1,1,1,0,1,1,0,1,1,1,1,1
10/31/2025 13:17,1.4306,1.2178,0.0313,1.1425,1.25525,1.4306,1.2178,1.1425,1.575,23.8786,2.191,48.6438,48.6438,48.6438,23.8786,2.191,,,,46.4528,21.6876,22.3036,22.6608,22.448,1,1,1,0,1,1,0,1,1,1,1,1
10/31/2025 13:22,1.4275,1.2178,0.035,1.1487,1.2531,1.4275,1.2178,1.1487,1.6,23.8475,2.1892,48.3625,48.3625,48.3625,23.8475,2.1892,,,,46.1733,21.6583,22.2475,22.6297,22.42,1,1,1,0,1,1,0,1,1,1,1,1
10/31/2025 13:27,1.4159,1.2178,0.0313,1.145,1.24915,1.4159,1.2178,1.145,1.575,23.8249,2.191,48.375,48.375,48.375,23.8249,2.191,,,,46.184,21.6339,22.2499,22.6071,22.409,1,1,1,0,1,1,0,1,1,1,1,1
10/31/2025 13:32,1.425,1.2178,0.0313,1.0988,1.2306,1.425,1.2178,1.0988,1.6,23.873,2.1874,48.275,48.275,48.275,23.873,2.1874,,,,46.0876,21.6856,22.273,22.6552,22.448,1,1,1,0,1,1,0,1,1,1,1,1
10/31/2025 13:37,1.4331,1.2184,0.0313,1.1275,1.249,1.4331,1.2184,1.1275,1.575,23.8475,2.1874,48.3563,48.3563,48.3563,23.8475,2.1874,,,,46.1689,21.6601,22.2725,22.6291,22.4144,1,1,1,0,1,1,0,1,1,1,1,1
10/31/2025 13:42,1.4291,1.2175,0.0313,1.12,1.24325,1.4291,1.2175,1.12,1.575,23.8871,2.1946,48.3438,48.3438,48.3438,23.8871,2.1946,,,,46.1492,21.6925,22.3121,22.6696,22.458,1,1,1,0,1,1,0,1,1,1,1,1
10/31/2025 13:47,1.4263,1.2169,0.0362,1.1213,1.2376,1.4263,1.2169,1.1213,1.625,23.873,2.191,48.5813,48.5813,48.5813,23.873,2.191,,,,46.3903,21.682,22.248,22.6561,22.4467,1,1,1,0,1,1,0,1,1,1,1,1
10/31/2025 13:52,1.4228,1.2194,0.0313,1.14,1.2501,1.4228,1.2194,1.14,1.6,23.8617,2.2018,48.6938,48.6938,48.6938,23.8617,2.2018,,,,46.492,21.6599,22.2617,22.6423,22.4389,1,1,1,0,1,1,0,1,1,1,1,1
10/31/2025 13:57,1.425,1.2172,0.03,1.155,1.26,1.425,1.2172,1.155,1.6,23.8701,2.1964,48.2938,48.2938,48.2938,23.8701,2.1964,,,,46.0974,21.6737,22.2701,22.6529,22.4451,1,1,1,0,1,1,0,1,1,1,1,1
10/31/2025 14:02,1.4222,1.2197,0.0362,1.1213,1.23555,1.4222,1.2197,1.1213,1.625,23.8786,2.1982,48.4875,48.4875,48.4875,23.8786,2.1982,,,,46.2893,21.6804,22.2536,22.6589,22.4564,1,1,1,0,1,1,0,1,1,1,1,1
10/31/2025 14:07,1.4194,1.2178,0.035,1.1287,1.23905,1.4194,1.2178,1.1287,1.6,23.8673,2.1964,48.4188,48.4188,48.4188,23.8673,2.1964,,,,46.2224,21.6709,22.2673,22.6495,22.4479,1,1,1,0,1,1,0,1,1,1,1,1
10/31/2025 14:12,1.4206,1.2191,0.0288,1.135,1.249,1.4206,1.2191,1.135,1.6,23.8588,2.1964,48.5688,48.5688,48.5688,23.8588,2.1964,,,,46.3724,21.6624,22.2588,22.6397,22.4382,1,1,1,0,1,1,0,1,1,1,1,1
10/31/2025 14:17,1.4275,1.2188,0.0288,1.105,1.23745,1.4275,1.2188,1.105,1.625,23.8758,2.1928,48.3438,48.3438,48.3438,23.8758,2.1928,,,,46.151,21.683,22.2508,22.657,22.4483,1,1,1,0,1,1,0,1,1,1,1,1
10/31/2025 14:22,1.4263,1.2181,0.0375,1.1163,1.2338,1.4263,1.2181,1.1163,1.6,23.8673,2.2036,48.4813,48.4813,48.4813,23.8673,2.2036,,,,46.2777,21.6637,22.2673,22.6492,22.441,1,1,1,0,1,1,0,1,1,1,1,1
10/31/2025 14:27,1.4259,1.2194,0.03,1.12,1.24295,1.4259,1.2194,1.12,1.6,23.8362,2.1892,48.4125,48.4125,48.4125,23.8362,2.1892,,,,46.2233,21.647,22.2362,22.6168,22.4103,1,1,1,0,1,1,0,1,1,1,1,1
10/31/2025 14:32,1.4163,1.2194,0.03,1.1075,1.2319,1.4163,1.2194,1.1075,1.6,23.8447,2.2,48.5125,48.5125,48.5125,23.8447,2.2,,,,46.3125,21.6447,22.2447,22.6253,22.4284,1,1,1,0,1,1,0,1,1,1,1,1
10/31/2025 14:37,1.4263,1.2203,0.0313,1.1063,1.235,1.4263,1.2203,1.1063,1.525,23.8362,2.2036,48.5375,48.5375,48.5375,23.8362,2.2036,,,,46.3339,21.6326,22.3112,22.6159,22.4099,1,1,1,0,1,1,0,1,1,1,1,1
10/31/2025 14:42,1.4269,1.2203,0.0288,1.0925,1.2309,1.4269,1.2203,1.0925,1.575,23.8277,2.1964,48.6563,48.6563,48.6563,23.8277,2.1964,,,,46.4599,21.6313,22.2527,22.6074,22.4008,1,1,1,0,1,1,0,1,1,1,1,1
10/31/2025 14:47,1.42,1.22,0.0313,1.1487,1.25305,1.42,1.22,1.1487,1.625,23.8503,2.1964,48.5625,48.5625,48.5625,23.8503,2.1964,,,,46.3661,21.6539,22.2253,22.6303,22.4303,1,1,1,0,1,1,0,1,1,1,1,1
10/31/2025 14:52,1.4209,1.2175,0.03,1.1088,1.23485,1.4209,1.2175,1.1088,1.525,23.873,2.2018,48.5875,48.5875,48.5875,23.873,2.2018,,,,46.3857,21.6712,22.348,22.6555,22.4521,1,1,1,0,1,1,0,1,1,1,1,1
10/31/2025 14:57,1.42,1.2191,0.0275,1.0925,1.22875,1.42,1.2191,1.0925,1.575,23.8701,2.2,48.4,48.4,48.4,23.8701,2.2,,,,46.2,21.6701,22.2951,22.651,22.4501,1,1,1,0,1,1,0,1,1,1,1,1
10/31/2025 15:02,1.425,1.2209,0.0338,1.1263,1.24185,1.425,1.2209,1.1263,1.5,23.8645,2.2018,48.55,48.55,48.55,23.8645,2.2018,,,,46.3482,21.6627,22.3645,22.6436,22.4395,1,1,1,0,1,1,0,1,1,1,1,1
10/31/2025 15:07,1.4184,1.2181,0.0338,1.155,1.2529,1.4184,1.2181,1.155,1.525,23.8588,2.191,48.4,48.4,48.4,23.8588,2.191,,,,46.209,21.6678,22.3338,22.6407,22.4404,1,1,1,0,1,1,0,1,1,1,1,1
10/31/2025 15:12,1.4197,1.2178,0.0288,1.1075,1.2348,1.4197,1.2178,1.1075,1.525,23.8475,2.1946,48.3625,48.3625,48.3625,23.8475,2.1946,,,,46.1679,21.6529,22.3225,22.6297,22.4278,1,1,1,0,1,1,0,1,1,1,1,1
10/31/2025 15:17,1.4253,1.2175,0.0313,1.1475,1.2551,1.4253,1.2175,1.1475,1.5,23.8645,2.2018,48.7313,48.7313,48.7313,23.8645,2.2018,,,,46.5295,21.6627,22.3645,22.647,22.4392,1,1,1,0,1,1,0,1,1,1,1,1
10/31/2025 15:22,1.4256,1.2181,0.0338,1.1275,1.24275,1.4256,1.2181,1.1275,1.5,23.8475,2.1928,48.4688,48.4688,48.4688,23.8475,2.1928,,,,46.276,21.6547,22.3475,22.6294,22.4219,1,1,1,0,1,1,0,1,1,1,1,1
10/31/2025 15:27,1.4203,1.2172,0.0313,1.115,1.23635,1.4203,1.2172,1.115,1.5,23.839,2.1946,48.7875,48.7875,48.7875,23.839,2.1946,,,,46.5929,21.6444,22.339,22.6218,22.4187,1,1,1,0,1,1,0,1,1,1,1,1
10/31/2025 15:32,1.415,1.22,0.0338,1.16,1.2537,1.415,1.22,1.16,1.5,23.8447,2.2,48.5063,48.5063,48.5063,23.8447,2.2,,,,46.3063,21.6447,22.3447,22.6247,22.4297,1,1,1,0,1,1,0,1,1,1,1,1
10/31/2025 15:37,1.4163,1.2191,0.035,1.1063,1.2263,1.4163,1.2191,1.1063,1.45,23.856,2.2,48.1063,48.1063,48.1063,23.856,2.2,,,,45.9063,21.656,22.406,22.6369,22.4397,1,1,1,0,1,1,0,1,1,1,1,1
10/31/2025 15:42,1.4203,1.22,0.0313,1.125,1.24135,1.4203,1.22,1.125,1.4,23.8617,2.1964,48.4625,48.4625,48.4625,23.8617,2.1964,,,,46.2661,21.6653,22.4617,22.6417,22.4414,1,1,1,0,1,1,0,1,1,1,1,1
10/31/2025 15:47,1.425,1.2178,0.03,1.1663,1.26565,1.425,1.2178,1.1663,1.4,23.8503,2.2,48.6063,48.6063,48.6063,23.8503,2.2,,,,46.4063,21.6503,22.4503,22.6325,22.4253,1,1,1,0,1,1,0,1,1,1,1,1
10/31/2025 15:52,1.4244,1.2209,0.0313,1.1138,1.2378,1.4244,1.2209,1.1138,1.45,23.8673,2.1982,48.6188,48.6188,48.6188,23.8673,2.1982,,,,46.4206,21.6691,22.4173,22.6464,22.4429,1,1,1,0,1,1,0,1,1,1,1,1
10/31/2025 15:57,1.4184,1.2181,0.03,1.1287,1.24355,1.4184,1.2181,1.1287,1.45,23.8645,2.1982,48.4688,48.4688,48.4688,23.8645,2.1982,,,,46.2706,21.6663,22.4145,22.6464,22.4461,1,1,1,0,1,1,0,1,1,1,1,1
10/31/2025 16:02,1.4175,1.2188,0.035,1.1075,1.2275,1.4175,1.2188,1.1075,1.4,23.8758,2.1946,48.3125,48.3125,48.3125,23.8758,2.1946,,,,46.1179,21.6812,22.4758,22.657,22.4583,1,1,1,0,1,1,0,1,1,1,1,1
10/31/2025 16:07,1.4219,1.2172,0.03,1.1538,1.25785,1.4219,1.2172,1.1538,1.475,23.856,2.2018,48.55,48.55,48.55,23.856,2.2018,,,,46.3482,21.6542,22.381,22.6388,22.4341,1,1,1,0,1,1,0,1,1,1,1,1
10/31/2025 16:12,1.425,1.2188,0.0338,1.1487,1.25305,1.425,1.2188,1.1487,1.45,23.8532,2.2,48.5313,48.5313,48.5313,23.8532,2.2,,,,46.3313,21.6532,22.4032,22.6344,22.4282,1,1,1,0,1,1,0,1,1,1,1,1
10/31/2025 16:17,1.4228,1.2181,0.0338,1.1325,1.24385,1.4228,1.2181,1.1325,1.475,23.873,2.2036,48.5875,48.5875,48.5875,23.873,2.2036,,,,46.3839,21.6694,22.398,22.6549,22.4502,1,1,1,0,1,1,0,1,1,1,1,1
10/31/2025 16:22,1.4356,1.22,0.03,1.1413,1.25845,1.4356,1.22,1.1413,1.475,23.8249,2.1928,48.4688,48.4688,48.4688,23.8249,2.1928,,,,46.276,21.6321,22.3499,22.6049,22.3893,1,1,1,0,1,1,0,1,1,1,1,1
10/31/2025 16:27,1.4341,1.2172,0.03,1.1525,1.2633,1.4341,1.2172,1.1525,1.475,23.8843,2.1928,48.4688,48.4688,48.4688,23.8843,2.1928,,,,46.276,21.6915,22.4093,22.6671,22.4502,1,1,1,0,1,1,0,1,1,1,1,1
10/31/2025 16:32,1.4422,1.2178,0.035,1.135,1.2536,1.4422,1.2178,1.135,1.525,23.8701,2.1964,48.6688,48.6688,48.6688,23.8701,2.1964,,,,46.4724,21.6737,22.3451,22.6523,22.4279,1,1,1,0,1,1,0,1,1,1,1,1
10/31/2025 16:37,1.4344,1.2169,0.0338,1.1713,1.26905,1.4344,1.2169,1.1713,1.575,23.8221,2.1964,48.7313,48.7313,48.7313,23.8221,2.1964,,,,46.5349,21.6257,22.2471,22.6052,22.3877,1,1,1,0,1,1,0,1,1,1,1,1
10/31/2025 16:42,1.4356,1.2153,0.035,1.1663,1.26595,1.4356,1.2153,1.1663,1.575,23.856,2.1946,48.6813,48.6813,48.6813,23.856,2.1946,,,,46.4867,21.6614,22.281,22.6407,22.4204,1,1,1,0,1,1,0,1,1,1,1,1
10/31/2025 16:47,1.4356,1.2163,0.0338,1.16,1.264,1.4356,1.2163,1.16,1.65,23.8447,2.2,48.7188,48.7188,48.7188,23.8447,2.2,,,,46.5188,21.6447,22.1947,22.6284,22.4091,1,1,1,0,1,1,0,1,1,1,1,1
10/31/2025 16:52,1.4266,1.2188,0.0338,1.1663,1.26265,1.4266,1.2188,1.1663,1.625,23.856,2.1946,48.5063,48.5063,48.5063,23.856,2.1946,,,,46.3117,21.6614,22.231,22.6372,22.4294,1,1,1,0,1,1,0,1,1,1,1,1
10/31/2025 16:57,1.4266,1.2178,0.0288,1.1475,1.25825,1.4266,1.2178,1.1475,1.75,23.8475,2.2054,48.6188,48.6188,48.6188,23.8475,2.2054,,,,46.4134,21.6421,22.0975,22.6297,22.4209,1,1,1,0,1,1,0,1,1,1,1,1
10/31/2025 17:02,1.4253,1.2188,0.035,1.1338,1.24455,1.4253,1.2188,1.1338,1.85,23.8362,2.1964,48.7063,48.7063,48.7063,23.8362,2.1964,,,,46.5099,21.6398,21.9862,22.6174,22.4109,1,1,1,0,1,1,0,1,1,1,1,1
10/31/2025 17:07,1.4281,1.2188,0.0313,1.155,1.26025,1.4281,1.2188,1.155,1.725,23.8419,2.1946,48.5938,48.5938,48.5938,23.8419,2.1946,,,,46.3992,21.6473,22.1169,22.6231,22.4138,1,1,1,0,1,1,0,1,1,1,1,1
10/31/2025 17:12,1.4284,1.2184,0.0338,1.145,1.2529,1.4284,1.2184,1.145,1.85,23.8899,2.1982,48.5625,48.5625,48.5625,23.8899,2.1982,,,,46.3643,21.6917,22.0399,22.6715,22.4615,1,1,1,0,1,1,0,1,1,1,1,1
10/31/2025 17:17,1.4275,1.2188,0.0288,1.1313,1.2506,1.4275,1.2188,1.1313,1.775,23.8758,2.2,48.6313,48.6313,48.6313,23.8758,2.2,,,,46.4313,21.6758,22.1008,22.657,22.4483,1,1,1,0,1,1,0,1,1,1,1,1
10/31/2025 17:22,1.4275,1.2181,0.035,1.1325,1.245,1.4275,1.2181,1.1325,1.85,23.8984,2.2,48.5938,48.5938,48.5938,23.8984,2.2,,,,46.3938,21.6984,22.0484,22.6803,22.4709,1,1,1,0,1,1,0,1,1,1,1,1
10/31/2025 17:27,1.4288,1.2178,0.0362,1.0988,1.2276,1.4288,1.2178,1.0988,1.725,23.8475,2.1928,48.7125,48.7125,48.7125,23.8475,2.1928,,,,46.5197,21.6547,22.1225,22.6297,22.4187,1,1,1,0,1,1,0,1,1,1,1,1
10/31/2025 17:32,1.4219,1.22,0.035,1.1275,1.2397,1.4219,1.22,1.1275,1.75,23.8617,2.1982,48.5375,48.5375,48.5375,23.8617,2.1982,,,,46.3393,21.6635,22.1117,22.6417,22.4398,1,1,1,0,1,1,0,1,1,1,1,1
10/31/2025 17:37,1.4325,1.2184,0.0275,1.1263,1.2519,1.4325,1.2184,1.1263,1.725,23.8334,2.1964,48.6375,48.6375,48.6375,23.8334,2.1964,,,,46.4411,21.637,22.1084,22.615,22.4009,1,1,1,0,1,1,0,1,1,1,1,1
10/31/2025 17:42,1.4294,1.2169,0.0338,1.1538,1.2578,1.4294,1.2169,1.1538,1.725,23.8645,2.2018,48.6188,48.6188,48.6188,23.8645,2.2018,,,,46.417,21.6627,22.1395,22.6476,22.4351,1,1,1,0,1,1,0,1,1,1,1,1
10/31/2025 17:47,1.4322,1.2166,0.0313,1.125,1.2473,1.4322,1.2166,1.125,1.725,23.8447,2.2,48.6375,48.6375,48.6375,23.8447,2.2,,,,46.4375,21.6447,22.1197,22.6281,22.4125,1,1,1,0,1,1,0,1,1,1,1,1
10/31/2025 17:52,1.4266,1.2166,0.0338,1.1513,1.25515,1.4266,1.2166,1.1513,1.725,23.8419,2.1982,48.6438,48.6438,48.6438,23.8419,2.1982,,,,46.4456,21.6437,22.1169,22.6253,22.4153,1,1,1,0,1,1,0,1,1,1,1,1
10/31/2025 17:57,1.4269,1.2169,0.035,1.1475,1.2522,1.4269,1.2169,1.1475,1.725,23.856,2.1982,48.5438,48.5438,48.5438,23.856,2.1982,,,,46.3456,21.6578,22.131,22.6391,22.4291,1,1,1,0,1,1,0,1,1,1,1,1
10/31/2025 18:02,1.4269,1.22,0.035,1.165,1.26095,1.4269,1.22,1.165,1.725,23.8306,2.1964,48.5,48.5,48.5,23.8306,2.1964,,,,46.3036,21.6342,22.1056,22.6106,22.4037,1,1,1,0,1,1,0,1,1,1,1,1
10/31/2025 18:07,1.4288,1.2175,0.0338,1.1463,1.25375,1.4288,1.2175,1.1463,1.725,23.8447,2.1946,48.7375,48.7375,48.7375,23.8447,2.1946,,,,46.5429,21.6501,22.1197,22.6272,22.4159,1,1,1,0,1,1,0,1,1,1,1,1
10/31/2025 18:12,1.4284,1.2175,0.0288,1.1525,1.26165,1.4284,1.2175,1.1525,1.775,23.8447,2.1982,48.5938,48.5938,48.5938,23.8447,2.1982,,,,46.3956,21.6465,22.0697,22.6272,22.4163,1,1,1,0,1,1,0,1,1,1,1,1
10/31/2025 18:17,1.4272,1.2159,0.0288,1.1663,1.26795,1.4272,1.2159,1.1663,1.725,23.8362,2.1982,48.3938,48.3938,48.3938,23.8362,2.1982,,,,46.1956,21.638,22.1112,22.6203,22.409,1,1,1,0,1,1,0,1,1,1,1,1
10/31/2025 18:22,1.4306,1.22,0.0338,1.1113,1.23715,1.4306,1.22,1.1113,1.75,23.839,2.1964,48.8375,48.8375,48.8375,23.839,2.1964,,,,46.6411,21.6426,22.089,22.619,22.4084,1,1,1,0,1,1,0,1,1,1,1,1
10/31/2025 18:27,1.4263,1.2209,0.0338,1.1138,1.23625,1.4263,1.2209,1.1138,1.75,23.8588,2.2,48.55,48.55,48.55,23.8588,2.2,,,,46.35,21.6588,22.1088,22.6379,22.4325,1,1,1,0,1,1,0,1,1,1,1,1
10/31/2025 18:32,1.4322,1.2188,0.0313,1.1313,1.25045,1.4322,1.2188,1.1313,1.75,23.8701,2.1964,48.5563,48.5563,48.5563,23.8701,2.1964,,,,46.3599,21.6737,22.1201,22.6513,22.4379,1,1,1,0,1,1,0,1,1,1,1,1
10/31/2025 18:37,1.4347,1.2153,0.0313,1.1338,1.25295,1.4347,1.2153,1.1338,1.725,23.8306,2.1928,48.5813,48.5813,48.5813,23.8306,2.1928,,,,46.3885,21.6378,22.1056,22.6153,22.3959,1,1,1,0,1,1,0,1,1,1,1,1
10/31/2025 18:42,1.4263,1.2178,0.0313,1.1025,1.2331,1.4263,1.2178,1.1025,1.725,23.8419,2.191,48.55,48.55,48.55,23.8419,2.191,,,,46.359,21.6509,22.1169,22.6241,22.4156,1,1,1,0,1,1,0,1,1,1,1,1
10/31/2025 18:47,1.4272,1.2163,0.035,1.1613,1.25925,1.4272,1.2163,1.1613,1.8,23.8758,2.1982,48.6875,48.6875,48.6875,23.8758,2.1982,,,,46.4893,21.6776,22.0758,22.6595,22.4486,1,1,1,0,1,1,0,1,1,1,1,1
10/31/2025 18:52,1.4313,1.2178,0.035,1.1138,1.23755,1.4313,1.2178,1.1138,1.85,23.8701,2.1982,48.5438,48.5438,48.5438,23.8701,2.1982,,,,46.3456,21.6719,22.0201,22.6523,22.4388,1,1,1,0,1,1,0,1,1,1,1,1
10/31/2025 18:57,1.4334,1.2159,0.035,1.1425,1.25295,1.4334,1.2159,1.1425,1.85,23.8617,2.2,48.6688,48.6688,48.6688,23.8617,2.2,,,,46.4688,21.6617,22.0117,22.6458,22.4283,1,1,1,0,1,1,0,1,1,1,1,1
10/31/2025 19:02,1.4294,1.2181,0.0338,1.1638,1.2628,1.4294,1.2181,1.1638,1.725,23.8673,2.2054,48.4438,48.4438,48.4438,23.8673,2.2054,,,,46.2384,21.6619,22.1423,22.6492,22.4379,1,1,1,0,1,1,0,1,1,1,1,1
10/31/2025 19:07,1.4313,1.2172,0.0313,1.1275,1.2481,1.4313,1.2172,1.1275,1.725,23.8532,2.1964,48.4375,48.4375,48.4375,23.8532,2.1964,,,,46.2411,21.6568,22.1282,22.636,22.4219,1,1,1,0,1,1,0,1,1,1,1,1
10/31/2025 19:12,1.4313,1.2188,0.03,1.145,1.25815,1.4313,1.2188,1.145,1.75,23.8362,2.2,48.6938,48.6938,48.6938,23.8362,2.2,,,,46.4938,21.6362,22.0862,22.6174,22.4049,1,1,1,0,1,1,0,1,1,1,1,1
10/31/2025 19:17,1.43,1.2184,0.0338,1.145,1.2537,1.43,1.2184,1.145,1.725,23.8475,2.2018,48.5875,48.5875,48.5875,23.8475,2.2018,,,,46.3857,21.6457,22.1225,22.6291,22.4175,1,1,1,0,1,1,0,1,1,1,1,1
10/31/2025 19:22,1.4366,1.2172,0.0362,1.1025,1.23335,1.4366,1.2172,1.1025,1.775,23.8956,2.1928,48.6313,48.6313,48.6313,23.8956,2.1928,,,,46.4385,21.7028,22.1206,22.6784,22.459,1,1,1,0,1,1,0,1,1,1,1,1
10/31/2025 19:27,1.4316,1.2159,0.03,1.0988,1.2352,1.4316,1.2159,1.0988,1.85,23.873,2.2054,48.65,48.65,48.65,23.873,2.2054,,,,46.4446,21.6676,22.023,22.6571,22.4414,1,1,1,0,1,1,0,1,1,1,1,1
10/31/2025 19:32,1.4356,1.2169,0.0313,1.1387,1.25585,1.4356,1.2169,1.1387,1.8,23.873,2.1982,48.6625,48.6625,48.6625,23.873,2.1982,,,,46.4643,21.6748,22.073,22.6561,22.4374,1,1,1,0,1,1,0,1,1,1,1,1
10/31/2025 19:37,1.4366,1.2153,0.0338,1.1125,1.24075,1.4366,1.2153,1.1125,1.8,23.8701,2.2018,48.7875,48.7875,48.7875,23.8701,2.2018,,,,46.5857,21.6683,22.0701,22.6548,22.4335,1,1,1,0,1,1,0,1,1,1,1,1
10/31/2025 19:42,1.4319,1.2169,0.0288,1.14,1.25715,1.4319,1.2169,1.14,1.775,23.8673,2.2054,48.7188,48.7188,48.7188,23.8673,2.2054,,,,46.5134,21.6619,22.0923,22.6504,22.4354,1,1,1,0,1,1,0,1,1,1,1,1
10/31/2025 19:47,1.4288,1.2163,0.03,1.1538,1.2613,1.4288,1.2163,1.1538,1.8,23.8645,2.2036,48.7125,48.7125,48.7125,23.8645,2.2036,,,,46.5089,21.6609,22.0645,22.6482,22.4357,1,1,1,0,1,1,0,1,1,1,1,1
10/31/2025 19:52,1.4331,1.2169,0.0338,1.1325,1.249,1.4331,1.2169,1.1325,1.775,23.8503,2.2018,48.5375,48.5375,48.5375,23.8503,2.2018,,,,46.3357,21.6485,22.0753,22.6334,22.4172,1,1,1,0,1,1,0,1,1,1,1,1
10/31/2025 19:57,1.4284,1.2194,0.0338,1.0938,1.2273,1.4284,1.2194,1.0938,1.75,23.8277,2.2,48.5313,48.5313,48.5313,23.8277,2.2,,,,46.3313,21.6277,22.0777,22.6083,22.3993,1,1,1,0,1,1,0,1,1,1,1,1
10/31/2025 20:02,1.4309,1.2172,0.04,1.1287,1.2398,1.4309,1.2172,1.1287,1.75,23.8645,2.2,48.6438,48.6438,48.6438,23.8645,2.2,,,,46.4438,21.6645,22.1145,22.6473,22.4336,1,1,1,0,1,1,0,1,1,1,1,1
10/31/2025 20:07,1.4347,1.2172,0.03,1.125,1.24985,1.4347,1.2172,1.125,1.725,23.856,2.1946,48.4125,48.4125,48.4125,23.856,2.1946,,,,46.2179,21.6614,22.131,22.6388,22.4213,1,1,1,0,1,1,0,1,1,1,1,1
10/31/2025 20:12,1.4344,1.2163,0.0313,1.1263,1.24905,1.4344,1.2163,1.1263,1.75,23.8419,2.1946,48.5063,48.5063,48.5063,23.8419,2.1946,,,,46.3117,21.6473,22.0919,22.6256,22.4075,1,1,1,0,1,1,0,1,1,1,1,1
10/31/2025 20:17,1.4284,1.2181,0.0313,1.1275,1.24665,1.4284,1.2181,1.1275,1.75,23.8673,2.1982,48.525,48.525,48.525,23.8673,2.1982,,,,46.3268,21.6691,22.1173,22.6492,22.4389,1,1,1,0,1,1,0,1,1,1,1,1
10/31/2025 20:22,1.4309,1.2153,0.03,1.1463,1.2586,1.4309,1.2153,1.1463,1.725,23.8419,2.2,48.725,48.725,48.725,23.8419,2.2,,,,46.525,21.6419,22.1169,22.6266,22.411,1,1,1,0,1,1,0,1,1,1,1,1
10/31/2025 20:27,1.4325,1.2184,0.0338,1.1075,1.2362,1.4325,1.2184,1.1075,1.725,23.8334,2.1982,48.5938,48.5938,48.5938,23.8334,2.1982,,,,46.3956,21.6352,22.1084,22.615,22.4009,1,1,1,0,1,1,0,1,1,1,1,1
10/31/2025 20:32,1.4284,1.2191,0.0338,1.1,1.2304,1.4284,1.2191,1.1,1.725,23.8419,2.2,48.775,48.775,48.775,23.8419,2.2,,,,46.575,21.6419,22.1169,22.6228,22.4135,1,1,1,0,1,1,0,1,1,1,1,1
10/31/2025 20:37,1.4334,1.2159,0.0313,1.1413,1.25605,1.4334,1.2159,1.1413,1.775,23.8673,2.2018,48.775,48.775,48.775,23.8673,2.2018,,,,46.5732,21.6655,22.0923,22.6514,22.4339,1,1,1,0,1,1,0,1,1,1,1,1
10/31/2025 20:42,1.4353,1.2172,0.0338,1.1263,1.247,1.4353,1.2172,1.1263,1.775,23.8701,2.2018,48.4813,48.4813,48.4813,23.8701,2.2018,,,,46.2795,21.6683,22.0951,22.6529,22.4348,1,1,1,0,1,1,0,1,1,1,1,1
10/31/2025 20:47,1.4366,1.2159,0.0338,1.14,1.2545,1.4366,1.2159,1.14,1.8,23.839,2.1964,48.6,48.6,48.6,23.839,2.1964,,,,46.4036,21.6426,22.039,22.6231,22.4024,1,1,1,0,1,1,0,1,1,1,1,1
10/31/2025 20:52,1.4328,1.2147,0.035,1.1463,1.25455,1.4328,1.2147,1.1463,1.85,23.8532,2.191,48.5125,48.5125,48.5125,23.8532,2.191,,,,46.3215,21.6622,22.0032,22.6385,22.4204,1,1,1,0,1,1,0,1,1,1,1,1
10/31/2025 20:57,1.4338,1.215,0.0375,1.1638,1.2613,1.4338,1.215,1.1638,1.8,23.8673,2.2036,48.6688,48.6688,48.6688,23.8673,2.2036,,,,46.4652,21.6637,22.0673,22.6523,22.4335,1,1,1,0,1,1,0,1,1,1,1,1
10/31/2025 21:02,1.4359,1.2166,0.0338,1.0938,1.23105,1.4359,1.2166,1.0938,1.775,23.8334,2.1982,48.4563,48.4563,48.4563,23.8334,2.1982,,,,46.2581,21.6352,22.0584,22.6168,22.3975,1,1,1,0,1,1,0,1,1,1,1,1
10/31/2025 21:07,1.4306,1.2144,0.0338,1.1263,1.24465,1.4306,1.2144,1.1263,1.75,23.8164,2.2018,48.7125,48.7125,48.7125,23.8164,2.2018,,,,46.5107,21.6146,22.0664,22.602,22.3858,1,1,1,0,1,1,0,1,1,1,1,1
10/31/2025 21:12,1.43,1.2181,0.0338,1.1325,1.24745,1.43,1.2181,1.1325,1.75,23.8221,2.1982,48.4188,48.4188,48.4188,23.8221,2.1982,,,,46.2206,21.6239,22.0721,22.604,22.3921,1,1,1,0,1,1,0,1,1,1,1,1
10/31/2025 21:17,1.4291,1.2156,0.0313,1.135,1.25075,1.4291,1.2156,1.135,1.775,23.8588,2.2,48.4563,48.4563,48.4563,23.8588,2.2,,,,46.2563,21.6588,22.0838,22.6432,22.4297,1,1,1,0,1,1,0,1,1,1,1,1
10/31/2025 21:22,1.4319,1.2159,0.0313,1.1225,1.2459,1.4319,1.2159,1.1225,1.75,23.8136,2.1982,48.475,48.475,48.475,23.8136,2.1982,,,,46.2768,21.6154,22.0636,22.5977,22.3817,1,1,1,0,1,1,0,1,1,1,1,1
10/31/2025 21:27,1.4369,1.2153,0.035,1.1387,1.2528,1.4369,1.2153,1.1387,1.725,23.8617,2.1946,48.7063,48.7063,48.7063,23.8617,2.1946,,,,46.5117,21.6671,22.1367,22.6464,22.4248,1,1,1,0,1,1,0,1,1,1,1,1
10/31/2025 21:32,1.4331,1.2153,0.0313,1.1275,1.249,1.4331,1.2153,1.1275,1.725,23.8617,2.1982,48.5438,48.5438,48.5438,23.8617,2.1982,,,,46.3456,21.6635,22.1367,22.6464,22.4286,1,1,1,0,1,1,0,1,1,1,1,1
10/31/2025 21:37,1.4294,1.2178,0.0362,1.1413,1.24915,1.4294,1.2178,1.1413,1.725,23.8532,2.1946,48.6625,48.6625,48.6625,23.8532,2.1946,,,,46.4679,21.6586,22.1282,22.6354,22.4238,1,1,1,0,1,1,0,1,1,1,1,1
10/31/2025 21:42,1.4353,1.215,0.0313,1.1425,1.2576,1.4353,1.215,1.1425,1.75,23.8192,2.1874,48.625,48.625,48.625,23.8192,2.1874,,,,46.4376,21.6318,22.0692,22.6042,22.3839,1,1,1,0,1,1,0,1,1,1,1,1
10/31/2025 21:47,1.4341,1.2153,0.0338,1.1413,1.2539,1.4341,1.2153,1.1413,1.75,23.8447,2.1982,49.0438,49.0438,49.0438,23.8447,2.1982,,,,46.8456,21.6465,22.0947,22.6294,22.4106,1,1,1,0,1,1,0,1,1,1,1,1
10/31/2025 21:52,1.4306,1.215,0.035,1.1213,1.24095,1.4306,1.215,1.1213,1.725,23.8136,2.1964,48.6,48.6,48.6,23.8136,2.1964,,,,46.4036,21.6172,22.0886,22.5986,22.383,1,1,1,0,1,1,0,1,1,1,1,1
10/31/2025 21:57,1.435,1.2163,0.03,1.1387,1.25685,1.435,1.2163,1.1387,1.725,23.8617,2.1982,48.6688,48.6688,48.6688,23.8617,2.1982,,,,46.4706,21.6635,22.1367,22.6454,22.4267,1,1,1,0,1,1,0,1,1,1,1,1
10/31/2025 22:02,1.4394,1.2153,0.0338,1.12,1.2459,1.4394,1.2153,1.12,1.75,23.8419,2.1946,48.6438,48.6438,48.6438,23.8419,2.1946,,,,46.4492,21.6473,22.0919,22.6266,22.4025,1,1,1,0,1,1,0,1,1,1,1,1
10/31/2025 22:07,1.4338,1.2156,0.035,1.1513,1.25755,1.4338,1.2156,1.1513,1.75,23.8306,2.1982,48.8,48.8,48.8,23.8306,2.1982,,,,46.6018,21.6324,22.0806,22.615,22.3968,1,1,1,0,1,1,0,1,1,1,1,1
10/31/2025 22:12,1.4338,1.2156,0.035,1.135,1.2494,1.4338,1.2156,1.135,1.75,23.8249,2.191,48.6125,48.6125,48.6125,23.8249,2.191,,,,46.4215,21.6339,22.0749,22.6093,22.3911,1,1,1,0,1,1,0,1,1,1,1,1
10/31/2025 22:17,1.4381,1.2169,0.0338,1.1313,1.2509,1.4381,1.2169,1.1313,1.725,23.8277,2.1892,48.4375,48.4375,48.4375,23.8277,2.1892,,,,46.2483,21.6385,22.1027,22.6108,22.3896,1,1,1,0,1,1,0,1,1,1,1,1
10/31/2025 22:22,1.4347,1.2147,0.0313,1.115,1.24355,1.4347,1.2147,1.115,1.85,23.8588,2.1982,48.55,48.55,48.55,23.8588,2.1982,,,,46.3518,21.6606,22.0088,22.6441,22.4241,1,1,1,0,1,1,0,1,1,1,1,1
10/31/2025 22:27,1.4344,1.2153,0.0338,1.1075,1.23715,1.4344,1.2153,1.1075,1.725,23.8192,2.191,48.325,48.325,48.325,23.8192,2.191,,,,46.134,21.6282,22.0942,22.6039,22.3848,1,1,1,0,1,1,0,1,1,1,1,1
10/31/2025 22:32,1.4397,1.2159,0.0338,1.1538,1.26295,1.4397,1.2159,1.1538,1.75,23.8306,2.191,48.3313,48.3313,48.3313,23.8306,2.191,,,,46.1403,21.6396,22.0806,22.6147,22.3909,1,1,1,0,1,1,0,1,1,1,1,1
10/31/2025 22:37,1.4388,1.2175,0.0288,1.1075,1.24435,1.4388,1.2175,1.1075,1.725,23.856,2.1928,48.5688,48.5688,48.5688,23.856,2.1928,,,,46.376,21.6632,22.131,22.6385,22.4172,1,1,1,0,1,1,0,1,1,1,1,1
10/31/2025 22:42,1.4372,1.2147,0.03,1.1213,1.24925,1.4372,1.2147,1.1213,1.775,23.8617,2.1946,48.6625,48.6625,48.6625,23.8617,2.1946,,,,46.4679,21.6671,22.0867,22.647,22.4245,1,1,1,0,1,1,0,1,1,1,1,1
10/31/2025 22:47,1.4316,1.2144,0.0338,1.1425,1.25325,1.4316,1.2144,1.1425,1.775,23.856,2.1946,48.6375,48.6375,48.6375,23.856,2.1946,,,,46.4429,21.6614,22.081,22.6416,22.4244,1,1,1,0,1,1,0,1,1,1,1,1
10/31/2025 22:52,1.4309,1.2163,0.035,1.1225,1.2417,1.4309,1.2163,1.1225,1.8,23.8617,2.1946,48.6313,48.6313,48.6313,23.8617,2.1946,,,,46.4367,21.6671,22.0617,22.6454,22.4308,1,1,1,0,1,1,0,1,1,1,1,1
10/31/2025 22:57,1.4266,1.215,0.0338,1.1325,1.24575,1.4266,1.215,1.1325,1.775,23.8419,2.1982,48.8375,48.8375,48.8375,23.8419,2.1982,,,,46.6393,21.6437,22.0669,22.6269,22.4153,1,1,1,0,1,1,0,1,1,1,1,1
10/31/2025 23:02,1.4391,1.2159,0.03,1.1475,1.2633,1.4391,1.2159,1.1475,1.85,23.8532,2.1928,48.8125,48.8125,48.8125,23.8532,2.1928,,,,46.6197,21.6604,22.0032,22.6373,22.4141,1,1,1,0,1,1,0,1,1,1,1,1
10/31/2025 23:07,1.4378,1.2147,0.0362,1.1138,1.2396,1.4378,1.2147,1.1138,1.775,23.8362,2.1928,48.5938,48.5938,48.5938,23.8362,2.1928,,,,46.401,21.6434,22.0612,22.6215,22.3984,1,1,1,0,1,1,0,1,1,1,1,1
10/31/2025 23:12,1.4341,1.2156,0.0338,1.0962,1.23135,1.4341,1.2156,1.0962,1.8,23.8447,2.1874,48.5813,48.5813,48.5813,23.8447,2.1874,,,,46.3939,21.6573,22.0447,22.6291,22.4106,1,1,1,0,1,1,0,1,1,1,1,1
10/31/2025 23:17,1.43,1.2144,0.0313,1.16,1.2637,1.43,1.2144,1.16,1.8,23.8136,2.191,48.4938,48.4938,48.4938,23.8136,2.191,,,,46.3028,21.6226,22.0136,22.5992,22.3836,1,1,1,0,1,1,0,1,1,1,1,1
10/31/2025 23:22,1.4347,1.2159,0.0313,1.1475,1.2598,1.4347,1.2159,1.1475,1.8,23.8503,2.2,48.8938,48.8938,48.8938,23.8503,2.2,,,,46.6938,21.6503,22.0503,22.6344,22.4156,1,1,1,0,1,1,0,1,1,1,1,1
10/31/2025 23:27,1.4366,1.215,0.0338,1.1313,1.25015,1.4366,1.215,1.1313,1.775,23.8362,2.1892,48.8813,48.8813,48.8813,23.8362,2.1892,,,,46.6921,21.647,22.0612,22.6212,22.3996,1,1,1,0,1,1,0,1,1,1,1,1
10/31/2025 23:32,1.4366,1.215,0.0338,1.1213,1.24515,1.4366,1.215,1.1213,1.775,23.8334,2.191,48.7313,48.7313,48.7313,23.8334,2.191,,,,46.5403,21.6424,22.0584,22.6184,22.3968,1,1,1,0,1,1,0,1,1,1,1,1
10/31/2025 23:37,1.4412,1.2172,0.03,1.125,1.2531,1.4412,1.2172,1.125,1.85,23.839,2.1892,48.775,48.775,48.775,23.839,2.1892,,,,46.5858,21.6498,21.989,22.6218,22.3978,1,1,1,0,1,1,0,1,1,1,1,1
10/31/2025 23:42,1.4384,1.2172,0.035,1.1313,1.24985,1.4384,1.2172,1.1313,1.775,23.8306,2.1982,48.6625,48.6625,48.6625,23.8306,2.1982,,,,46.4643,21.6324,22.0556,22.6134,22.3922,1,1,1,0,1,1,0,1,1,1,1,1
10/31/2025 23:47,1.4356,1.215,0.03,1.135,1.2553,1.4356,1.215,1.135,1.75,23.8447,2.191,48.6313,48.6313,48.6313,23.8447,2.191,,,,46.4403,21.6537,22.0947,22.6297,22.4091,1,1,1,0,1,1,0,1,1,1,1,1
10/31/2025 23:52,1.4378,1.2156,0.035,1.1587,1.26325,1.4378,1.2156,1.1587,1.8,23.8532,2.1946,48.7625,48.7625,48.7625,23.8532,2.1946,,,,46.5679,21.6586,22.0532,22.6376,22.4154,1,1,1,0,1,1,0,1,1,1,1,1
10/31/2025 23:57,1.4341,1.2147,0.035,1.1225,1.2433,1.4341,1.2147,1.1225,1.75,23.8419,2.1946,48.7938,48.7938,48.7938,23.8419,2.1946,,,,46.5992,21.6473,22.0919,22.6272,22.4078,1,1,1,0,1,1,0,1,1,1,1,1
11/1/2025 0:02,1.4319,1.2134,0.0362,1.1287,1.2441,1.4319,1.2134,1.1287,1.75,23.8956,2.1856,48.5375,48.5375,48.5375,23.8956,2.1856,,,,46.3519,21.71,22.1456,22.6822,22.4637,1,1,1,0,1,1,0,1,1,1,1,1
11/1/2025 0:07,1.4353,1.2131,0.0338,1.145,1.25635,1.4353,1.2131,1.145,1.725,23.8334,2.2,48.6313,48.6313,48.6313,23.8334,2.2,,,,46.4313,21.6334,22.1084,22.6203,22.3981,1,1,1,0,1,1,0,1,1,1,1,1
11/1/2025 0:12,1.4303,1.2144,0.0313,1.14,1.25385,1.4303,1.2144,1.14,1.75,23.8475,2.1874,48.7313,48.7313,48.7313,23.8475,2.1874,,,,46.5439,21.6601,22.0975,22.6331,22.4172,1,1,1,0,1,1,0,1,1,1,1,1
11/1/2025 0:17,1.4397,1.2163,0.0338,1.1513,1.2617,1.4397,1.2163,1.1513,1.75,23.8419,2.2,48.825,48.825,48.825,23.8419,2.2,,,,46.625,21.6419,22.0919,22.6256,22.4022,1,1,1,0,1,1,0,1,1,1,1,1
11/1/2025 0:22,1.4388,1.2144,0.0338,1.1287,1.24995,1.4388,1.2144,1.1287,1.8,23.8503,2.1946,48.9125,48.9125,48.9125,23.8503,2.1946,,,,46.7179,21.6557,22.0503,22.6359,22.4115,1,1,1,0,1,1,0,1,1,1,1,1
11/1/2025 0:27,1.4391,1.215,0.0338,1.1425,1.257,1.4391,1.215,1.1425,1.85,23.8532,2.1982,48.5688,48.5688,48.5688,23.8532,2.1982,,,,46.3706,21.655,22.0032,22.6382,22.4141,1,1,1,0,1,1,0,1,1,1,1,1
11/1/2025 0:32,1.4359,1.215,0.0375,1.1188,1.23985,1.4359,1.215,1.1188,1.675,23.8588,2.1928,48.7125,48.7125,48.7125,23.8588,2.1928,,,,46.5197,21.666,22.1838,22.6438,22.4229,1,1,1,0,1,1,0,1,1,1,1,1
11/1/2025 0:37,1.4438,1.2138,0.035,1.135,1.2544,1.4438,1.2138,1.135,1.675,23.8362,2.1982,48.7875,48.7875,48.7875,23.8362,2.1982,,,,46.5893,21.638,22.1612,22.6224,22.3924,1,1,1,0,1,1,0,1,1,1,1,1
11/1/2025 0:42,1.4325,1.2131,0.0362,1.14,1.25005,1.4325,1.2131,1.14,1.75,23.856,2.1874,48.4938,48.4938,48.4938,23.856,2.1874,,,,46.3064,21.6686,22.106,22.6429,22.4235,1,1,1,0,1,1,0,1,1,1,1,1
11/1/2025 0:47,1.4356,1.2131,0.035,1.1575,1.26155,1.4356,1.2131,1.1575,1.725,23.873,2.1946,48.6563,48.6563,48.6563,23.873,2.1946,,,,46.4617,21.6784,22.148,22.6599,22.4374,1,1,1,0,1,1,0,1,1,1,1,1
11/1/2025 0:52,1.4438,1.2159,0.0313,1.155,1.2681,1.4438,1.2159,1.155,1.775,23.8419,2.1946,48.725,48.725,48.725,23.8419,2.1946,,,,46.5304,21.6473,22.0669,22.626,22.3981,1,1,1,0,1,1,0,1,1,1,1,1
11/1/2025 0:57,1.4375,1.2153,0.0338,1.115,1.24245,1.4375,1.2153,1.115,1.675,23.8758,2.1928,48.6688,48.6688,48.6688,23.8758,2.1928,,,,46.476,21.683,22.2008,22.6605,22.4383,1,1,1,0,1,1,0,1,1,1,1,1
11/1/2025 1:02,1.4419,1.2169,0.0313,1.1838,1.28155,1.4419,1.2169,1.1838,1.75,23.8673,2.1964,48.5875,48.5875,48.5875,23.8673,2.1964,,,,46.3911,21.6709,22.1173,22.6504,22.4254,1,1,1,0,1,1,0,1,1,1,1,1
11/1/2025 1:07,1.4369,1.2131,0.0338,1.1275,1.2484,1.4369,1.2131,1.1275,1.775,23.8532,2.1964,48.6188,48.6188,48.6188,23.8532,2.1964,,,,46.4224,21.6568,22.0782,22.6401,22.4163,1,1,1,0,1,1,0,1,1,1,1,1
11/1/2025 1:12,1.4388,1.2144,0.0338,1.1125,1.24185,1.4388,1.2144,1.1125,1.775,23.8447,2.2,48.7813,48.7813,48.7813,23.8447,2.2,,,,46.5813,21.6447,22.0697,22.6303,22.4059,1,1,1,0,1,1,0,1,1,1,1,1
11/1/2025 1:17,1.44,1.2141,0.0338,1.1313,1.25185,1.44,1.2141,1.1313,1.725,23.8673,2.1946,48.775,48.775,48.775,23.8673,2.1946,,,,46.5804,21.6727,22.1423,22.6532,22.4273,1,1,1,0,1,1,0,1,1,1,1,1
11/1/2025 1:22,1.4372,1.2138,0.0362,1.145,1.2549,1.4372,1.2138,1.145,1.75,23.8588,2.191,48.8875,48.8875,48.8875,23.8588,2.191,,,,46.6965,21.6678,22.1088,22.645,22.4216,1,1,1,0,1,1,0,1,1,1,1,1
11/1/2025 1:27,1.4328,1.2134,0.0313,1.1387,1.25445,1.4328,1.2134,1.1387,1.775,23.8362,2.1928,48.8063,48.8063,48.8063,23.8362,2.1928,,,,46.6135,21.6434,22.0612,22.6228,22.4034,1,1,1,0,1,1,0,1,1,1,1,1
11/1/2025 1:32,1.4378,1.2125,0.0375,1.16,1.2614,1.4378,1.2125,1.16,1.675,23.8532,2.1982,48.8438,48.8438,48.8438,23.8532,2.1982,,,,46.6456,21.655,22.1782,22.6407,22.4154,1,1,1,0,1,1,0,1,1,1,1,1
11/1/2025 1:37,1.4372,1.2128,0.0313,1.1575,1.26605,1.4372,1.2128,1.1575,1.675,23.8277,2.1928,48.8063,48.8063,48.8063,23.8277,2.1928,,,,46.6135,21.6349,22.1527,22.6149,22.3905,1,1,1,0,1,1,0,1,1,1,1,1
11/1/2025 1:42,1.4309,1.2138,0.0362,1.1475,1.253,1.4309,1.2138,1.1475,1.775,23.8503,2.1874,48.8,48.8,48.8,23.8503,2.1874,,,,46.6126,21.6629,22.0753,22.6365,22.4194,1,1,1,0,1,1,0,1,1,1,1,1
11/1/2025 1:47,1.4325,1.2144,0.0375,1.12,1.23875,1.4325,1.2144,1.12,1.675,23.8617,2.2018,48.8,48.8,48.8,23.8617,2.2018,,,,46.5982,21.6599,22.1867,22.6473,22.4292,1,1,1,0,1,1,0,1,1,1,1,1
11/1/2025 1:52,1.435,1.215,0.04,1.1188,1.2369,1.435,1.215,1.1188,1.725,23.8617,2.1874,48.65,48.65,48.65,23.8617,2.1874,,,,46.4626,21.6743,22.1367,22.6467,22.4267,1,1,1,0,1,1,0,1,1,1,1,1
11/1/2025 1:57,0.0459,1.2122,0.0275,0.06,0.02545,0.0459,1.2122,0.06,1.675,0.6558,0.2854,0.05,0.05,0.05,0.6558,0.2854,,,,-0.2354,0.3704,-1.0192,-0.5564,0.6099,1,1,1,0,1,1,0,1,1,1,1,1
11/1/2025 2:02,0.0003,1.2134,0,0,0.00015,0.0003,1.2134,0,1.675,-0.0028,0,0.3313,0.3313,0.3313,-0.0028,0,,,,0.3313,-0.0028,-1.6778,-1.2162,-0.0031,1,1,1,0,1,1,0,1,1,1,1,1
11/3/2025 9:13,1.4619,1.0844,0.0488,1.1188,1.24155,1.4619,1.0844,1.1188,1.5,22.7422,1.8695,28.4813,28.4813,28.4813,22.7422,1.8695,,,,26.6118,20.8727,21.2422,21.6578,21.2803,1,1,1,0,1,1,0,1,1,1,1,1
11/3/2025 9:18,1.4197,1.1381,0.0537,1.175,1.24365,1.4197,1.1381,1.175,1.475,23.8588,2.0916,48.375,48.375,48.375,23.8588,2.0916,,,,46.2834,21.7672,22.3838,22.7207,22.4391,1,1,1,0,1,1,0,1,1,1,1,1
11/3/2025 9:23,1.4181,1.1491,0.0488,1.1325,1.2265,1.4181,1.1491,1.1325,1.5,23.8503,2.1332,48.6063,48.6063,48.6063,23.8503,2.1332,,,,46.4731,21.7171,22.3503,22.7012,22.4322,1,1,1,0,1,1,0,1,1,1,1,1
11/3/2025 9:28,1.4044,1.1597,0.0488,1.1788,1.2428,1.4044,1.1597,1.1788,1.5,23.8786,2.144,48.375,48.375,48.375,23.8786,2.144,,,,46.231,21.7346,22.3786,22.7189,22.4742,1,1,1,0,1,1,0,1,1,1,1,1
11/3/2025 9:33,1.4094,1.1653,0.05,1.1338,1.2216,1.4094,1.1653,1.1338,1.475,23.8701,2.1476,48.2813,48.2813,48.2813,23.8701,2.1476,,,,46.1337,21.7225,22.3951,22.7048,22.4607,1,1,1,0,1,1,0,1,1,1,1,1
11/3/2025 9:38,1.4156,1.1678,0.0475,1.1275,1.22405,1.4156,1.1678,1.1275,1.475,23.8956,2.1494,48.3563,48.3563,48.3563,23.8956,2.1494,,,,46.2069,21.7462,22.4206,22.7278,22.48,1,1,1,0,1,1,0,1,1,1,1,1
11/3/2025 9:43,1.4031,1.1681,0.0475,1.1613,1.2347,1.4031,1.1681,1.1613,1.5,23.8843,2.153,48.3188,48.3188,48.3188,23.8843,2.153,,,,46.1658,21.7313,22.3843,22.7162,22.4812,1,1,1,0,1,1,0,1,1,1,1,1
11/3/2025 9:48,1.4106,1.1703,0.0488,1.1325,1.22275,1.4106,1.1703,1.1325,1.475,23.8871,2.1549,48.4125,48.4125,48.4125,23.8871,2.1549,,,,46.2576,21.7322,22.4121,22.7168,22.4765,1,1,1,0,1,1,0,1,1,1,1,1
11/3/2025 9:53,1.4059,1.1694,0.0537,1.1538,1.22615,1.4059,1.1694,1.1538,1.5,23.8984,2.144,48.4813,48.4813,48.4813,23.8984,2.144,,,,46.3373,21.7544,22.3984,22.729,22.4925,1,1,1,0,1,1,0,1,1,1,1,1
11/3/2025 9:57,1.4056,1.1709,0.0475,1.155,1.2328,1.4056,1.1709,1.155,1.475,23.8927,2.1512,48.5125,48.5125,48.5125,23.8927,2.1512,,,,46.3613,21.7415,22.4177,22.7218,22.4871,1,1,1,0,1,1,0,1,1,1,1,1
11/3/2025 10:03,1.4138,1.1697,0.0475,1.1338,1.2263,1.4138,1.1697,1.1338,1.475,23.8899,2.1512,48.6125,48.6125,48.6125,23.8899,2.1512,,,,46.4613,21.7387,22.4149,22.7202,22.4761,1,1,1,0,1,1,0,1,1,1,1,1
11/3/2025 10:08,1.4075,1.1713,0.0475,1.1587,1.2356,1.4075,1.1713,1.1587,1.475,23.8927,2.1386,48.3688,48.3688,48.3688,23.8927,2.1386,,,,46.2302,21.7541,22.4177,22.7214,22.4852,1,1,1,0,1,1,0,1,1,1,1,1
11/3/2025 10:13,1.4084,1.1713,0.0462,1.14,1.228,1.4084,1.1713,1.14,1.475,23.8871,2.135,48.4625,48.4625,48.4625,23.8871,2.135,,,,46.3275,21.7521,22.4121,22.7158,22.4787,1,1,1,0,1,1,0,1,1,1,1,1
11/3/2025 10:18,1.4028,1.1703,0.0462,1.1313,1.22085,1.4028,1.1703,1.1313,1.525,23.8956,2.1368,48.175,48.175,48.175,23.8956,2.1368,,,,46.0382,21.7588,22.3706,22.7253,22.4928,1,1,1,0,1,1,0,1,1,1,1,1
11/3/2025 10:23,1.4044,1.1691,0.0425,1.14,1.2297,1.4044,1.1691,1.14,1.5,23.8984,2.1404,48.35,48.35,48.35,23.8984,2.1404,,,,46.2096,21.758,22.3984,22.7293,22.494,1,1,1,0,1,1,0,1,1,1,1,1
11/3/2025 10:27,1.4047,1.1734,0.0462,1.1463,1.2293,1.4047,1.1734,1.1463,1.525,23.8814,2.1368,48.2438,48.2438,48.2438,23.8814,2.1368,,,,46.107,21.7446,22.3564,22.708,22.4767,1,1,1,0,1,1,0,1,1,1,1,1
11/3/2025 10:33,1.4047,1.1703,0.0475,1.14,1.22485,1.4047,1.1703,1.14,1.525,23.8814,2.1404,48.3375,48.3375,48.3375,23.8814,2.1404,,,,46.1971,21.741,22.3564,22.7111,22.4767,1,1,1,0,1,1,0,1,1,1,1,1
11/3/2025 10:38,1.4066,1.1703,0.0475,1.1425,1.22705,1.4066,1.1703,1.1425,1.525,23.8701,2.1368,48.3688,48.3688,48.3688,23.8701,2.1368,,,,46.232,21.7333,22.3451,22.6998,22.4635,1,1,1,0,1,1,0,1,1,1,1,1
11/3/2025 10:43,1.4078,1.1706,0.0413,1.1375,1.23135,1.4078,1.1706,1.1375,1.525,23.8673,2.1386,48.3875,48.3875,48.3875,23.8673,2.1386,,,,46.2489,21.7287,22.3423,22.6967,22.4595,1,1,1,0,1,1,0,1,1,1,1,1
11/3/2025 10:48,1.4053,1.1716,0.0438,1.155,1.23635,1.4053,1.1716,1.155,1.525,23.8956,2.1422,48.3188,48.3188,48.3188,23.8956,2.1422,,,,46.1766,21.7534,22.3706,22.724,22.4903,1,1,1,0,1,1,0,1,1,1,1,1
11/3/2025 10:53,1.3981,1.1694,0.0438,1.1638,1.23715,1.3981,1.1694,1.1638,1.575,23.8758,2.1404,48.125,48.125,48.125,23.8758,2.1404,,,,45.9846,21.7354,22.3008,22.7064,22.4777,1,1,1,0,1,1,0,1,1,1,1,1
11/3/2025 10:58,1.4069,1.1684,0.0462,1.1375,1.226,1.4069,1.1684,1.1375,1.525,23.9041,2.1404,48.4,48.4,48.4,23.9041,2.1404,,,,46.2596,21.7637,22.3791,22.7357,22.4972,1,1,1,0,1,1,0,1,1,1,1,1
11/3/2025 11:03,1.4025,1.1725,0.0438,1.1575,1.2362,1.4025,1.1725,1.1575,1.5,23.8843,2.135,48.3313,48.3313,48.3313,23.8843,2.135,,,,46.1963,21.7493,22.3843,22.7118,22.4818,1,1,1,0,1,1,0,1,1,1,1,1
11/3/2025 11:08,1.4078,1.1713,0.0438,1.1138,1.217,1.4078,1.1713,1.1138,1.525,23.8786,2.1332,48.2625,48.2625,48.2625,23.8786,2.1332,,,,46.1293,21.7454,22.3536,22.7073,22.4708,1,1,1,0,1,1,0,1,1,1,1,1
11/3/2025 11:13,1.4066,1.1697,0.0425,1.1525,1.23705,1.4066,1.1697,1.1525,1.525,23.8843,2.1422,48.4813,48.4813,48.4813,23.8843,2.1422,,,,46.3391,21.7421,22.3593,22.7146,22.4777,1,1,1,0,1,1,0,1,1,1,1,1
11/3/2025 11:18,1.4084,1.1738,0.0413,1.1275,1.22665,1.4084,1.1738,1.1275,1.525,23.8701,2.1422,48.3313,48.3313,48.3313,23.8701,2.1422,,,,46.1891,21.7279,22.3451,22.6963,22.4617,1,1,1,0,1,1,0,1,1,1,1,1
11/3/2025 11:23,1.4022,1.1672,0.0438,1.1387,1.22665,1.4022,1.1672,1.1387,1.525,23.8871,2.1404,48.4188,48.4188,48.4188,23.8871,2.1404,,,,46.2784,21.7467,22.3621,22.7199,22.4849,1,1,1,0,1,1,0,1,1,1,1,1
11/3/2025 11:28,1.4081,1.1713,0.0425,1.1725,1.2478,1.4081,1.1713,1.1725,1.5,23.8645,2.1386,48.2188,48.2188,48.2188,23.8645,2.1386,,,,46.0802,21.7259,22.3645,22.6932,22.4564,1,1,1,0,1,1,0,1,1,1,1,1
11/3/2025 11:32,1.4013,1.1713,0.04,1.135,1.22815,1.4013,1.1713,1.135,1.6,23.9069,2.1368,48.0688,48.0688,48.0688,23.9069,2.1368,,,,45.932,21.7701,22.3069,22.7356,22.5056,1,1,1,0,1,1,0,1,1,1,1,1
11/3/2025 11:38,1.4013,1.1694,0.0413,1.1113,1.215,1.4013,1.1694,1.1113,1.6,23.9069,2.144,48.275,48.275,48.275,23.9069,2.144,,,,46.131,21.7629,22.3069,22.7375,22.5056,1,1,1,0,1,1,0,1,1,1,1,1
11/3/2025 11:43,1.4056,1.1703,0.0425,1.1138,1.2172,1.4056,1.1703,1.1138,1.65,23.8871,2.144,48.5188,48.5188,48.5188,23.8871,2.144,,,,46.3748,21.7431,22.2371,22.7168,22.4815,1,1,1,0,1,1,0,1,1,1,1,1
11/3/2025 11:48,1.4038,1.1722,0.0413,1.1275,1.22435,1.4038,1.1722,1.1275,1.625,23.8447,2.1476,48.2688,48.2688,48.2688,23.8447,2.1476,,,,46.1212,21.6971,22.2197,22.6725,22.4409,1,1,1,0,1,1,0,1,1,1,1,1
11/3/2025 11:53,1.4028,1.1734,0.04,1.1375,1.23015,1.4028,1.1734,1.1375,1.65,23.8984,2.1458,48.225,48.225,48.225,23.8984,2.1458,,,,46.0792,21.7526,22.2484,22.725,22.4956,1,1,1,0,1,1,0,1,1,1,1,1
11/3/2025 11:58,1.4041,1.1709,0.0438,1.1713,1.2439,1.4041,1.1709,1.1713,1.625,23.8843,2.1458,48.2688,48.2688,48.2688,23.8843,2.1458,,,,46.123,21.7385,22.2593,22.7134,22.4802,1,1,1,0,1,1,0,1,1,1,1,1
11/3/2025 12:02,1.4094,1.1722,0.0438,1.2,1.2609,1.4094,1.1722,1.2,1.625,23.9069,2.135,48.4438,48.4438,48.4438,23.9069,2.135,,,,46.3088,21.7719,22.2819,22.7347,22.4975,1,1,1,0,1,1,0,1,1,1,1,1
11/3/2025 12:08,1.4019,1.1706,0.0438,1.1138,1.21405,1.4019,1.1706,1.1138,1.625,23.8673,2.1404,48.0563,48.0563,48.0563,23.8673,2.1404,,,,45.9159,21.7269,22.2423,22.6967,22.4654,1,1,1,0,1,1,0,1,1,1,1,1
11/3/2025 12:13,1.4044,1.1709,0.0375,1.1587,1.24405,1.4044,1.1709,1.1587,1.625,23.9041,2.1404,48.2063,48.2063,48.2063,23.9041,2.1404,,,,46.0659,21.7637,22.2791,22.7332,22.4997,1,1,1,0,1,1,0,1,1,1,1,1
11/3/2025 12:18,1.4034,1.1713,0.0375,1.1538,1.2411,1.4034,1.1713,1.1538,1.725,23.856,2.1422,48.275,48.275,48.275,23.856,2.1422,,,,46.1328,21.7138,22.131,22.6847,22.4526,1,1,1,0,1,1,0,1,1,1,1,1
11/3/2025 12:23,1.4031,1.1703,0.04,1.1613,1.2422,1.4031,1.1703,1.1613,1.75,23.8871,2.1422,48.1813,48.1813,48.1813,23.8871,2.1422,,,,46.0391,21.7449,22.1371,22.7168,22.484,1,1,1,0,1,1,0,1,1,1,1,1
11/3/2025 12:28,1.4041,1.1697,0.04,1.1225,1.2233,1.4041,1.1697,1.1225,1.675,23.8588,2.1458,48.1813,48.1813,48.1813,23.8588,2.1458,,,,46.0355,21.713,22.1838,22.6891,22.4547,1,1,1,0,1,1,0,1,1,1,1,1
11/3/2025 12:33,1.3987,1.1725,0.04,1.1538,1.23625,1.3987,1.1725,1.1538,1.725,23.8927,2.1476,48.4125,48.4125,48.4125,23.8927,2.1476,,,,46.2649,21.7451,22.1677,22.7202,22.494,1,1,1,0,1,1,0,1,1,1,1,1
11/3/2025 12:37,1.395,1.1709,0.0375,1.1025,1.21125,1.395,1.1709,1.1025,1.75,23.8871,2.1422,47.9938,47.9938,47.9938,23.8871,2.1422,,,,45.8516,21.7449,22.1371,22.7162,22.4921,1,1,1,0,1,1,0,1,1,1,1,1
11/3/2025 12:43,1.3953,1.1716,0.0413,1.1413,1.227,1.3953,1.1716,1.1413,1.725,23.8956,2.144,48.0438,48.0438,48.0438,23.8956,2.144,,,,45.8998,21.7516,22.1706,22.724,22.5003,1,1,1,0,1,1,0,1,1,1,1,1
11/3/2025 12:48,1.4009,1.1713,0.0413,1.14,1.22915,1.4009,1.1713,1.14,1.75,23.8701,2.1494,48.375,48.375,48.375,23.8701,2.1494,,,,46.2256,21.7207,22.1201,22.6988,22.4692,1,1,1,0,1,1,0,1,1,1,1,1
11/3/2025 12:53,1.4041,1.1706,0.0375,1.1587,1.2439,1.4041,1.1706,1.1587,1.8,23.8701,2.1494,48.275,48.275,48.275,23.8701,2.1494,,,,46.1256,21.7207,22.0701,22.6995,22.466,1,1,1,0,1,1,0,1,1,1,1,1
11/3/2025 12:58,1.4031,1.1734,0.0425,1.1375,1.2278,1.4031,1.1734,1.1375,1.675,23.8956,2.1476,48.0438,48.0438,48.0438,23.8956,2.1476,,,,45.8962,21.748,22.2206,22.7222,22.4925,1,1,1,0,1,1,0,1,1,1,1,1
11/3/2025 13:03,1.4025,1.1722,0.035,1.1275,1.23,1.4025,1.1722,1.1275,1.675,23.9041,2.1494,48.275,48.275,48.275,23.9041,2.1494,,,,46.1256,21.7547,22.2291,22.7319,22.5016,1,1,1,0,1,1,0,1,1,1,1,1
11/3/2025 13:07,1.4003,1.1688,0.04,1.1287,1.2245,1.4003,1.1688,1.1287,1.725,23.8899,2.1458,48.3063,48.3063,48.3063,23.8899,2.1458,,,,46.1605,21.7441,22.1649,22.7211,22.4896,1,1,1,0,1,1,0,1,1,1,1,1
11/3/2025 13:13,1.3987,1.1725,0.0362,1.1375,1.2319,1.3987,1.1725,1.1375,1.725,23.8673,2.1512,48.1813,48.1813,48.1813,23.8673,2.1512,,,,46.0301,21.7161,22.1423,22.6948,22.4686,1,1,1,0,1,1,0,1,1,1,1,1
11/3/2025 13:18,1.4003,1.1731,0.04,1.1188,1.21955,1.4003,1.1731,1.1188,1.725,23.873,2.1422,48.1563,48.1563,48.1563,23.873,2.1422,,,,46.0141,21.7308,22.148,22.6999,22.4727,1,1,1,0,1,1,0,1,1,1,1,1
11/3/2025 13:23,1.4009,1.1722,0.04,1.1475,1.2342,1.4009,1.1722,1.1475,1.675,23.8927,2.144,48.2625,48.2625,48.2625,23.8927,2.144,,,,46.1185,21.7487,22.2177,22.7205,22.4918,1,1,1,0,1,1,0,1,1,1,1,1
11/3/2025 13:28,1.3953,1.1716,0.0375,1.115,1.21765,1.3953,1.1716,1.115,1.675,23.8758,2.1603,48.1,48.1,48.1,23.8758,2.1603,,,,45.9397,21.7155,22.2008,22.7042,22.4805,1,1,1,0,1,1,0,1,1,1,1,1
11/3/2025 13:33,1.3978,1.1716,0.0425,1.145,1.2289,1.3978,1.1716,1.145,1.75,23.8645,2.1476,48.075,48.075,48.075,23.8645,2.1476,,,,45.9274,21.7169,22.1145,22.6929,22.4667,1,1,1,0,1,1,0,1,1,1,1,1
11/3/2025 13:38,1.4025,1.1719,0.0462,1.1325,1.2213,1.4025,1.1719,1.1325,1.675,23.856,2.1494,47.9125,47.9125,47.9125,23.856,2.1494,,,,45.7631,21.7066,22.181,22.6841,22.4535,1,1,1,0,1,1,0,1,1,1,1,1
11/3/2025 13:43,1.3947,1.1719,0.0362,1.1387,1.2305,1.3947,1.1719,1.1387,1.8,23.8814,2.1476,48.125,48.125,48.125,23.8814,2.1476,,,,45.9774,21.7338,22.0814,22.7095,22.4867,1,1,1,0,1,1,0,1,1,1,1,1
11/3/2025 13:48,1.4056,1.1731,0.0338,1.1513,1.24465,1.4056,1.1731,1.1513,1.75,23.8843,2.1494,48.1313,48.1313,48.1313,23.8843,2.1494,,,,45.9819,21.7349,22.1343,22.7112,22.4787,1,1,1,0,1,1,0,1,1,1,1,1
11/3/2025 13:53,1.4059,1.1741,0.0375,1.135,1.23295,1.4059,1.1741,1.135,1.75,23.8956,2.1512,48.0375,48.0375,48.0375,23.8956,2.1512,,,,45.8863,21.7444,22.1456,22.7215,22.4897,1,1,1,0,1,1,0,1,1,1,1,1
11/3/2025 13:58,1.3953,1.1709,0.0362,1.1287,1.2258,1.3953,1.1709,1.1287,1.725,23.8645,2.1512,48.2063,48.2063,48.2063,23.8645,2.1512,,,,46.0551,21.7133,22.1395,22.6936,22.4692,1,1,1,0,1,1,0,1,1,1,1,1
11/3/2025 14:03,1.3984,1.1747,0.0375,1.1375,1.23045,1.3984,1.1747,1.1375,1.75,23.8786,2.1585,48.2875,48.2875,48.2875,23.8786,2.1585,,,,46.129,21.7201,22.1286,22.7039,22.4802,1,1,1,0,1,1,0,1,1,1,1,1
11/3/2025 14:08,1.4113,1.1731,0.0413,1.1788,1.25375,1.4113,1.1731,1.1788,1.725,23.8984,2.1476,48.2563,48.2563,48.2563,23.8984,2.1476,,,,46.1087,21.7508,22.1734,22.7253,22.4871,1,1,1,0,1,1,0,1,1,1,1,1
11/3/2025 14:12,1.4075,1.1713,0.0413,1.1663,1.2456,1.4075,1.1713,1.1663,1.725,23.9012,2.1476,48.2063,48.2063,48.2063,23.9012,2.1476,,,,46.0587,21.7536,22.1762,22.7299,22.4937,1,1,1,0,1,1,0,1,1,1,1,1
11/3/2025 14:18,1.4006,1.1719,0.0362,1.16,1.2441,1.4006,1.1719,1.16,1.725,23.8984,2.1494,48.2,48.2,48.2,23.8984,2.1494,,,,46.0506,21.749,22.1734,22.7265,22.4978,1,1,1,0,1,1,0,1,1,1,1,1
11/3/2025 14:23,1.4041,1.1713,0.0338,1.1463,1.2414,1.4041,1.1713,1.1463,1.725,23.8814,2.1567,48.0188,48.0188,48.0188,23.8814,2.1567,,,,45.8621,21.7247,22.1564,22.7101,22.4773,1,1,1,0,1,1,0,1,1,1,1,1
11/3/2025 14:28,1.4059,1.1716,0.0413,1.1538,1.23855,1.4059,1.1716,1.1538,1.775,23.8814,2.1585,48.2938,48.2938,48.2938,23.8814,2.1585,,,,46.1353,21.7229,22.1064,22.7098,22.4755,1,1,1,0,1,1,0,1,1,1,1,1
11/3/2025 14:33,1.3987,1.1709,0.04,1.1375,1.2281,1.3987,1.1709,1.1375,1.75,23.8927,2.1549,48.375,48.375,48.375,23.8927,2.1549,,,,46.2201,21.7378,22.1427,22.7218,22.494,1,1,1,0,1,1,0,1,1,1,1,1
11/3/2025 14:38,1.4028,1.1731,0.0413,1.1613,1.24075,1.4028,1.1731,1.1613,1.775,23.8871,2.1512,48.0625,48.0625,48.0625,23.8871,2.1512,,,,45.9113,21.7359,22.1121,22.714,22.4843,1,1,1,0,1,1,0,1,1,1,1,1
11/3/2025 14:42,1.4044,1.1713,0.0362,1.155,1.2435,1.4044,1.1713,1.155,1.725,23.8814,2.1494,48.075,48.075,48.075,23.8814,2.1494,,,,45.9256,21.732,22.1564,22.7101,22.477,1,1,1,0,1,1,0,1,1,1,1,1
11/3/2025 14:48,1.4044,1.1728,0.0375,1.1513,1.24035,1.4044,1.1728,1.1513,1.725,23.9097,2.1585,48.05,48.05,48.05,23.9097,2.1585,,,,45.8915,21.7512,22.1847,22.7369,22.5053,1,1,1,0,1,1,0,1,1,1,1,1
11/3/2025 14:53,1.4013,1.1719,0.035,1.1475,1.2394,1.4013,1.1719,1.1475,1.75,23.8786,2.1567,48.1063,48.1063,48.1063,23.8786,2.1567,,,,45.9496,21.7219,22.1286,22.7067,22.4773,1,1,1,0,1,1,0,1,1,1,1,1
11/3/2025 14:58,1.4,1.1703,0.03,1.1063,1.22315,1.4,1.1703,1.1063,1.75,23.938,2.153,48.425,48.425,48.425,23.938,2.153,,,,46.272,21.785,22.188,22.7677,22.538,1,1,1,0,1,1,0,1,1,1,1,1
11/3/2025 15:03,1.3969,1.1734,0.0375,1.1413,1.2316,1.3969,1.1734,1.1413,1.775,23.8871,2.1512,48.0938,48.0938,48.0938,23.8871,2.1512,,,,45.9426,21.7359,22.1121,22.7137,22.4902,1,1,1,0,1,1,0,1,1,1,1,1
11/3/2025 15:08,1.3963,1.1709,0.035,1.16,1.24315,1.3963,1.1709,1.16,1.725,23.873,2.1512,48.225,48.225,48.225,23.873,2.1512,,,,46.0738,21.7218,22.148,22.7021,22.4767,1,1,1,0,1,1,0,1,1,1,1,1
11/3/2025 15:12,1.3966,1.1725,0.0413,1.16,1.237,1.3966,1.1725,1.16,1.725,23.8927,2.1567,48.0938,48.0938,48.0938,23.8927,2.1567,,,,45.9371,21.736,22.1677,22.7202,22.4961,1,1,1,0,1,1,0,1,1,1,1,1
11/3/2025 15:18,1.3963,1.1725,0.0362,1.16,1.24195,1.3963,1.1725,1.16,1.725,23.8814,2.153,47.8625,47.8625,47.8625,23.8814,2.153,,,,45.7095,21.7284,22.1564,22.7089,22.4851,1,1,1,0,1,1,0,1,1,1,1,1
11/3/2025 15:23,1.4016,1.1719,0.04,1.1513,1.23645,1.4016,1.1719,1.1513,1.725,23.8984,2.153,48.1625,48.1625,48.1625,23.8984,2.153,,,,46.0095,21.7454,22.1734,22.7265,22.4968,1,1,1,0,1,1,0,1,1,1,1,1
11/3/2025 15:28,1.3972,1.1719,0.04,1.0938,1.2055,1.3972,1.1719,1.0938,1.725,23.8786,2.1567,48.2063,48.2063,48.2063,23.8786,2.1567,,,,46.0496,21.7219,22.1536,22.7067,22.4814,1,1,1,0,1,1,0,1,1,1,1,1
11/3/2025 15:33,1.4031,1.1716,0.04,1.1275,1.2253,1.4031,1.1716,1.1275,1.75,23.8645,2.1549,48.0563,48.0563,48.0563,23.8645,2.1549,,,,45.9014,21.7096,22.1145,22.6929,22.4614,1,1,1,0,1,1,0,1,1,1,1,1
11/3/2025 15:38,1.3963,1.1716,0.04,1.1338,1.22505,1.3963,1.1716,1.1338,1.725,23.8617,2.1512,48.425,48.425,48.425,23.8617,2.1512,,,,46.2738,21.7105,22.1367,22.6901,22.4654,1,1,1,0,1,1,0,1,1,1,1,1
11/3/2025 15:42,1.4003,1.1734,0.0362,1.1638,1.24585,1.4003,1.1734,1.1638,1.725,23.9125,2.1512,48.1563,48.1563,48.1563,23.9125,2.1512,,,,46.0051,21.7613,22.1875,22.7391,22.5122,1,1,1,0,1,1,0,1,1,1,1,1
11/3/2025 15:48,1.3969,1.1741,0.035,1.14,1.23345,1.3969,1.1741,1.14,1.75,23.8701,2.1549,48.2563,48.2563,48.2563,23.8701,2.1549,,,,46.1014,21.7152,22.1201,22.696,22.4732,1,1,1,0,1,1,0,1,1,1,1,1
11/3/2025 15:53,1.4053,1.1719,0.0375,1.1638,1.24705,1.4053,1.1719,1.1638,1.725,23.8899,2.1512,48.0875,48.0875,48.0875,23.8899,2.1512,,,,45.9363,21.7387,22.1649,22.718,22.4846,1,1,1,0,1,1,0,1,1,1,1,1
11/3/2025 15:58,1.4,1.1719,0.0362,1.125,1.2263,1.4,1.1719,1.125,1.725,23.8956,2.1549,48.1313,48.1313,48.1313,23.8956,2.1549,,,,45.9764,21.7407,22.1706,22.7237,22.4956,1,1,1,0,1,1,0,1,1,1,1,1
11/3/2025 16:03,1.4034,1.1709,0.0362,1.1325,1.23175,1.4034,1.1709,1.1325,1.725,23.8701,2.1549,48.05,48.05,48.05,23.8701,2.1549,,,,45.8951,21.7152,22.1451,22.6992,22.4667,1,1,1,0,1,1,0,1,1,1,1,1
11/3/2025 16:08,1.3956,1.1725,0.035,1.1338,1.2297,1.3956,1.1725,1.1338,1.725,23.8617,2.1567,48.2313,48.2313,48.2313,23.8617,2.1567,,,,46.0746,21.705,22.1367,22.6892,22.4661,1,1,1,0,1,1,0,1,1,1,1,1
11/3/2025 16:12,1.4022,1.1706,0.0362,1.0925,1.21115,1.4022,1.1706,1.0925,1.775,23.873,2.1549,48.1875,48.1875,48.1875,23.873,2.1549,,,,46.0326,21.7181,22.098,22.7024,22.4708,1,1,1,0,1,1,0,1,1,1,1,1
11/3/2025 16:18,1.405,1.1706,0.0375,1.115,1.2225,1.405,1.1706,1.115,1.775,23.8956,2.1585,48.2375,48.2375,48.2375,23.8956,2.1585,,,,46.079,21.7371,22.1206,22.725,22.4906,1,1,1,0,1,1,0,1,1,1,1,1
11/3/2025 16:23,1.4056,1.1738,0.04,1.1413,1.23345,1.4056,1.1738,1.1413,1.75,23.8673,2.1567,48.0063,48.0063,48.0063,23.8673,2.1567,,,,45.8496,21.7106,22.1173,22.6935,22.4617,1,1,1,0,1,1,0,1,1,1,1,1
11/3/2025 16:28,1.4087,1.1719,0.0375,1.1387,1.2362,1.4087,1.1719,1.1387,1.75,23.8814,2.1567,48.2563,48.2563,48.2563,23.8814,2.1567,,,,46.0996,21.7247,22.1314,22.7095,22.4727,1,1,1,0,1,1,0,1,1,1,1,1
11/3/2025 16:33,1.4025,1.1709,0.0313,1.1513,1.2456,1.4025,1.1709,1.1513,1.75,23.8956,2.1549,48.2125,48.2125,48.2125,23.8956,2.1549,,,,46.0576,21.7407,22.1456,22.7247,22.4931,1,1,1,0,1,1,0,1,1,1,1,1
11/3/2025 16:38,1.4,1.1713,0.0362,1.1075,1.21755,1.4,1.1713,1.1075,1.725,23.9069,2.1585,48.3438,48.3438,48.3438,23.9069,2.1585,,,,46.1853,21.7484,22.1819,22.7356,22.5069,1,1,1,0,1,1,0,1,1,1,1,1
11/3/2025 16:42,1.3969,1.1722,0.0313,1.115,1.22465,1.3969,1.1722,1.115,1.725,23.873,2.1567,48.1813,48.1813,48.1813,23.873,2.1567,,,,46.0246,21.7163,22.148,22.7008,22.4761,1,1,1,0,1,1,0,1,1,1,1,1
11/3/2025 16:48,1.4063,1.1703,0.0338,1.145,1.24185,1.4063,1.1703,1.145,1.75,23.8588,2.1549,48.0313,48.0313,48.0313,23.8588,2.1549,,,,45.8764,21.7039,22.1088,22.6885,22.4525,1,1,1,0,1,1,0,1,1,1,1,1
11/3/2025 16:53,1.3959,1.1728,0.0425,1.135,1.22295,1.3959,1.1728,1.135,1.725,23.8814,2.1494,48.0313,48.0313,48.0313,23.8814,2.1494,,,,45.8819,21.732,22.1564,22.7086,22.4855,1,1,1,0,1,1,0,1,1,1,1,1
11/3/2025 16:58,1.4053,1.1706,0.0338,1.1375,1.2376,1.4053,1.1706,1.1375,1.775,23.8899,2.1567,48.3063,48.3063,48.3063,23.8899,2.1567,,,,46.1496,21.7332,22.1149,22.7193,22.4846,1,1,1,0,1,1,0,1,1,1,1,1
11/3/2025 17:03,1.4022,1.17,0.0375,1.1525,1.23985,1.4022,1.17,1.1525,1.775,23.8645,2.1567,48.3125,48.3125,48.3125,23.8645,2.1567,,,,46.1558,21.7078,22.0895,22.6945,22.4623,1,1,1,0,1,1,0,1,1,1,1,1
11/3/2025 17:08,1.4019,1.1691,0.0375,1.1475,1.2372,1.4019,1.1691,1.1475,1.775,23.9012,2.1567,48.2938,48.2938,48.2938,23.9012,2.1567,,,,46.1371,21.7445,22.1262,22.7321,22.4993,1,1,1,0,1,1,0,1,1,1,1,1
11/3/2025 17:13,1.405,1.1716,0.0375,1.1463,1.23815,1.405,1.1716,1.1463,1.8,23.873,2.1549,48.2313,48.2313,48.2313,23.873,2.1549,,,,46.0764,21.7181,22.073,22.7014,22.468,1,1,1,0,1,1,0,1,1,1,1,1
11/3/2025 17:18,1.4025,1.1728,0.0338,1.1413,1.2381,1.4025,1.1728,1.1413,1.85,23.8503,2.1585,48.1125,48.1125,48.1125,23.8503,2.1585,,,,45.954,21.6918,22.0003,22.6775,22.4478,1,1,1,0,1,1,0,1,1,1,1,1
11/3/2025 17:23,1.4009,1.1697,0.0375,1.0988,1.21235,1.4009,1.1697,1.0988,1.8,23.8786,2.1567,48.3,48.3,48.3,23.8786,2.1567,,,,46.1433,21.7219,22.0786,22.7089,22.4777,1,1,1,0,1,1,0,1,1,1,1,1
11/3/2025 17:28,1.3991,1.1713,0.0413,1.1587,1.2376,1.3991,1.1713,1.1587,1.775,23.8956,2.153,47.9938,47.9938,47.9938,23.8956,2.153,,,,45.8408,21.7426,22.1206,22.7243,22.4965,1,1,1,0,1,1,0,1,1,1,1,1
11/3/2025 17:33,1.4047,1.1688,0.04,1.145,1.23485,1.4047,1.1688,1.145,1.9,23.8786,2.1549,48.3813,48.3813,48.3813,23.8786,2.1549,,,,46.2264,21.7237,21.9786,22.7098,22.4739,1,1,1,0,1,1,0,1,1,1,1,1
11/3/2025 17:38,1.3959,1.1709,0.0425,1.1713,1.2411,1.3959,1.1709,1.1713,1.9,23.8843,2.1494,48.0688,48.0688,48.0688,23.8843,2.1494,,,,45.9194,21.7349,21.9843,22.7134,22.4884,1,1,1,0,1,1,0,1,1,1,1,1
11/3/2025 17:43,1.3975,1.1697,0.035,1.1463,1.2369,1.3975,1.1697,1.1463,1.775,23.856,2.1512,47.9688,47.9688,47.9688,23.856,2.1512,,,,45.8176,21.7048,22.081,22.6863,22.4585,1,1,1,0,1,1,0,1,1,1,1,1
11/3/2025 17:47,1.4034,1.1703,0.04,1.135,1.2292,1.4034,1.1703,1.135,1.85,23.8673,2.1512,48.2188,48.2188,48.2188,23.8673,2.1512,,,,46.0676,21.7161,22.0173,22.697,22.4639,1,1,1,0,1,1,0,1,1,1,1,1
11/3/2025 17:53,1.4103,1.1713,0.035,1.1138,1.22705,1.4103,1.1713,1.1138,1.775,23.9012,2.1585,48.2063,48.2063,48.2063,23.9012,2.1585,,,,46.0478,21.7427,22.1262,22.7299,22.4909,1,1,1,0,1,1,0,1,1,1,1,1
11/3/2025 17:58,1.4097,1.1703,0.035,1.1638,1.25175,1.4097,1.1703,1.1638,1.775,23.8814,2.153,48.3063,48.3063,48.3063,23.8814,2.153,,,,46.1533,21.7284,22.1064,22.7111,22.4717,1,1,1,0,1,1,0,1,1,1,1,1
11/3/2025 18:03,1.4069,1.1706,0.04,1.1525,1.2397,1.4069,1.1706,1.1525,1.85,23.9069,2.153,48.0563,48.0563,48.0563,23.9069,2.153,,,,45.9033,21.7539,22.0569,22.7363,22.5,1,1,1,0,1,1,0,1,1,1,1,1
11/3/2025 18:08,1.4019,1.17,0.0375,1.14,1.23345,1.4019,1.17,1.14,1.85,23.8673,2.1512,48.3938,48.3938,48.3938,23.8673,2.1512,,,,46.2426,21.7161,22.0173,22.6973,22.4654,1,1,1,0,1,1,0,1,1,1,1,1
11/3/2025 18:13,1.4,1.1722,0.04,1.16,1.24,1.4,1.1722,1.16,1.775,23.8503,2.1512,48.325,48.325,48.325,23.8503,2.1512,,,,46.1738,21.6991,22.0753,22.6781,22.4503,1,1,1,0,1,1,0,1,1,1,1,1
11/3/2025 18:17,1.4053,1.1713,0.0338,1.1275,1.2326,1.4053,1.1713,1.1275,1.8,23.8843,2.1549,48.225,48.225,48.225,23.8843,2.1549,,,,46.0701,21.7294,22.0843,22.713,22.479,1,1,1,0,1,1,0,1,1,1,1,1
11/3/2025 18:23,1.4063,1.1713,0.0362,1.1513,1.2426,1.4063,1.1713,1.1513,1.85,23.8786,2.1512,48.3125,48.3125,48.3125,23.8786,2.1512,,,,46.1613,21.7274,22.0286,22.7073,22.4723,1,1,1,0,1,1,0,1,1,1,1,1
11/3/2025 18:28,1.4069,1.1716,0.04,1.1538,1.24035,1.4069,1.1716,1.1538,1.8,23.9041,2.1512,48.2938,48.2938,48.2938,23.9041,2.1512,,,,46.1426,21.7529,22.1041,22.7325,22.4972,1,1,1,0,1,1,0,1,1,1,1,1
11/3/2025 18:33,1.4081,1.1703,0.0413,1.155,1.24025,1.4081,1.1703,1.155,1.775,23.8871,2.153,48.3938,48.3938,48.3938,23.8871,2.153,,,,46.2408,21.7341,22.1121,22.7168,22.479,1,1,1,0,1,1,0,1,1,1,1,1
11/3/2025 18:38,1.4044,1.1688,0.0375,1.1425,1.23595,1.4044,1.1688,1.1425,1.85,23.856,2.153,48.175,48.175,48.175,23.856,2.153,,,,46.022,21.703,22.006,22.6872,22.4516,1,1,1,0,1,1,0,1,1,1,1,1
11/3/2025 18:43,1.4081,1.17,0.0375,1.1425,1.2378,1.4081,1.17,1.1425,1.85,23.8588,2.1567,48.3313,48.3313,48.3313,23.8588,2.1567,,,,46.1746,21.7021,22.0088,22.6888,22.4507,1,1,1,0,1,1,0,1,1,1,1,1
11/3/2025 18:47,1.4156,1.1684,0.0362,1.1375,1.24035,1.4156,1.1684,1.1375,1.775,23.8899,2.1512,48.1813,48.1813,48.1813,23.8899,2.1512,,,,46.0301,21.7387,22.1149,22.7215,22.4743,1,1,1,0,1,1,0,1,1,1,1,1
11/3/2025 18:53,1.4025,1.1688,0.0375,1.1425,1.235,1.4025,1.1688,1.1425,1.8,23.8956,2.1567,48.2625,48.2625,48.2625,23.8956,2.1567,,,,46.1058,21.7389,22.0956,22.7268,22.4931,1,1,1,0,1,1,0,1,1,1,1,1
11/3/2025 18:58,1.4041,1.1691,0.0375,1.1475,1.2383,1.4041,1.1691,1.1475,1.725,23.8899,2.1549,48.425,48.425,48.425,23.8899,2.1549,,,,46.2701,21.735,22.1649,22.7208,22.4858,1,1,1,0,1,1,0,1,1,1,1,1
11/3/2025 19:03,1.4075,1.1684,0.0362,1.1538,1.24445,1.4075,1.1684,1.1538,1.725,23.8419,2.1549,48.3313,48.3313,48.3313,23.8419,2.1549,,,,46.1764,21.687,22.1169,22.6735,22.4344,1,1,1,0,1,1,0,1,1,1,1,1
11/3/2025 19:08,1.4022,1.1684,0.0362,1.14,1.2349,1.4022,1.1684,1.14,1.75,23.8617,2.153,48.225,48.225,48.225,23.8617,2.153,,,,46.072,21.7087,22.1117,22.6933,22.4595,1,1,1,0,1,1,0,1,1,1,1,1
11/3/2025 19:13,1.4141,1.17,0.0375,1.1425,1.2408,1.4141,1.17,1.1425,1.75,23.873,2.1494,48.5,48.5,48.5,23.873,2.1494,,,,46.3506,21.7236,22.123,22.703,22.4589,1,1,1,0,1,1,0,1,1,1,1,1
11/3/2025 19:17,1.4122,1.1713,0.0362,1.1287,1.23425,1.4122,1.1713,1.1287,1.725,23.8786,2.153,48.3313,48.3313,48.3313,23.8786,2.153,,,,46.1783,21.7256,22.1536,22.7073,22.4664,1,1,1,0,1,1,0,1,1,1,1,1
11/3/2025 19:23,1.4075,1.1694,0.04,1.135,1.23125,1.4075,1.1694,1.135,1.725,23.873,2.1567,48.1875,48.1875,48.1875,23.873,2.1567,,,,46.0308,21.7163,22.148,22.7036,22.4655,1,1,1,0,1,1,0,1,1,1,1,1
11/3/2025 19:28,1.4159,1.1691,0.0375,1.1587,1.2498,1.4159,1.1691,1.1587,1.75,23.8362,2.1512,48.1188,48.1188,48.1188,23.8362,2.1512,,,,45.9676,21.685,22.0862,22.6671,22.4203,1,1,1,0,1,1,0,1,1,1,1,1
11/3/2025 19:33,1.4075,1.1675,0.0362,1.1413,1.2382,1.4075,1.1675,1.1413,1.675,23.8645,2.1567,48.125,48.125,48.125,23.8645,2.1567,,,,45.9683,21.7078,22.1895,22.697,22.457,1,1,1,0,1,1,0,1,1,1,1,1
11/3/2025 19:38,1.4075,1.1688,0.0375,1.145,1.23875,1.4075,1.1688,1.145,1.85,23.8786,2.1512,48.525,48.525,48.525,23.8786,2.1512,,,,46.3738,21.7274,22.0286,22.7098,22.4711,1,1,1,0,1,1,0,1,1,1,1,1
11/3/2025 19:43,1.4141,1.1703,0.0375,1.175,1.25705,1.4141,1.1703,1.175,1.775,23.8701,2.1512,48.1063,48.1063,48.1063,23.8701,2.1512,,,,45.9551,21.7189,22.0951,22.6998,22.456,1,1,1,0,1,1,0,1,1,1,1,1
11/3/2025 19:47,1.4106,1.1709,0.0362,1.1387,1.23845,1.4106,1.1709,1.1387,1.775,23.8475,2.1494,48.3375,48.3375,48.3375,23.8475,2.1494,,,,46.1881,21.6981,22.0725,22.6766,22.4369,1,1,1,0,1,1,0,1,1,1,1,1
11/3/2025 19:53,1.4038,1.1672,0.0375,1.2038,1.2663,1.4038,1.1672,1.2038,1.8,23.8956,2.1512,48.175,48.175,48.175,23.8956,2.1512,,,,46.0238,21.7444,22.0956,22.7284,22.4918,1,1,1,0,1,1,0,1,1,1,1,1
11/3/2025 19:58,1.4109,1.1675,0.0338,1.1788,1.26105,1.4109,1.1675,1.1788,1.775,23.8843,2.153,48.0938,48.0938,48.0938,23.8843,2.153,,,,45.9408,21.7313,22.1093,22.7168,22.4734,1,1,1,0,1,1,0,1,1,1,1,1
11/3/2025 20:03,1.4134,1.1669,0.0375,1.1725,1.25545,1.4134,1.1669,1.1725,1.75,23.873,2.1549,48.4125,48.4125,48.4125,23.873,2.1549,,,,46.2576,21.7181,22.123,22.7061,22.4596,1,1,1,0,1,1,0,1,1,1,1,1
11/3/2025 20:08,1.4091,1.1688,0.0313,1.1638,1.25515,1.4091,1.1688,1.1638,1.75,23.8927,2.1476,48.1688,48.1688,48.1688,23.8927,2.1476,,,,46.0212,21.7451,22.1427,22.7239,22.4836,1,1,1,0,1,1,0,1,1,1,1,1
11/3/2025 20:13,1.4003,1.1688,0.035,1.1575,1.2439,1.4003,1.1688,1.1575,1.675,23.8843,2.153,48.4688,48.4688,48.4688,23.8843,2.153,,,,46.3158,21.7313,22.2093,22.7155,22.484,1,1,1,0,1,1,0,1,1,1,1,1
11/3/2025 20:17,1.4125,1.1694,0.0362,1.145,1.24255,1.4125,1.1694,1.145,1.65,23.8758,2.1603,48.2813,48.2813,48.2813,23.8758,2.1603,,,,46.121,21.7155,22.2258,22.7064,22.4633,1,1,1,0,1,1,0,1,1,1,1,1
11/3/2025 20:23,1.4078,1.1691,0.04,1.145,1.2364,1.4078,1.1691,1.145,1.675,23.8871,2.1567,48.4125,48.4125,48.4125,23.8871,2.1567,,,,46.2558,21.7304,22.2121,22.718,22.4793,1,1,1,0,1,1,0,1,1,1,1,1
11/3/2025 20:28,1.4134,1.1691,0.035,1.1525,1.24795,1.4134,1.1691,1.1525,1.725,23.8956,2.1476,48.2375,48.2375,48.2375,23.8956,2.1476,,,,46.0899,21.748,22.1706,22.7265,22.4822,1,1,1,0,1,1,0,1,1,1,1,1
11/3/2025 20:33,1.4094,1.1678,0.035,1.1475,1.24345,1.4094,1.1678,1.1475,1.675,23.8673,2.1585,48.2813,48.2813,48.2813,23.8673,2.1585,,,,46.1228,21.7088,22.1923,22.6995,22.4579,1,1,1,0,1,1,0,1,1,1,1,1
11/3/2025 20:38,1.4097,1.1675,0.0375,1.1125,1.2236,1.4097,1.1675,1.1125,1.75,23.856,2.1494,48.2313,48.2313,48.2313,23.856,2.1494,,,,46.0819,21.7066,22.106,22.6885,22.4463,1,1,1,0,1,1,0,1,1,1,1,1
11/3/2025 20:43,1.4128,1.1684,0.04,1.1387,1.23575,1.4128,1.1684,1.1387,1.75,23.856,2.1621,48.3375,48.3375,48.3375,23.856,2.1621,,,,46.1754,21.6939,22.106,22.6876,22.4432,1,1,1,0,1,1,0,1,1,1,1,1
11/3/2025 20:48,1.4044,1.1697,0.04,1.1225,1.22345,1.4044,1.1697,1.1225,1.675,23.8984,2.1512,48.3938,48.3938,48.3938,23.8984,2.1512,,,,46.2426,21.7472,22.2234,22.7287,22.494,1,1,1,0,1,1,0,1,1,1,1,1
11/3/2025 20:52,1.4113,1.1675,0.0375,1.1013,1.2188,1.4113,1.1675,1.1013,1.75,23.8843,2.153,48.3,48.3,48.3,23.8843,2.153,,,,46.147,21.7313,22.1343,22.7168,22.473,1,1,1,0,1,1,0,1,1,1,1,1
11/3/2025 20:58,1.4116,1.1697,0.0362,1.1738,1.2565,1.4116,1.1697,1.1738,1.75,23.8617,2.153,48.3625,48.3625,48.3625,23.8617,2.153,,,,46.2095,21.7087,22.1117,22.692,22.4501,1,1,1,0,1,1,0,1,1,1,1,1
11/3/2025 21:03,1.4125,1.1681,0.0362,1.1525,1.2463,1.4125,1.1681,1.1525,1.725,23.8843,2.1549,48.3188,48.3188,48.3188,23.8843,2.1549,,,,46.1639,21.7294,22.1593,22.7162,22.4718,1,1,1,0,1,1,0,1,1,1,1,1
11/3/2025 21:08,1.4066,1.1659,0.04,1.1463,1.23645,1.4066,1.1659,1.1463,1.625,23.8843,2.1603,48.3375,48.3375,48.3375,23.8843,2.1603,,,,46.1772,21.724,22.2593,22.7184,22.4777,1,1,1,0,1,1,0,1,1,1,1,1
11/3/2025 21:13,1.4109,1.1672,0.0362,1.1587,1.2486,1.4109,1.1672,1.1587,1.675,23.8701,2.1567,48.1438,48.1438,48.1438,23.8701,2.1567,,,,45.9871,21.7134,22.1951,22.7029,22.4592,1,1,1,0,1,1,0,1,1,1,1,1
11/3/2025 21:18,1.4125,1.1703,0.04,1.1475,1.24,1.4125,1.1703,1.1475,1.625,23.8899,2.1549,48.1313,48.1313,48.1313,23.8899,2.1549,,,,45.9764,21.735,22.2649,22.7196,22.4774,1,1,1,0,1,1,0,1,1,1,1,1
11/3/2025 21:22,1.4122,1.1678,0.04,1.1675,1.24985,1.4122,1.1678,1.1675,1.65,23.9097,2.153,48.3563,48.3563,48.3563,23.9097,2.153,,,,46.2033,21.7567,22.2597,22.7419,22.4975,1,1,1,0,1,1,0,1,1,1,1,1
11/3/2025 21:28,1.4078,1.1688,0.0375,1.1263,1.22955,1.4078,1.1688,1.1263,1.675,23.8758,2.1549,48.5438,48.5438,48.5438,23.8758,2.1549,,,,46.3889,21.7209,22.2008,22.707,22.468,1,1,1,0,1,1,0,1,1,1,1,1
11/3/2025 21:33,1.4081,1.1681,0.04,1.1275,1.2278,1.4081,1.1681,1.1275,1.675,23.8814,2.1549,48.3938,48.3938,48.3938,23.8814,2.1549,,,,46.2389,21.7265,22.2064,22.7133,22.4733,1,1,1,0,1,1,0,1,1,1,1,1
11/3/2025 21:38,1.405,1.1694,0.04,1.1487,1.23685,1.405,1.1694,1.1487,1.675,23.8673,2.1639,48.4938,48.4938,48.4938,23.8673,2.1639,,,,46.3299,21.7034,22.1923,22.6979,22.4623,1,1,1,0,1,1,0,1,1,1,1,1
11/3/2025 21:43,1.41,1.1688,0.0362,1.12,1.2288,1.41,1.1688,1.12,1.725,23.8701,2.1585,48.4625,48.4625,48.4625,23.8701,2.1585,,,,46.304,21.7116,22.1451,22.7013,22.4601,1,1,1,0,1,1,0,1,1,1,1,1
11/3/2025 21:48,1.4044,1.1691,0.035,1.1513,1.24285,1.4044,1.1691,1.1513,1.65,23.8673,2.1585,48.3313,48.3313,48.3313,23.8673,2.1585,,,,46.1728,21.7088,22.2173,22.6982,22.4629,1,1,1,0,1,1,0,1,1,1,1,1
11/3/2025 21:52,1.4119,1.1672,0.04,1.155,1.24345,1.4119,1.1672,1.155,1.675,23.856,2.1567,48.4063,48.4063,48.4063,23.856,2.1567,,,,46.2496,21.6993,22.181,22.6888,22.4441,1,1,1,0,1,1,0,1,1,1,1,1
11/3/2025 21:58,1.4138,1.1675,0.04,1.1575,1.24565,1.4138,1.1675,1.1575,1.65,23.8758,2.1549,48.2688,48.2688,48.2688,23.8758,2.1549,,,,46.1139,21.7209,22.2258,22.7083,22.462,1,1,1,0,1,1,0,1,1,1,1,1
11/3/2025 22:03,1.4081,1.1659,0.035,1.165,1.25155,1.4081,1.1659,1.165,1.6,23.873,2.153,48.3,48.3,48.3,23.873,2.153,,,,46.147,21.72,22.273,22.7071,22.4649,1,1,1,0,1,1,0,1,1,1,1,1
11/3/2025 22:08,1.4175,1.1663,0.04,1.1325,1.235,1.4175,1.1663,1.1325,1.6,23.873,2.1494,48.0938,48.0938,48.0938,23.873,2.1494,,,,45.9444,21.7236,22.273,22.7067,22.4555,1,1,1,0,1,1,0,1,1,1,1,1
11/3/2025 22:13,1.4178,1.1675,0.04,1.1638,1.2508,1.4178,1.1675,1.1638,1.6,23.9125,2.1458,48.175,48.175,48.175,23.9125,2.1458,,,,46.0292,21.7667,22.3125,22.745,22.4947,1,1,1,0,1,1,0,1,1,1,1,1
11/3/2025 22:18,1.4184,1.1684,0.0375,1.1575,1.25045,1.4184,1.1684,1.1575,1.625,23.8758,2.1512,48.25,48.25,48.25,23.8758,2.1512,,,,46.0988,21.7246,22.2508,22.7074,22.4574,1,1,1,0,1,1,0,1,1,1,1,1
11/3/2025 22:22,1.4078,1.1675,0.0338,1.14,1.2401,1.4078,1.1675,1.14,1.65,23.8701,2.1585,48.1625,48.1625,48.1625,23.8701,2.1585,,,,46.004,21.7116,22.2201,22.7026,22.4623,1,1,1,0,1,1,0,1,1,1,1,1
11/3/2025 22:28,1.42,1.1688,0.04,1.1425,1.24125,1.42,1.1688,1.1425,1.65,23.8503,2.1476,48.25,48.25,48.25,23.8503,2.1476,,,,46.1024,21.7027,22.2003,22.6815,22.4303,1,1,1,0,1,1,0,1,1,1,1,1
11/3/2025 22:33,1.4097,1.1656,0.0375,1.1213,1.228,1.4097,1.1656,1.1213,1.675,23.8617,2.1494,48.3188,48.3188,48.3188,23.8617,2.1494,,,,46.1694,21.7123,22.1867,22.6961,22.452,1,1,1,0,1,1,0,1,1,1,1,1
11/3/2025 22:38,1.4156,1.1656,0.0375,1.125,1.2328,1.4156,1.1656,1.125,1.675,23.8532,2.1494,48.5188,48.5188,48.5188,23.8532,2.1494,,,,46.3694,21.7038,22.1782,22.6876,22.4376,1,1,1,0,1,1,0,1,1,1,1,1
11/3/2025 22:43,1.4181,1.1672,0.0362,1.09,1.21785,1.4181,1.1672,1.09,1.675,23.8786,2.153,48.4813,48.4813,48.4813,23.8786,2.153,,,,46.3283,21.7256,22.2036,22.7114,22.4605,1,1,1,0,1,1,0,1,1,1,1,1
11/3/2025 22:48,1.4116,1.1669,0.0362,1.1188,1.229,1.4116,1.1669,1.1188,1.675,23.8814,2.1458,48.3688,48.3688,48.3688,23.8814,2.1458,,,,46.223,21.7356,22.2064,22.7145,22.4698,1,1,1,0,1,1,0,1,1,1,1,1
11/3/2025 22:52,1.4078,1.1659,0.0375,1.1538,1.2433,1.4078,1.1659,1.1538,1.675,23.8588,2.1476,48.4188,48.4188,48.4188,23.8588,2.1476,,,,46.2712,21.7112,22.1838,22.6929,22.451,1,1,1,0,1,1,0,1,1,1,1,1
11/3/2025 22:58,1.4081,1.1675,0.035,1.1575,1.2478,1.4081,1.1675,1.1575,1.725,23.8673,2.153,48.3063,48.3063,48.3063,23.8673,2.153,,,,46.1533,21.7143,22.1423,22.6998,22.4592,1,1,1,0,1,1,0,1,1,1,1,1
11/3/2025 23:03,1.4147,1.1669,0.0375,1.1925,1.2661,1.4147,1.1669,1.1925,1.625,23.8786,2.1458,48.2188,48.2188,48.2188,23.8786,2.1458,,,,46.073,21.7328,22.2536,22.7117,22.4639,1,1,1,0,1,1,0,1,1,1,1,1
11/3/2025 23:08,1.4053,1.1656,0.0362,1.14,1.23645,1.4053,1.1656,1.14,1.625,23.8334,2.1512,48.4125,48.4125,48.4125,23.8334,2.1512,,,,46.2613,21.6822,22.2084,22.6678,22.4281,1,1,1,0,1,1,0,1,1,1,1,1
11/3/2025 23:13,1.41,1.1672,0.0362,1.1725,1.25505,1.41,1.1672,1.1725,1.625,23.8645,2.1476,48.35,48.35,48.35,23.8645,2.1476,,,,46.2024,21.7169,22.2395,22.6973,22.4545,1,1,1,0,1,1,0,1,1,1,1,1
11/3/2025 23:18,1.4075,1.1666,0.0362,1.1613,1.2482,1.4075,1.1666,1.1613,1.6,23.8786,2.1458,48.475,48.475,48.475,23.8786,2.1458,,,,46.3292,21.7328,22.2786,22.712,22.4711,1,1,1,0,1,1,0,1,1,1,1,1
11/3/2025 23:22,1.4144,1.1659,0.0375,1.1513,1.24535,1.4144,1.1659,1.1513,1.6,23.873,2.144,48.4625,48.4625,48.4625,23.873,2.144,,,,46.3185,21.729,22.273,22.7071,22.4586,1,1,1,0,1,1,0,1,1,1,1,1
11/3/2025 23:28,1.4106,1.1669,0.0375,1.1613,1.24845,1.4106,1.1669,1.1613,1.625,23.856,2.1549,48.2625,48.2625,48.2625,23.856,2.1549,,,,46.1076,21.7011,22.231,22.6891,22.4454,1,1,1,0,1,1,0,1,1,1,1,1
11/3/2025 23:33,1.415,1.1678,0.0413,1.1413,1.23685,1.415,1.1678,1.1413,1.625,23.873,2.1476,48.0438,48.0438,48.0438,23.873,2.1476,,,,45.8962,21.7254,22.248,22.7052,22.458,1,1,1,0,1,1,0,1,1,1,1,1
11/3/2025 23:38,1.4084,1.1666,0.0375,1.1275,1.23045,1.4084,1.1666,1.1275,1.65,23.873,2.1404,48.2188,48.2188,48.2188,23.873,2.1404,,,,46.0784,21.7326,22.223,22.7064,22.4646,1,1,1,0,1,1,0,1,1,1,1,1
11/3/2025 23:43,1.4144,1.1669,0.0375,1.12,1.2297,1.4144,1.1669,1.12,1.625,23.8701,2.1494,48.2125,48.2125,48.2125,23.8701,2.1494,,,,46.0631,21.7207,22.2451,22.7032,22.4557,1,1,1,0,1,1,0,1,1,1,1,1
11/3/2025 23:48,1.4113,1.1675,0.0362,1.1387,1.2388,1.4113,1.1675,1.1387,1.65,23.8927,2.153,48.3938,48.3938,48.3938,23.8927,2.153,,,,46.2408,21.7397,22.2427,22.7252,22.4814,1,1,1,0,1,1,0,1,1,1,1,1
11/3/2025 23:52,1.4184,1.1659,0.0338,1.1213,1.23605,1.4184,1.1659,1.1213,1.675,23.8786,2.1512,48.4563,48.4563,48.4563,23.8786,2.1512,,,,46.3051,21.7274,22.2036,22.7127,22.4602,1,1,1,0,1,1,0,1,1,1,1,1
11/3/2025 23:58,1.4175,1.1659,0.0338,1.1413,1.2456,1.4175,1.1659,1.1413,1.675,23.8532,2.1458,48.1563,48.1563,48.1563,23.8532,2.1458,,,,46.0105,21.7074,22.1782,22.6873,22.4357,1,1,1,0,1,1,0,1,1,1,1,1
11/4/2025 0:03,1.4047,1.1669,0.035,1.1225,1.2286,1.4047,1.1669,1.1225,1.725,23.8758,2.1512,48.35,48.35,48.35,23.8758,2.1512,,,,46.1988,21.7246,22.1508,22.7089,22.4711,1,1,1,0,1,1,0,1,1,1,1,1
11/4/2025 0:08,1.4147,1.1669,0.0375,1.1313,1.2355,1.4147,1.1669,1.1313,1.65,23.8475,2.1404,47.9813,47.9813,47.9813,23.8475,2.1404,,,,45.8409,21.7071,22.1975,22.6806,22.4328,1,1,1,0,1,1,0,1,1,1,1,1
11/4/2025 0:13,1.4106,1.1656,0.0362,1.1387,1.23845,1.4106,1.1656,1.1387,1.625,23.856,2.1512,48.6188,48.6188,48.6188,23.856,2.1512,,,,46.4676,21.7048,22.231,22.6904,22.4454,1,1,1,0,1,1,0,1,1,1,1,1
11/4/2025 0:18,1.4131,1.1669,0.04,1.1525,1.2428,1.4131,1.1669,1.1525,1.6,23.8617,2.1512,48.3813,48.3813,48.3813,23.8617,2.1512,,,,46.2301,21.7105,22.2617,22.6948,22.4486,1,1,1,0,1,1,0,1,1,1,1,1
11/4/2025 0:23,1.4197,1.1656,0.0338,1.12,1.23605,1.4197,1.1656,1.12,1.625,23.8843,2.1422,48.5813,48.5813,48.5813,23.8843,2.1422,,,,46.4391,21.7421,22.2593,22.7187,22.4646,1,1,1,0,1,1,0,1,1,1,1,1
11/4/2025 0:27,1.4203,1.1669,0.0375,1.1663,1.2558,1.4203,1.1669,1.1663,1.65,23.839,2.144,48.4625,48.4625,48.4625,23.839,2.144,,,,46.3185,21.695,22.189,22.6721,22.4187,1,1,1,0,1,1,0,1,1,1,1,1
11/4/2025 0:33,1.415,1.1675,0.0375,1.1263,1.23315,1.415,1.1675,1.1263,1.725,23.8786,2.144,48.4688,48.4688,48.4688,23.8786,2.144,,,,46.3248,21.7346,22.1536,22.7111,22.4636,1,1,1,0,1,1,0,1,1,1,1,1
11/4/2025 0:38,1.4031,1.1653,0.0375,1.1638,1.24595,1.4031,1.1653,1.1638,1.675,23.839,2.1494,48.7938,48.7938,48.7938,23.839,2.1494,,,,46.6444,21.6896,22.164,22.6737,22.4359,1,1,1,0,1,1,0,1,1,1,1,1
11/4/2025 0:43,1.4181,1.1681,0.0362,1.1525,1.2491,1.4181,1.1681,1.1525,1.725,23.8701,2.1512,48.5125,48.5125,48.5125,23.8701,2.1512,,,,46.3613,21.7189,22.1451,22.702,22.452,1,1,1,0,1,1,0,1,1,1,1,1
11/4/2025 0:48,1.4203,1.1653,0.0362,1.1638,1.25585,1.4203,1.1653,1.1638,1.725,23.8871,2.1494,48.6625,48.6625,48.6625,23.8871,2.1494,,,,46.5131,21.7377,22.1621,22.7218,22.4668,1,1,1,0,1,1,0,1,1,1,1,1
11/4/2025 0:53,1.4131,1.165,0.0362,1.1587,1.2497,1.4131,1.165,1.1587,1.65,23.8814,2.1476,48.7125,48.7125,48.7125,23.8814,2.1476,,,,46.5649,21.7338,22.2314,22.7164,22.4683,1,1,1,0,1,1,0,1,1,1,1,1
11/4/2025 0:57,1.4166,1.1653,0.035,1.1275,1.23705,1.4166,1.1653,1.1275,1.65,23.8786,2.1476,48.2063,48.2063,48.2063,23.8786,2.1476,,,,46.0587,21.731,22.2286,22.7133,22.462,1,1,1,0,1,1,0,1,1,1,1,1
11/4/2025 1:03,1.4125,1.1659,0.04,1.1863,1.2594,1.4125,1.1659,1.1863,1.725,23.8645,2.1476,48.4,48.4,48.4,23.8645,2.1476,,,,46.2524,21.7169,22.1395,22.6986,22.452,1,1,1,0,1,1,0,1,1,1,1,1
11/4/2025 1:08,1.4172,1.1666,0.0425,1.1638,1.248,1.4172,1.1666,1.1638,1.675,23.8475,2.1494,48.3813,48.3813,48.3813,23.8475,2.1494,,,,46.2319,21.6981,22.1725,22.6809,22.4303,1,1,1,0,1,1,0,1,1,1,1,1
11/4/2025 1:13,1.415,1.1644,0.04,1.175,1.255,1.415,1.1644,1.175,1.625,23.8645,2.144,48.45,48.45,48.45,23.8645,2.144,,,,46.306,21.7205,22.2395,22.7001,22.4495,1,1,1,0,1,1,0,1,1,1,1,1
11/4/2025 1:18,1.4138,1.1656,0.0362,1.1313,1.23635,1.4138,1.1656,1.1313,1.625,23.873,2.144,48.3063,48.3063,48.3063,23.873,2.144,,,,46.1623,21.729,22.248,22.7074,22.4592,1,1,1,0,1,1,0,1,1,1,1,1
11/4/2025 1:23,1.4191,1.1684,0.035,1.1375,1.2433,1.4191,1.1684,1.1375,1.6,23.8617,2.1422,48.4188,48.4188,48.4188,23.8617,2.1422,,,,46.2766,21.7195,22.2617,22.6933,22.4426,1,1,1,0,1,1,0,1,1,1,1,1
11/4/2025 1:27,1.4144,1.165,0.0362,1.145,1.2435,1.4144,1.165,1.145,1.6,23.8899,2.1458,48.4188,48.4188,48.4188,23.8899,2.1458,,,,46.273,21.7441,22.2899,22.7249,22.4755,1,1,1,0,1,1,0,1,1,1,1,1
11/4/2025 1:33,1.4172,1.165,0.0425,1.1713,1.25175,1.4172,1.165,1.1713,1.625,23.8843,2.144,48.475,48.475,48.475,23.8843,2.144,,,,46.331,21.7403,22.2593,22.7193,22.4671,1,1,1,0,1,1,0,1,1,1,1,1
11/4/2025 1:38,1.4119,1.1647,0.035,1.165,1.25345,1.4119,1.1647,1.165,1.625,23.8701,2.1494,48.3625,48.3625,48.3625,23.8701,2.1494,,,,46.2131,21.7207,22.2451,22.7054,22.4582,1,1,1,0,1,1,0,1,1,1,1,1
11/4/2025 1:43,1.4166,1.165,0.0362,1.1513,1.24775,1.4166,1.165,1.1513,1.675,23.8956,2.1512,48.525,48.525,48.525,23.8956,2.1512,,,,46.3738,21.7444,22.2206,22.7306,22.479,1,1,1,0,1,1,0,1,1,1,1,1
11/4/2025 1:48,1.4156,1.1656,0.0413,1.115,1.224,1.4156,1.1656,1.115,1.675,23.8447,2.1458,48.3813,48.3813,48.3813,23.8447,2.1458,,,,46.2355,21.6989,22.1697,22.6791,22.4291,1,1,1,0,1,1,0,1,1,1,1,1
11/4/2025 1:53,0.0219,1.1634,0.0288,0.0663,0.0153,0.0219,1.1634,0.0663,1.65,0,-0.0036,-0.3313,-0.3313,-0.3313,0,0.0036,,,,-0.3349,-0.0036,-1.65,-1.1634,-0.0219,1,1,1,0,1,1,0,1,1,1,1,1
11/4/2025 1:57,-0.02,1.1641,0,0,-0.01,-0.02,1.1641,0,1.675,0.0028,-0.0072,-0.175,-0.175,-0.175,0.0028,0.0072,,,,-0.1822,-0.0044,-1.6722,-1.1613,0.0228,1,1,1,0,1,1,0,1,1,1,1,1
11/4/2025 9:57,1.3916,1.1678,0.0288,1.1225,1.22825,1.3916,1.1678,1.1225,1.625,23.5846,2.1946,47.5,47.5,47.5,23.5846,2.1946,,,,45.3054,21.39,21.9596,22.4168,22.193,1,1,1,0,1,1,0,1,1,1,1,1
11/4/2025 10:02,1.4334,1.1834,0.0238,1.1538,1.2698,1.4334,1.1834,1.1538,1.625,23.9069,2.0483,48.725,48.725,48.725,23.9069,2.0483,,,,46.6767,21.8586,22.2819,22.7235,22.4735,1,1,1,0,1,1,0,1,1,1,1,1
11/4/2025 10:07,1.435,1.1675,0.03,1.1475,1.26125,1.435,1.1675,1.1475,1.625,23.8673,2.0682,48.7938,48.7938,48.7938,23.8673,2.0682,,,,46.7256,21.7991,22.2423,22.6998,22.4323,1,1,1,0,1,1,0,1,1,1,1,1
11/4/2025 10:12,1.4353,1.1638,0.03,1.1387,1.257,1.4353,1.1638,1.1387,1.6,23.8645,2.0826,48.8125,48.8125,48.8125,23.8645,2.0826,,,,46.7299,21.7819,22.2645,22.7007,22.4292,1,1,1,0,1,1,0,1,1,1,1,1
11/4/2025 10:17,1.4372,1.1613,0.0288,1.1325,1.25605,1.4372,1.1613,1.1325,1.625,23.8927,2.0934,48.9313,48.9313,48.9313,23.8927,2.0934,,,,46.8379,21.7993,22.2677,22.7314,22.4555,1,1,1,0,1,1,0,1,1,1,1,1
11/4/2025 10:22,1.4375,1.1597,0.0338,1.1025,1.2362,1.4375,1.1597,1.1025,1.6,23.8673,2.0971,48.9438,48.9438,48.9438,23.8673,2.0971,,,,46.8467,21.7702,22.2673,22.7076,22.4298,1,1,1,0,1,1,0,1,1,1,1,1
11/4/2025 10:27,1.4422,1.1587,0.0338,1.1075,1.24105,1.4422,1.1587,1.1075,1.6,23.8447,2.1061,48.825,48.825,48.825,23.8447,2.1061,,,,46.7189,21.7386,22.2447,22.686,22.4025,1,1,1,0,1,1,0,1,1,1,1,1
11/4/2025 10:32,1.4338,1.1606,0.0313,1.1387,1.25495,1.4338,1.1606,1.1387,1.525,23.8334,2.1079,49.0188,49.0188,49.0188,23.8334,2.1079,,,,46.9109,21.7255,22.3084,22.6728,22.3996,1,1,1,0,1,1,0,1,1,1,1,1
11/4/2025 10:37,1.4406,1.1628,0.03,1.145,1.2628,1.4406,1.1628,1.145,1.525,23.8645,2.1007,48.9125,48.9125,48.9125,23.8645,2.1007,,,,46.8118,21.7638,22.3395,22.7017,22.4239,1,1,1,0,1,1,0,1,1,1,1,1
11/4/2025 10:42,1.4369,1.1628,0.0338,1.1375,1.2534,1.4369,1.1628,1.1375,1.575,23.8645,2.1097,48.7188,48.7188,48.7188,23.8645,2.1097,,,,46.6091,21.7548,22.2895,22.7017,22.4276,1,1,1,0,1,1,0,1,1,1,1,1
11/4/2025 10:47,1.4381,1.1634,0.03,1.1325,1.2553,1.4381,1.1634,1.1325,1.525,23.8588,2.1133,48.8,48.8,48.8,23.8588,2.1133,,,,46.6867,21.7455,22.3338,22.6954,22.4207,1,1,1,0,1,1,0,1,1,1,1,1
11/4/2025 10:52,1.4363,1.1622,0.035,1.1425,1.2544,1.4363,1.1622,1.1425,1.6,23.8532,2.1133,48.6875,48.6875,48.6875,23.8532,2.1133,,,,46.5742,21.7399,22.2532,22.691,22.4169,1,1,1,0,1,1,0,1,1,1,1,1
11/4/2025 10:57,1.4322,1.1619,0.0338,1.1587,1.26165,1.4322,1.1619,1.1587,1.6,23.8249,2.1061,48.825,48.825,48.825,23.8249,2.1061,,,,46.7189,21.7188,22.2249,22.663,22.3927,1,1,1,0,1,1,0,1,1,1,1,1
11/4/2025 11:02,1.4369,1.1628,0.03,1.1263,1.2516,1.4369,1.1628,1.1263,1.525,23.8503,2.1061,48.5875,48.5875,48.5875,23.8503,2.1061,,,,46.4814,21.7442,22.3253,22.6875,22.4134,1,1,1,0,1,1,0,1,1,1,1,1
11/4/2025 11:07,1.4359,1.1609,0.0288,1.1413,1.2598,1.4359,1.1609,1.1413,1.525,23.839,2.1079,48.6438,48.6438,48.6438,23.839,2.1079,,,,46.5359,21.7311,22.314,22.6781,22.4031,1,1,1,0,1,1,0,1,1,1,1,1
11/4/2025 11:12,1.4341,1.1616,0.03,1.1338,1.25395,1.4341,1.1616,1.1338,1.525,23.8673,2.1079,48.6375,48.6375,48.6375,23.8673,2.1079,,,,46.5296,21.7594,22.3423,22.7057,22.4332,1,1,1,0,1,1,0,1,1,1,1,1
11/4/2025 11:17,1.4303,1.1622,0.0338,1.1225,1.2426,1.4303,1.1622,1.1225,1.6,23.8334,2.1079,48.575,48.575,48.575,23.8334,2.1079,,,,46.4671,21.7255,22.2334,22.6712,22.4031,1,1,1,0,1,1,0,1,1,1,1,1
11/4/2025 11:22,1.4406,1.1647,0.03,1.1587,1.26965,1.4406,1.1647,1.1587,1.525,23.8673,2.1115,48.5688,48.5688,48.5688,23.8673,2.1115,,,,46.4573,21.7558,22.3423,22.7026,22.4267,1,1,1,0,1,1,0,1,1,1,1,1
11/4/2025 11:27,1.4334,1.1638,0.03,1.14,1.2567,1.4334,1.1638,1.14,1.6,23.8475,2.1223,48.7563,48.7563,48.7563,23.8475,2.1223,,,,46.634,21.7252,22.2475,22.6837,22.4141,1,1,1,0,1,1,0,1,1,1,1,1
11/4/2025 11:32,1.4313,1.1597,0.0313,1.1263,1.2475,1.4313,1.1597,1.1263,1.575,23.8334,2.1079,48.7813,48.7813,48.7813,23.8334,2.1079,,,,46.6734,21.7255,22.2584,22.6737,22.4021,1,1,1,0,1,1,0,1,1,1,1,1
11/4/2025 11:37,1.4381,1.1653,0.0288,1.125,1.25275,1.4381,1.1653,1.125,1.525,23.8645,2.1133,48.7063,48.7063,48.7063,23.8645,2.1133,,,,46.593,21.7512,22.3395,22.6992,22.4264,1,1,1,0,1,1,0,1,1,1,1,1
11/4/2025 11:42,1.4278,1.1647,0.0288,1.1263,1.24825,1.4278,1.1647,1.1263,1.525,23.839,2.1079,48.725,48.725,48.725,23.839,2.1079,,,,46.6171,21.7311,22.314,22.6743,22.4112,1,1,1,0,1,1,0,1,1,1,1,1
11/4/2025 11:47,1.4313,1.1628,0.0338,1.1487,1.2562,1.4313,1.1628,1.1487,1.6,23.8475,2.1223,48.7438,48.7438,48.7438,23.8475,2.1223,,,,46.6215,21.7252,22.2475,22.6847,22.4162,1,1,1,0,1,1,0,1,1,1,1,1
11/4/2025 11:52,1.4359,1.1644,0.03,1.1375,1.2567,1.4359,1.1644,1.1375,1.525,23.8588,2.1115,48.725,48.725,48.725,23.8588,2.1115,,,,46.6135,21.7473,22.3338,22.6944,22.4229,1,1,1,0,1,1,0,1,1,1,1,1
11/4/2025 11:57,1.4356,1.1631,0.0313,1.1075,1.24025,1.4356,1.1631,1.1075,1.575,23.8588,2.1115,48.5875,48.5875,48.5875,23.8588,2.1115,,,,46.476,21.7473,22.2838,22.6957,22.4232,1,1,1,0,1,1,0,1,1,1,1,1
11/4/2025 12:02,1.4325,1.1613,0.0275,1.135,1.25625,1.4325,1.1613,1.135,1.6,23.8645,2.1205,48.9813,48.9813,48.9813,23.8645,2.1205,,,,46.8608,21.744,22.2645,22.7032,22.432,1,1,1,0,1,1,0,1,1,1,1,1
11/4/2025 12:07,1.4291,1.1622,0.0288,1.1425,1.257,1.4291,1.1622,1.1425,1.6,23.8927,2.1205,48.9563,48.9563,48.9563,23.8927,2.1205,,,,46.8358,21.7722,22.2927,22.7305,22.4636,1,1,1,0,1,1,0,1,1,1,1,1
11/4/2025 12:12,1.4322,1.1616,0.0313,1.155,1.2623,1.4322,1.1616,1.155,1.575,23.8956,2.1115,48.725,48.725,48.725,23.8956,2.1115,,,,46.6135,21.7841,22.3206,22.734,22.4634,1,1,1,0,1,1,0,1,1,1,1,1
11/4/2025 12:17,1.4356,1.1628,0.035,1.1638,1.2647,1.4356,1.1628,1.1638,1.575,23.8843,2.126,48.6875,48.6875,48.6875,23.8843,2.126,,,,46.5615,21.7583,22.3093,22.7215,22.4487,1,1,1,0,1,1,0,1,1,1,1,1
11/4/2025 12:22,1.4325,1.1638,0.0288,1.1487,1.2618,1.4325,1.1638,1.1487,1.575,23.8758,2.1151,48.575,48.575,48.575,23.8758,2.1151,,,,46.4599,21.7607,22.3008,22.712,22.4433,1,1,1,0,1,1,0,1,1,1,1,1
11/4/2025 12:27,1.4331,1.1628,0.0288,1.1425,1.259,1.4331,1.1628,1.1425,1.525,23.873,2.1133,48.6813,48.6813,48.6813,23.873,2.1133,,,,46.568,21.7597,22.348,22.7102,22.4399,1,1,1,0,1,1,0,1,1,1,1,1
11/4/2025 12:32,1.4334,1.1638,0.03,1.1538,1.2636,1.4334,1.1638,1.1538,1.575,23.8475,2.1223,48.7625,48.7625,48.7625,23.8475,2.1223,,,,46.6402,21.7252,22.2725,22.6837,22.4141,1,1,1,0,1,1,0,1,1,1,1,1
11/4/2025 12:37,1.4328,1.1609,0.0275,1.1325,1.25515,1.4328,1.1609,1.1325,1.575,23.8192,2.126,48.925,48.925,48.925,23.8192,2.126,,,,46.799,21.6932,22.2442,22.6583,22.3864,1,1,1,0,1,1,0,1,1,1,1,1
11/4/2025 12:42,1.4266,1.1606,0.03,1.1275,1.24705,1.4266,1.1606,1.1275,1.625,23.856,2.1223,48.8813,48.8813,48.8813,23.856,2.1223,,,,46.759,21.7337,22.231,22.6954,22.4294,1,1,1,0,1,1,0,1,1,1,1,1
11/4/2025 12:47,1.4341,1.1631,0.0288,1.1213,1.2489,1.4341,1.1631,1.1213,1.575,23.8277,2.1151,48.7313,48.7313,48.7313,23.8277,2.1151,,,,46.6162,21.7126,22.2527,22.6646,22.3936,1,1,1,0,1,1,0,1,1,1,1,1
11/4/2025 12:52,1.4231,1.1625,0.0288,1.1163,1.2409,1.4231,1.1625,1.1163,1.6,23.8617,2.1133,48.5563,48.5563,48.5563,23.8617,2.1133,,,,46.443,21.7484,22.2617,22.6992,22.4386,1,1,1,0,1,1,0,1,1,1,1,1
11/4/2025 12:57,1.4231,1.1628,0.0288,1.1387,1.2521,1.4231,1.1628,1.1387,1.625,23.8899,2.1151,48.5625,48.5625,48.5625,23.8899,2.1151,,,,46.4474,21.7748,22.2649,22.7271,22.4668,1,1,1,0,1,1,0,1,1,1,1,1
11/4/2025 13:02,1.4247,1.1622,0.0275,1.1188,1.24425,1.4247,1.1622,1.1188,1.575,23.8532,2.1205,48.7375,48.7375,48.7375,23.8532,2.1205,,,,46.617,21.7327,22.2782,22.691,22.4285,1,1,1,0,1,1,0,1,1,1,1,1
11/4/2025 13:07,1.4297,1.1638,0.0313,1.12,1.24355,1.4297,1.1638,1.12,1.6,23.8588,2.1151,48.5875,48.5875,48.5875,23.8588,2.1151,,,,46.4724,21.7437,22.2588,22.695,22.4291,1,1,1,0,1,1,0,1,1,1,1,1
11/4/2025 13:12,1.4275,1.1669,0.03,1.17,1.26875,1.4275,1.1669,1.17,1.625,23.856,2.1187,48.575,48.575,48.575,23.856,2.1187,,,,46.4563,21.7373,22.231,22.6891,22.4285,1,1,1,0,1,1,0,1,1,1,1,1
11/4/2025 13:17,1.4288,1.1647,0.0313,1.14,1.2531,1.4288,1.1647,1.14,1.575,23.8475,2.1223,48.4313,48.4313,48.4313,23.8475,2.1223,,,,46.309,21.7252,22.2725,22.6828,22.4187,1,1,1,0,1,1,0,1,1,1,1,1
11/4/2025 13:22,1.4281,1.1659,0.0288,1.1163,1.2434,1.4281,1.1659,1.1163,1.6,23.8475,2.126,48.6,48.6,48.6,23.8475,2.126,,,,46.474,21.7215,22.2475,22.6816,22.4194,1,1,1,0,1,1,0,1,1,1,1,1
11/4/2025 13:27,1.4372,1.1666,0.0288,1.1413,1.26045,1.4372,1.1666,1.1413,1.575,23.8419,2.1314,48.5813,48.5813,48.5813,23.8419,2.1314,,,,46.4499,21.7105,22.2669,22.6753,22.4047,1,1,1,0,1,1,0,1,1,1,1,1
11/4/2025 13:32,1.4306,1.1641,0.0313,1.1213,1.24465,1.4306,1.1641,1.1213,1.6,23.8362,2.1241,48.6813,48.6813,48.6813,23.8362,2.1241,,,,46.5572,21.7121,22.2362,22.6721,22.4056,1,1,1,0,1,1,0,1,1,1,1,1
11/4/2025 13:37,1.4253,1.1644,0.0338,1.1225,1.2401,1.4253,1.1644,1.1225,1.575,23.839,2.126,48.6813,48.6813,48.6813,23.839,2.126,,,,46.5553,21.713,22.264,22.6746,22.4137,1,1,1,0,1,1,0,1,1,1,1,1
11/4/2025 13:42,1.4353,1.1656,0.03,1.1487,1.262,1.4353,1.1656,1.1487,1.6,23.8419,2.1223,48.65,48.65,48.65,23.8419,2.1223,,,,46.5277,21.7196,22.2419,22.6763,22.4066,1,1,1,0,1,1,0,1,1,1,1,1
11/4/2025 13:47,1.4325,1.1628,0.03,1.0938,1.23315,1.4325,1.1628,1.0938,1.6,23.8277,2.1241,48.525,48.525,48.525,23.8277,2.1241,,,,46.4009,21.7036,22.2277,22.6649,22.3952,1,1,1,0,1,1,0,1,1,1,1,1
11/4/2025 13:52,1.4319,1.1641,0.0338,1.0962,1.23025,1.4319,1.1641,1.0962,1.625,23.856,2.126,48.75,48.75,48.75,23.856,2.126,,,,46.624,21.73,22.231,22.6919,22.4241,1,1,1,0,1,1,0,1,1,1,1,1
11/4/2025 13:57,1.4222,1.1625,0.03,1.155,1.2586,1.4222,1.1625,1.155,1.65,23.8419,2.1187,48.5688,48.5688,48.5688,23.8419,2.1187,,,,46.4501,21.7232,22.1919,22.6794,22.4197,1,1,1,0,1,1,0,1,1,1,1,1
11/4/2025 14:02,1.4259,1.1609,0.03,1.1375,1.2517,1.4259,1.1609,1.1375,1.65,23.8334,2.126,48.7375,48.7375,48.7375,23.8334,2.126,,,,46.6115,21.7074,22.1834,22.6725,22.4075,1,1,1,0,1,1,0,1,1,1,1,1
11/4/2025 14:07,1.4303,1.1641,0.0338,1.1325,1.2476,1.4303,1.1641,1.1325,1.65,23.8617,2.1241,48.5438,48.5438,48.5438,23.8617,2.1241,,,,46.4197,21.7376,22.2117,22.6976,22.4314,1,1,1,0,1,1,0,1,1,1,1,1
11/4/2025 14:12,1.4325,1.1647,0.0288,1.1413,1.2581,1.4325,1.1647,1.1413,1.65,23.8588,2.126,48.6063,48.6063,48.6063,23.8588,2.126,,,,46.4803,21.7328,22.2088,22.6941,22.4263,1,1,1,0,1,1,0,1,1,1,1,1
11/4/2025 14:17,1.4347,1.1666,0.0262,1.175,1.27865,1.4347,1.1666,1.175,1.65,23.8617,2.1223,48.6688,48.6688,48.6688,23.8617,2.1223,,,,46.5465,21.7394,22.2117,22.6951,22.427,1,1,1,0,1,1,0,1,1,1,1,1
11/4/2025 14:22,1.4288,1.1622,0.0313,1.1387,1.25245,1.4288,1.1622,1.1387,1.675,23.8645,2.1296,48.7563,48.7563,48.7563,23.8645,2.1296,,,,46.6267,21.7349,22.1895,22.7023,22.4357,1,1,1,0,1,1,0,1,1,1,1,1
11/4/2025 14:27,1.4266,1.165,0.0275,1.115,1.2433,1.4266,1.165,1.115,1.65,23.8503,2.1223,48.7688,48.7688,48.7688,23.8503,2.1223,,,,46.6465,21.728,22.2003,22.6853,22.4237,1,1,1,0,1,1,0,1,1,1,1,1
11/4/2025 14:32,1.4356,1.1628,0.0275,1.125,1.2528,1.4356,1.1628,1.125,1.725,23.8475,2.126,48.7438,48.7438,48.7438,23.8475,2.126,,,,46.6178,21.7215,22.1225,22.6847,22.4119,1,1,1,0,1,1,0,1,1,1,1,1
11/4/2025 14:37,1.4356,1.1638,0.0338,1.1375,1.25275,1.4356,1.1638,1.1375,1.75,23.8617,2.1368,48.9688,48.9688,48.9688,23.8617,2.1368,,,,46.832,21.7249,22.1117,22.6979,22.4261,1,1,1,0,1,1,0,1,1,1,1,1
11/4/2025 14:42,1.43,1.1641,0.03,1.1188,1.2444,1.43,1.1641,1.1188,1.75,23.839,2.1332,48.575,48.575,48.575,23.839,2.1332,,,,46.4418,21.7058,22.089,22.6749,22.409,1,1,1,0,1,1,0,1,1,1,1,1
11/4/2025 14:47,1.4322,1.1619,0.0338,1.125,1.2448,1.4322,1.1619,1.125,1.775,23.8588,2.1296,48.7063,48.7063,48.7063,23.8588,2.1296,,,,46.5767,21.7292,22.0838,22.6969,22.4266,1,1,1,0,1,1,0,1,1,1,1,1
11/4/2025 14:52,1.4316,1.1638,0.0313,1.1188,1.2439,1.4316,1.1638,1.1188,1.725,23.873,2.1332,48.8563,48.8563,48.8563,23.873,2.1332,,,,46.7231,21.7398,22.148,22.7092,22.4414,1,1,1,0,1,1,0,1,1,1,1,1
11/4/2025 14:57,1.4306,1.1659,0.0313,1.1387,1.25335,1.4306,1.1659,1.1387,1.75,23.8306,2.135,48.5375,48.5375,48.5375,23.8306,2.135,,,,46.4025,21.6956,22.0806,22.6647,22.4,1,1,1,0,1,1,0,1,1,1,1,1
11/4/2025 15:02,1.4344,1.1641,0.0338,1.1287,1.24775,1.4344,1.1641,1.1287,1.725,23.8617,2.1296,48.5438,48.5438,48.5438,23.8617,2.1296,,,,46.4142,21.7321,22.1367,22.6976,22.4273,1,1,1,0,1,1,0,1,1,1,1,1
11/4/2025 15:07,1.4266,1.1644,0.0288,1.1125,1.24075,1.4266,1.1644,1.1125,1.65,23.8617,2.126,48.5875,48.5875,48.5875,23.8617,2.126,,,,46.4615,21.7357,22.2117,22.6973,22.4351,1,1,1,0,1,1,0,1,1,1,1,1
11/4/2025 15:12,1.4306,1.1647,0.0275,1.1375,1.25655,1.4306,1.1647,1.1375,1.65,23.8419,2.1278,48.525,48.525,48.525,23.8419,2.1278,,,,46.3972,21.7141,22.1919,22.6772,22.4113,1,1,1,0,1,1,0,1,1,1,1,1
11/4/2025 15:17,1.4269,1.1644,0.0313,1.1113,1.2378,1.4269,1.1644,1.1113,1.725,23.8617,2.1296,48.7188,48.7188,48.7188,23.8617,2.1296,,,,46.5892,21.7321,22.1367,22.6973,22.4348,1,1,1,0,1,1,0,1,1,1,1,1
11/4/2025 15:22,1.4309,1.1634,0.0338,1.1638,1.26355,1.4309,1.1634,1.1638,1.65,23.8475,2.1296,48.8,48.8,48.8,23.8475,2.1296,,,,46.6704,21.7179,22.1975,22.6841,22.4166,1,1,1,0,1,1,0,1,1,1,1,1
11/4/2025 15:27,1.4306,1.1647,0.0338,1.1413,1.25215,1.4306,1.1647,1.1413,1.65,23.8419,2.1368,48.6188,48.6188,48.6188,23.8419,2.1368,,,,46.482,21.7051,22.1919,22.6772,22.4113,1,1,1,0,1,1,0,1,1,1,1,1
11/4/2025 15:32,1.4363,1.1638,0.0313,1.1375,1.2556,1.4363,1.1638,1.1375,1.6,23.8334,2.1296,48.4625,48.4625,48.4625,23.8334,2.1296,,,,46.3329,21.7038,22.2334,22.6696,22.3971,1,1,1,0,1,1,0,1,1,1,1,1
11/4/2025 15:37,1.4278,1.1644,0.0338,1.145,1.2526,1.4278,1.1644,1.145,1.65,23.8532,2.1241,48.5938,48.5938,48.5938,23.8532,2.1241,,,,46.4697,21.7291,22.2032,22.6888,22.4254,1,1,1,0,1,1,0,1,1,1,1,1
11/4/2025 15:42,1.4334,1.1641,0.0313,1.1413,1.25605,1.4334,1.1641,1.1413,1.65,23.8419,2.1314,48.5625,48.5625,48.5625,23.8419,2.1314,,,,46.4311,21.7105,22.1919,22.6778,22.4085,1,1,1,0,1,1,0,1,1,1,1,1
11/4/2025 15:47,1.4288,1.165,0.03,1.1375,1.25315,1.4288,1.165,1.1375,1.725,23.8503,2.1332,48.6625,48.6625,48.6625,23.8503,2.1332,,,,46.5293,21.7171,22.1253,22.6853,22.4215,1,1,1,0,1,1,0,1,1,1,1,1
11/4/2025 15:52,1.4347,1.1653,0.0288,1.145,1.26105,1.4347,1.1653,1.145,1.675,23.839,2.1314,48.8188,48.8188,48.8188,23.839,2.1314,,,,46.6874,21.7076,22.164,22.6737,22.4043,1,1,1,0,1,1,0,1,1,1,1,1
11/4/2025 15:57,1.4303,1.1641,0.0313,1.1263,1.247,1.4303,1.1641,1.1263,1.725,23.8277,2.1278,48.7375,48.7375,48.7375,23.8277,2.1278,,,,46.6097,21.6999,22.1027,22.6636,22.3974,1,1,1,0,1,1,0,1,1,1,1,1
11/4/2025 16:02,1.4247,1.1638,0.0338,1.1287,1.2429,1.4247,1.1638,1.1287,1.725,23.8758,2.1332,48.7938,48.7938,48.7938,23.8758,2.1332,,,,46.6606,21.7426,22.1508,22.712,22.4511,1,1,1,0,1,1,0,1,1,1,1,1
11/4/2025 16:07,1.4231,1.1659,0.0288,1.1213,1.2434,1.4231,1.1659,1.1213,1.725,23.8475,2.1332,48.6188,48.6188,48.6188,23.8475,2.1332,,,,46.4856,21.7143,22.1225,22.6816,22.4244,1,1,1,0,1,1,0,1,1,1,1,1
11/4/2025 16:12,1.4316,1.1641,0.0288,1.1025,1.23825,1.4316,1.1641,1.1025,1.675,23.8617,2.126,49,49,49,23.8617,2.126,,,,46.874,21.7357,22.1867,22.6976,22.4301,1,1,1,0,1,1,0,1,1,1,1,1
11/4/2025 16:17,1.4294,1.1641,0.03,1.1475,1.25845,1.4294,1.1641,1.1475,1.65,23.8532,2.1314,48.7,48.7,48.7,23.8532,2.1314,,,,46.5686,21.7218,22.2032,22.6891,22.4238,1,1,1,0,1,1,0,1,1,1,1,1
11/4/2025 16:22,1.4328,1.1631,0.03,1.1188,1.2458,1.4328,1.1631,1.1188,1.775,23.8673,2.135,48.7188,48.7188,48.7188,23.8673,2.135,,,,46.5838,21.7323,22.0923,22.7042,22.4345,1,1,1,0,1,1,0,1,1,1,1,1
11/4/2025 16:27,1.4256,1.1634,0.03,1.1125,1.23905,1.4256,1.1634,1.1125,1.75,23.8673,2.1386,48.8438,48.8438,48.8438,23.8673,2.1386,,,,46.7052,21.7287,22.1173,22.7039,22.4417,1,1,1,0,1,1,0,1,1,1,1,1
11/4/2025 16:32,1.4319,1.1647,0.03,1.115,1.24345,1.4319,1.1647,1.115,1.775,23.8532,2.1314,48.6813,48.6813,48.6813,23.8532,2.1314,,,,46.5499,21.7218,22.0782,22.6885,22.4213,1,1,1,0,1,1,0,1,1,1,1,1
11/4/2025 16:37,1.4341,1.1634,0.03,1.125,1.24955,1.4341,1.1634,1.125,1.75,23.8503,2.135,48.8313,48.8313,48.8313,23.8503,2.135,,,,46.6963,21.7153,22.1003,22.6869,22.4162,1,1,1,0,1,1,0,1,1,1,1,1
11/4/2025 16:42,1.4328,1.1647,0.0313,1.125,1.2476,1.4328,1.1647,1.125,1.725,23.8277,2.1314,48.5938,48.5938,48.5938,23.8277,2.1314,,,,46.4624,21.6963,22.1027,22.663,22.3949,1,1,1,0,1,1,0,1,1,1,1,1
11/4/2025 16:47,1.4319,1.1628,0.03,1.155,1.26345,1.4319,1.1628,1.155,1.8,23.8701,2.1314,48.85,48.85,48.85,23.8701,2.1314,,,,46.7186,21.7387,22.0701,22.7073,22.4382,1,1,1,0,1,1,0,1,1,1,1,1
11/4/2025 16:52,1.4322,1.165,0.0288,1.16,1.2673,1.4322,1.165,1.16,1.85,23.8701,2.1278,48.6813,48.6813,48.6813,23.8701,2.1278,,,,46.5535,21.7423,22.0201,22.7051,22.4379,1,1,1,0,1,1,0,1,1,1,1,1
11/4/2025 16:57,1.4341,1.1625,0.0313,1.1213,1.2464,1.4341,1.1625,1.1213,1.8,23.8475,2.135,48.7313,48.7313,48.7313,23.8475,2.135,,,,46.5963,21.7125,22.0475,22.685,22.4134,1,1,1,0,1,1,0,1,1,1,1,1
11/4/2025 17:02,1.4316,1.1625,0.0313,1.1225,1.24575,1.4316,1.1625,1.1225,1.8,23.873,2.1386,48.5813,48.5813,48.5813,23.873,2.1386,,,,46.4427,21.7344,22.073,22.7105,22.4414,1,1,1,0,1,1,0,1,1,1,1,1
11/4/2025 17:07,1.4356,1.1628,0.03,1.1613,1.26845,1.4356,1.1628,1.1613,1.875,23.8617,2.1296,48.7063,48.7063,48.7063,23.8617,2.1296,,,,46.5767,21.7321,21.9867,22.6989,22.4261,1,1,1,0,1,1,0,1,1,1,1,1
11/4/2025 17:12,1.4372,1.1616,0.03,1.1287,1.25295,1.4372,1.1616,1.1287,1.725,23.856,2.1314,48.6938,48.6938,48.6938,23.856,2.1314,,,,46.5624,21.7246,22.131,22.6944,22.4188,1,1,1,0,1,1,0,1,1,1,1,1
11/4/2025 17:17,1.4291,1.1619,0.0313,1.1487,1.2576,1.4291,1.1619,1.1487,1.75,23.8588,2.1368,48.6375,48.6375,48.6375,23.8588,2.1368,,,,46.5007,21.722,22.1088,22.6969,22.4297,1,1,1,0,1,1,0,1,1,1,1,1
11/4/2025 17:22,1.4394,1.1609,0.0338,1.1463,1.25905,1.4394,1.1609,1.1463,1.725,23.8475,2.1296,48.7563,48.7563,48.7563,23.8475,2.1296,,,,46.6267,21.7179,22.1225,22.6866,22.4081,1,1,1,0,1,1,0,1,1,1,1,1
11/4/2025 17:27,1.4334,1.1641,0.0288,1.165,1.2704,1.4334,1.1641,1.165,1.75,23.856,2.1296,48.4938,48.4938,48.4938,23.856,2.1296,,,,46.3642,21.7264,22.106,22.6919,22.4226,1,1,1,0,1,1,0,1,1,1,1,1
11/4/2025 17:32,1.4447,1.1631,0.0262,1.1163,1.2543,1.4447,1.1631,1.1163,1.775,23.8503,2.1296,48.6563,48.6563,48.6563,23.8503,2.1296,,,,46.5267,21.7207,22.0753,22.6872,22.4056,1,1,1,0,1,1,0,1,1,1,1,1
11/4/2025 17:37,1.4375,1.16,0.0288,1.1513,1.2656,1.4375,1.16,1.1513,1.75,23.8645,2.135,48.7,48.7,48.7,23.8645,2.135,,,,46.565,21.7295,22.1145,22.7045,22.427,1,1,1,0,1,1,0,1,1,1,1,1
11/4/2025 17:42,1.4344,1.1625,0.0338,1.1413,1.25405,1.4344,1.1625,1.1413,1.75,23.8588,2.1332,48.6875,48.6875,48.6875,23.8588,2.1332,,,,46.5543,21.7256,22.1088,22.6963,22.4244,1,1,1,0,1,1,0,1,1,1,1,1
11/4/2025 17:47,1.4375,1.1622,0.0313,1.1213,1.2481,1.4375,1.1622,1.1213,1.85,23.856,2.1314,48.9625,48.9625,48.9625,23.856,2.1314,,,,46.8311,21.7246,22.006,22.6938,22.4185,1,1,1,0,1,1,0,1,1,1,1,1
11/4/2025 17:52,1.4394,1.1613,0.03,1.1375,1.25845,1.4394,1.1613,1.1375,1.8,23.8362,2.1296,48.8,48.8,48.8,23.8362,2.1296,,,,46.6704,21.7066,22.0362,22.6749,22.3968,1,1,1,0,1,1,0,1,1,1,1,1
11/4/2025 17:57,1.4384,1.1625,0.035,1.1213,1.24485,1.4384,1.1625,1.1213,1.75,23.8645,2.1314,49.0625,49.0625,49.0625,23.8645,2.1314,,,,46.9311,21.7331,22.1145,22.702,22.4261,1,1,1,0,1,1,0,1,1,1,1,1
11/4/2025 18:02,1.4375,1.1631,0.0288,1.1113,1.2456,1.4375,1.1631,1.1113,1.725,23.8673,2.1278,48.9438,48.9438,48.9438,23.8673,2.1278,,,,46.816,21.7395,22.1423,22.7042,22.4298,1,1,1,0,1,1,0,1,1,1,1,1
11/4/2025 18:07,1.4372,1.1619,0.0288,1.1325,1.25605,1.4372,1.1619,1.1325,1.725,23.8814,2.1314,48.6125,48.6125,48.6125,23.8814,2.1314,,,,46.4811,21.75,22.1564,22.7195,22.4442,1,1,1,0,1,1,0,1,1,1,1,1
11/4/2025 18:12,1.4406,1.1628,0.0288,1.1325,1.25775,1.4406,1.1628,1.1325,1.725,23.8701,2.1296,48.7563,48.7563,48.7563,23.8701,2.1296,,,,46.6267,21.7405,22.1451,22.7073,22.4295,1,1,1,0,1,1,0,1,1,1,1,1
11/4/2025 18:17,1.4316,1.1609,0.0313,1.1475,1.25825,1.4316,1.1609,1.1475,1.85,23.8475,2.1296,48.8813,48.8813,48.8813,23.8475,2.1296,,,,46.7517,21.7179,21.9975,22.6866,22.4159,1,1,1,0,1,1,0,1,1,1,1,1
11/4/2025 18:22,1.4328,1.1603,0.0338,1.1413,1.25325,1.4328,1.1603,1.1413,1.725,23.8588,2.1332,48.6125,48.6125,48.6125,23.8588,2.1332,,,,46.4793,21.7256,22.1338,22.6985,22.426,1,1,1,0,1,1,0,1,1,1,1,1
11/4/2025 18:27,1.44,1.1616,0.0338,1.1425,1.25745,1.44,1.1616,1.1425,1.75,23.8588,2.1314,49.0375,49.0375,49.0375,23.8588,2.1314,,,,46.9061,21.7274,22.1088,22.6972,22.4188,1,1,1,0,1,1,0,1,1,1,1,1
11/4/2025 18:32,1.4319,1.1625,0.0313,1.1188,1.24405,1.4319,1.1625,1.1188,1.725,23.8814,2.1332,48.7,48.7,48.7,23.8814,2.1332,,,,46.5668,21.7482,22.1564,22.7189,22.4495,1,1,1,0,1,1,0,1,1,1,1,1
11/4/2025 18:37,1.4359,1.1625,0.0262,1.1338,1.25865,1.4359,1.1625,1.1338,1.75,23.8701,2.135,48.5313,48.5313,48.5313,23.8701,2.135,,,,46.3963,21.7351,22.1201,22.7076,22.4342,1,1,1,0,1,1,0,1,1,1,1,1
11/4/2025 18:42,1.4381,1.1619,0.0288,1.145,1.26275,1.4381,1.1619,1.145,1.75,23.8532,2.1386,48.9563,48.9563,48.9563,23.8532,2.1386,,,,46.8177,21.7146,22.1032,22.6913,22.4151,1,1,1,0,1,1,0,1,1,1,1,1
11/4/2025 18:47,1.4406,1.1619,0.0338,1.1287,1.25085,1.4406,1.1619,1.1287,1.8,23.8645,2.1404,48.7813,48.7813,48.7813,23.8645,2.1404,,,,46.6409,21.7241,22.0645,22.7026,22.4239,1,1,1,0,1,1,0,1,1,1,1,1
11/4/2025 18:52,1.4388,1.1616,0.0313,1.1425,1.25935,1.4388,1.1616,1.1425,1.725,23.8617,2.1332,48.825,48.825,48.825,23.8617,2.1332,,,,46.6918,21.7285,22.1367,22.7001,22.4229,1,1,1,0,1,1,0,1,1,1,1,1
11/4/2025 18:57,1.4406,1.1634,0.03,1.1912,1.2859,1.4406,1.1634,1.1912,1.775,23.8814,2.1368,48.6688,48.6688,48.6688,23.8814,2.1368,,,,46.532,21.7446,22.1064,22.718,22.4408,1,1,1,0,1,1,0,1,1,1,1,1
11/4/2025 19:02,1.4347,1.1616,0.03,1.0962,1.23545,1.4347,1.1616,1.0962,1.75,23.8532,2.1296,48.8938,48.8938,48.8938,23.8532,2.1296,,,,46.7642,21.7236,22.1032,22.6916,22.4185,1,1,1,0,1,1,0,1,1,1,1,1
11/4/2025 19:07,1.4391,1.1619,0.03,1.1213,1.2502,1.4391,1.1619,1.1213,1.725,23.8645,2.1278,48.8,48.8,48.8,23.8645,2.1278,,,,46.6722,21.7367,22.1395,22.7026,22.4254,1,1,1,0,1,1,0,1,1,1,1,1
11/4/2025 19:12,1.4444,1.1625,0.0288,1.1075,1.24715,1.4444,1.1625,1.1075,1.725,23.8701,2.1296,48.8563,48.8563,48.8563,23.8701,2.1296,,,,46.7267,21.7405,22.1451,22.7076,22.4257,1,1,1,0,1,1,0,1,1,1,1,1
11/4/2025 19:17,1.4306,1.1606,0.0313,1.1375,1.25275,1.4306,1.1606,1.1375,1.725,23.8164,2.1368,48.7688,48.7688,48.7688,23.8164,2.1368,,,,46.632,21.6796,22.0914,22.6558,22.3858,1,1,1,0,1,1,0,1,1,1,1,1
11/4/2025 19:22,1.4416,1.1625,0.0313,1.125,1.252,1.4416,1.1625,1.125,1.675,23.8701,2.1368,48.675,48.675,48.675,23.8701,2.1368,,,,46.5382,21.7333,22.1951,22.7076,22.4285,1,1,1,0,1,1,0,1,1,1,1,1
11/4/2025 19:27,1.4366,1.1625,0.0288,1.1138,1.2464,1.4366,1.1625,1.1138,1.725,23.8814,2.1368,48.7375,48.7375,48.7375,23.8814,2.1368,,,,46.6007,21.7446,22.1564,22.7189,22.4448,1,1,1,0,1,1,0,1,1,1,1,1
11/4/2025 19:32,1.4363,1.1603,0.0313,1.1275,1.2506,1.4363,1.1603,1.1275,1.85,23.8701,2.1332,48.7438,48.7438,48.7438,23.8701,2.1332,,,,46.6106,21.7369,22.0201,22.7098,22.4338,1,1,1,0,1,1,0,1,1,1,1,1
11/4/2025 19:37,1.4372,1.1625,0.0313,1.14,1.2573,1.4372,1.1625,1.14,1.775,23.8758,2.1404,49.0188,49.0188,49.0188,23.8758,2.1404,,,,46.8784,21.7354,22.1008,22.7133,22.4386,1,1,1,0,1,1,0,1,1,1,1,1
11/4/2025 19:42,1.4397,1.1631,0.0262,1.1487,1.268,1.4397,1.1631,1.1487,1.775,23.8617,2.135,49.0813,49.0813,49.0813,23.8617,2.135,,,,46.9463,21.7267,22.0867,22.6986,22.422,1,1,1,0,1,1,0,1,1,1,1,1
11/4/2025 19:47,1.4416,1.1622,0.0288,1.1163,1.25015,1.4416,1.1622,1.1163,1.775,23.8617,2.135,48.8125,48.8125,48.8125,23.8617,2.135,,,,46.6775,21.7267,22.0867,22.6995,22.4201,1,1,1,0,1,1,0,1,1,1,1,1
11/4/2025 19:52,1.4438,1.1622,0.0313,1.1425,1.26185,1.4438,1.1622,1.1425,1.85,23.8786,2.1241,48.625,48.625,48.625,23.8786,2.1241,,,,46.5009,21.7545,22.0286,22.7164,22.4348,1,1,1,0,1,1,0,1,1,1,1,1
11/4/2025 19:57,1.4313,1.1616,0.03,1.1088,1.24005,1.4313,1.1616,1.1088,1.775,23.8419,2.144,48.7813,48.7813,48.7813,23.8419,2.144,,,,46.6373,21.6979,22.0669,22.6803,22.4106,1,1,1,0,1,1,0,1,1,1,1,1
11/4/2025 20:02,1.4409,1.1616,0.0288,1.1075,1.2454,1.4409,1.1616,1.1075,1.775,23.8532,2.1296,48.7313,48.7313,48.7313,23.8532,2.1296,,,,46.6017,21.7236,22.0782,22.6916,22.4123,1,1,1,0,1,1,0,1,1,1,1,1
11/4/2025 20:07,1.4403,1.1619,0.0313,1.1575,1.2676,1.4403,1.1619,1.1575,1.775,23.8221,2.1314,48.6875,48.6875,48.6875,23.8221,2.1314,,,,46.5561,21.6907,22.0471,22.6602,22.3818,1,1,1,0,1,1,0,1,1,1,1,1
11/4/2025 20:12,1.4381,1.1616,0.03,1.1225,1.2503,1.4381,1.1616,1.1225,1.775,23.8503,2.1296,48.7688,48.7688,48.7688,23.8503,2.1296,,,,46.6392,21.7207,22.0753,22.6887,22.4122,1,1,1,0,1,1,0,1,1,1,1,1
11/4/2025 20:17,1.445,1.1625,0.0313,1.1525,1.26745,1.445,1.1625,1.1525,1.85,23.8532,2.1386,48.9125,48.9125,48.9125,23.8532,2.1386,,,,46.7739,21.7146,22.0032,22.6907,22.4082,1,1,1,0,1,1,0,1,1,1,1,1
11/4/2025 20:22,1.4369,1.1622,0.0288,1.1413,1.2603,1.4369,1.1622,1.1413,1.775,23.8532,2.1278,48.7,48.7,48.7,23.8532,2.1278,,,,46.5722,21.7254,22.0782,22.691,22.4163,1,1,1,0,1,1,0,1,1,1,1,1
11/4/2025 20:27,1.435,1.1616,0.0275,1.1538,1.2669,1.435,1.1616,1.1538,1.775,23.8475,2.1386,48.9125,48.9125,48.9125,23.8475,2.1386,,,,46.7739,21.7089,22.0725,22.6859,22.4125,1,1,1,0,1,1,0,1,1,1,1,1
11/4/2025 20:32,1.4344,1.1609,0.0288,1.1138,1.2453,1.4344,1.1609,1.1138,1.675,23.8588,2.1278,48.6938,48.6938,48.6938,23.8588,2.1278,,,,46.566,21.731,22.1838,22.6979,22.4244,1,1,1,0,1,1,0,1,1,1,1,1
11/4/2025 20:37,1.4475,1.1603,0.0313,1.1425,1.2637,1.4475,1.1603,1.1425,1.75,23.8447,2.1386,48.9938,48.9938,48.9938,23.8447,2.1386,,,,46.8552,21.7061,22.0947,22.6844,22.3972,1,1,1,0,1,1,0,1,1,1,1,1
11/4/2025 20:42,1.4438,1.1597,0.0262,1.1575,1.27445,1.4438,1.1597,1.1575,1.75,23.8758,2.135,49.075,49.075,49.075,23.8758,2.135,,,,46.94,21.7408,22.1258,22.7161,22.432,1,1,1,0,1,1,0,1,1,1,1,1
11/4/2025 20:47,1.4475,1.1587,0.03,1.1675,1.2775,1.4475,1.1587,1.1675,1.725,23.8899,2.135,48.5813,48.5813,48.5813,23.8899,2.135,,,,46.4463,21.7549,22.1649,22.7312,22.4424,1,1,1,0,1,1,0,1,1,1,1,1
11/4/2025 20:52,1.4425,1.1597,0.0313,1.1163,1.2481,1.4425,1.1597,1.1163,1.675,23.8871,2.1314,48.9125,48.9125,48.9125,23.8871,2.1314,,,,46.7811,21.7557,22.2121,22.7274,22.4446,1,1,1,0,1,1,0,1,1,1,1,1
11/4/2025 20:57,1.4412,1.1619,0.03,1.1375,1.25935,1.4412,1.1619,1.1375,1.8,23.8419,2.1332,48.9313,48.9313,48.9313,23.8419,2.1332,,,,46.7981,21.7087,22.0419,22.68,22.4007,1,1,1,0,1,1,0,1,1,1,1,1
11/4/2025 21:02,1.4403,1.16,0.03,1.1163,1.2483,1.4403,1.16,1.1163,1.85,23.8532,2.135,48.775,48.775,48.775,23.8532,2.135,,,,46.64,21.7182,22.0032,22.6932,22.4129,1,1,1,0,1,1,0,1,1,1,1,1
11/4/2025 21:07,1.4475,1.1603,0.0275,1.12,1.25625,1.4475,1.1603,1.12,1.775,23.8814,2.1296,48.7,48.7,48.7,23.8814,2.1296,,,,46.5704,21.7518,22.1064,22.7211,22.4339,1,1,1,0,1,1,0,1,1,1,1,1
11/4/2025 21:12,1.4453,1.1606,0.03,1.1275,1.2564,1.4453,1.1606,1.1275,1.675,23.8532,2.1314,48.7375,48.7375,48.7375,23.8532,2.1314,,,,46.6061,21.7218,22.1782,22.6926,22.4079,1,1,1,0,1,1,0,1,1,1,1,1
11/4/2025 21:17,1.4403,1.1625,0.03,1.1138,1.24705,1.4403,1.1625,1.1138,1.675,23.8645,2.1296,48.8938,48.8938,48.8938,23.8645,2.1296,,,,46.7642,21.7349,22.1895,22.702,22.4242,1,1,1,0,1,1,0,1,1,1,1,1
11/4/2025 21:22,1.4428,1.1606,0.03,1.1263,1.25455,1.4428,1.1606,1.1263,1.725,23.8475,2.1332,48.925,48.925,48.925,23.8475,2.1332,,,,46.7918,21.7143,22.1225,22.6869,22.4047,1,1,1,0,1,1,0,1,1,1,1,1
11/4/2025 21:27,1.4438,1.1609,0.0313,1.1325,1.25685,1.4438,1.1609,1.1325,1.675,23.8588,2.1314,48.6438,48.6438,48.6438,23.8588,2.1314,,,,46.5124,21.7274,22.1838,22.6979,22.415,1,1,1,0,1,1,0,1,1,1,1,1
11/4/2025 21:32,1.4403,1.1603,0.0288,1.1575,1.2701,1.4403,1.1603,1.1575,1.675,23.8617,2.1386,48.625,48.625,48.625,23.8617,2.1386,,,,46.4864,21.7231,22.1867,22.7014,22.4214,1,1,1,0,1,1,0,1,1,1,1,1
11/4/2025 21:37,1.4444,1.1609,0.0275,1.1487,1.26905,1.4444,1.1609,1.1487,1.675,23.8503,2.1314,49.2188,49.2188,49.2188,23.8503,2.1314,,,,47.0874,21.7189,22.1753,22.6894,22.4059,1,1,1,0,1,1,0,1,1,1,1,1
11/4/2025 21:42,1.4422,1.1587,0.0313,1.1538,1.2667,1.4422,1.1587,1.1538,1.675,23.8673,2.1296,48.8063,48.8063,48.8063,23.8673,2.1296,,,,46.6767,21.7377,22.1923,22.7086,22.4251,1,1,1,0,1,1,0,1,1,1,1,1
11/4/2025 21:47,1.4475,1.16,0.0288,1.1287,1.2593,1.4475,1.16,1.1287,1.75,23.8617,2.1296,48.8625,48.8625,48.8625,23.8617,2.1296,,,,46.7329,21.7321,22.1117,22.7017,22.4142,1,1,1,0,1,1,0,1,1,1,1,1
11/4/2025 21:52,1.4447,1.1603,0.0338,1.1287,1.2529,1.4447,1.1603,1.1287,1.675,23.8475,2.1296,48.8125,48.8125,48.8125,23.8475,2.1296,,,,46.6829,21.7179,22.1725,22.6872,22.4028,1,1,1,0,1,1,0,1,1,1,1,1
11/4/2025 21:57,1.4391,1.1597,0.03,1.1338,1.25645,1.4391,1.1597,1.1338,1.75,23.8334,2.1241,48.6188,48.6188,48.6188,23.8334,2.1241,,,,46.4947,21.7093,22.0834,22.6737,22.3943,1,1,1,0,1,1,0,1,1,1,1,1
11/4/2025 22:02,1.4438,1.1587,0.0313,1.165,1.2731,1.4438,1.1587,1.165,1.8,23.8503,2.1332,48.8938,48.8938,48.8938,23.8503,2.1332,,,,46.7606,21.7171,22.0503,22.6916,22.4065,1,1,1,0,1,1,0,1,1,1,1,1
11/4/2025 22:07,1.4403,1.16,0.035,1.1575,1.2639,1.4403,1.16,1.1575,1.775,23.8588,2.1314,49.2375,49.2375,49.2375,23.8588,2.1314,,,,47.1061,21.7274,22.0838,22.6988,22.4185,1,1,1,0,1,1,0,1,1,1,1,1
11/4/2025 22:12,1.4431,1.1594,0.0313,1.115,1.24775,1.4431,1.1594,1.115,1.775,23.8532,2.1314,48.6938,48.6938,48.6938,23.8532,2.1314,,,,46.5624,21.7218,22.0782,22.6938,22.4101,1,1,1,0,1,1,0,1,1,1,1,1
11/4/2025 22:17,1.4372,1.1606,0.0338,1.125,1.2473,1.4372,1.1606,1.125,1.775,23.8503,2.1278,48.7125,48.7125,48.7125,23.8503,2.1278,,,,46.5847,21.7225,22.0753,22.6897,22.4131,1,1,1,0,1,1,0,1,1,1,1,1
11/4/2025 22:22,1.4403,1.1591,0.0313,1.1487,1.2632,1.4403,1.1591,1.1487,1.8,23.8588,2.1332,48.6875,48.6875,48.6875,23.8588,2.1332,,,,46.5543,21.7256,22.0588,22.6997,22.4185,1,1,1,0,1,1,0,1,1,1,1,1
11/4/2025 22:27,1.4403,1.16,0.0338,1.1013,1.237,1.4403,1.16,1.1013,1.75,23.8617,2.1314,48.8625,48.8625,48.8625,23.8617,2.1314,,,,46.7311,21.7303,22.1117,22.7017,22.4214,1,1,1,0,1,1,0,1,1,1,1,1
11/4/2025 22:32,1.4409,1.1613,0.035,1.1287,1.2498,1.4409,1.1613,1.1287,1.675,23.8673,2.1296,48.8313,48.8313,48.8313,23.8673,2.1296,,,,46.7017,21.7377,22.1923,22.706,22.4264,1,1,1,0,1,1,0,1,1,1,1,1
11/4/2025 22:37,1.4472,1.1594,0.0313,1.1088,1.2467,1.4472,1.1594,1.1088,1.675,23.873,2.144,49.1438,49.1438,49.1438,23.873,2.144,,,,46.9998,21.729,22.198,22.7136,22.4258,1,1,1,0,1,1,0,1,1,1,1,1
11/4/2025 22:42,1.4481,1.1616,0.0313,1.1425,1.264,1.4481,1.1616,1.1425,1.675,23.8588,2.1332,49.025,49.025,49.025,23.8588,2.1332,,,,46.8918,21.7256,22.1838,22.6972,22.4107,1,1,1,0,1,1,0,1,1,1,1,1
11/4/2025 22:47,1.4459,1.1603,0.035,1.1513,1.2636,1.4459,1.1603,1.1513,1.675,23.856,2.135,48.8438,48.8438,48.8438,23.856,2.135,,,,46.7088,21.721,22.181,22.6957,22.4101,1,1,1,0,1,1,0,1,1,1,1,1
11/4/2025 22:52,1.4384,1.1609,0.03,1.1263,1.25235,1.4384,1.1609,1.1263,1.75,23.856,2.1386,48.9125,48.9125,48.9125,23.856,2.1386,,,,46.7739,21.7174,22.106,22.6951,22.4176,1,1,1,0,1,1,0,1,1,1,1,1
11/4/2025 22:57,1.4378,1.1625,0.0338,1.1587,1.26445,1.4378,1.1625,1.1587,1.675,23.8786,2.1314,48.65,48.65,48.65,23.8786,2.1314,,,,46.5186,21.7472,22.2036,22.7161,22.4408,1,1,1,0,1,1,0,1,1,1,1,1
11/4/2025 23:02,1.4459,1.1597,0.03,1.115,1.25045,1.4459,1.1597,1.115,1.8,23.8588,2.1332,48.9,48.9,48.9,23.8588,2.1332,,,,46.7668,21.7256,22.0588,22.6991,22.4129,1,1,1,0,1,1,0,1,1,1,1,1
11/4/2025 23:07,1.4416,1.16,0.0338,1.1525,1.26325,1.4416,1.16,1.1525,1.775,23.8532,2.1314,48.6,48.6,48.6,23.8532,2.1314,,,,46.4686,21.7218,22.0782,22.6932,22.4116,1,1,1,0,1,1,0,1,1,1,1,1
11/4/2025 23:12,1.4369,1.1616,0.0313,1.1587,1.2665,1.4369,1.1616,1.1587,1.775,23.8475,2.126,48.9688,48.9688,48.9688,23.8475,2.126,,,,46.8428,21.7215,22.0725,22.6859,22.4106,1,1,1,0,1,1,0,1,1,1,1,1
11/4/2025 23:17,1.4459,1.1619,0.0338,1.1513,1.2648,1.4459,1.1619,1.1513,1.725,23.8758,2.1332,49.2313,49.2313,49.2313,23.8758,2.1332,,,,47.0981,21.7426,22.1508,22.7139,22.4299,1,1,1,0,1,1,0,1,1,1,1,1
11/4/2025 23:22,1.4384,1.1603,0.0338,1.1263,1.24855,1.4384,1.1603,1.1263,1.75,23.8899,2.126,48.75,48.75,48.75,23.8899,2.126,,,,46.624,21.7639,22.1399,22.7296,22.4515,1,1,1,0,1,1,0,1,1,1,1,1
11/4/2025 23:27,1.4419,1.16,0.03,1.1338,1.25785,1.4419,1.16,1.1338,1.75,23.8277,2.1278,48.8938,48.8938,48.8938,23.8277,2.1278,,,,46.766,21.6999,22.0777,22.6677,22.3858,1,1,1,0,1,1,0,1,1,1,1,1
11/4/2025 23:32,1.4375,1.16,0.03,1.1213,1.2494,1.4375,1.16,1.1213,1.675,23.8447,2.126,48.8813,48.8813,48.8813,23.8447,2.126,,,,46.7553,21.7187,22.1697,22.6847,22.4072,1,1,1,0,1,1,0,1,1,1,1,1
11/4/2025 23:37,1.4434,1.1578,0.0313,1.1425,1.26165,1.4434,1.1578,1.1425,1.675,23.8588,2.1223,48.825,48.825,48.825,23.8588,2.1223,,,,46.7027,21.7365,22.1838,22.701,22.4154,1,1,1,0,1,1,0,1,1,1,1,1
11/4/2025 23:42,1.4394,1.1584,0.0275,1.1163,1.25035,1.4394,1.1584,1.1163,1.75,23.8673,2.1296,48.9625,48.9625,48.9625,23.8673,2.1296,,,,46.8329,21.7377,22.1173,22.7089,22.4279,1,1,1,0,1,1,0,1,1,1,1,1
11/4/2025 23:47,1.4434,1.1597,0.0338,1.1463,1.26105,1.4434,1.1597,1.1463,1.675,23.8503,2.1296,49.0125,49.0125,49.0125,23.8503,2.1296,,,,46.8829,21.7207,22.1753,22.6906,22.4069,1,1,1,0,1,1,0,1,1,1,1,1
11/4/2025 23:52,1.4378,1.1594,0.0275,1.125,1.2539,1.4378,1.1594,1.125,1.675,23.856,2.1314,48.9438,48.9438,48.9438,23.856,2.1314,,,,46.8124,21.7246,22.181,22.6966,22.4182,1,1,1,0,1,1,0,1,1,1,1,1
11/4/2025 23:57,1.4512,1.1613,0.035,1.1613,1.27125,1.4512,1.1613,1.1613,1.75,23.8503,2.1278,48.6688,48.6688,48.6688,23.8503,2.1278,,,,46.541,21.7225,22.1003,22.689,22.3991,1,1,1,0,1,1,0,1,1,1,1,1
11/5/2025 0:02,1.4453,1.1594,0.0313,1.1513,1.267,1.4453,1.1594,1.1513,1.75,23.856,2.1296,48.7563,48.7563,48.7563,23.856,2.1296,,,,46.6267,21.7264,22.106,22.6966,22.4107,1,1,1,0,1,1,0,1,1,1,1,1
11/5/2025 0:07,1.4484,1.1584,0.0313,1.1225,1.25415,1.4484,1.1584,1.1225,1.675,23.8701,2.135,48.9313,48.9313,48.9313,23.8701,2.135,,,,46.7963,21.7351,22.1951,22.7117,22.4217,1,1,1,0,1,1,0,1,1,1,1,1
11/5/2025 0:12,1.4447,1.1594,0.0338,1.1375,1.2573,1.4447,1.1594,1.1375,1.675,23.8871,2.1368,48.9813,48.9813,48.9813,23.8871,2.1368,,,,46.8445,21.7503,22.2121,22.7277,22.4424,1,1,1,0,1,1,0,1,1,1,1,1
11/5/2025 0:17,1.4434,1.1581,0.035,1.155,1.2642,1.4434,1.1581,1.155,1.675,23.8645,2.1278,48.9,48.9,48.9,23.8645,2.1278,,,,46.7722,21.7367,22.1895,22.7064,22.4211,1,1,1,0,1,1,0,1,1,1,1,1
11/5/2025 0:22,1.4478,1.1572,0.0288,1.125,1.2576,1.4478,1.1572,1.125,1.675,23.8503,2.135,48.9375,48.9375,48.9375,23.8503,2.135,,,,46.8025,21.7153,22.1753,22.6931,22.4025,1,1,1,0,1,1,0,1,1,1,1,1
11/5/2025 0:27,1.4447,1.1597,0.0338,1.1587,1.2679,1.4447,1.1597,1.1587,1.675,23.873,2.1332,48.8375,48.8375,48.8375,23.873,2.1332,,,,46.7043,21.7398,22.198,22.7133,22.4283,1,1,1,0,1,1,0,1,1,1,1,1
11/5/2025 0:32,1.4434,1.16,0.0313,1.1513,1.26605,1.4434,1.16,1.1513,1.725,23.8984,2.135,48.4688,48.4688,48.4688,23.8984,2.135,,,,46.3338,21.7634,22.1734,22.7384,22.455,1,1,1,0,1,1,0,1,1,1,1,1
11/5/2025 0:37,1.4381,1.1581,0.0313,1.1525,1.264,1.4381,1.1581,1.1525,1.65,23.8899,2.1332,48.7563,48.7563,48.7563,23.8899,2.1332,,,,46.6231,21.7567,22.2399,22.7318,22.4518,1,1,1,0,1,1,0,1,1,1,1,1
11/5/2025 0:42,1.4497,1.1584,0.0338,1.14,1.26105,1.4497,1.1584,1.14,1.675,23.873,2.1314,48.9688,48.9688,48.9688,23.873,2.1314,,,,46.8374,21.7416,22.198,22.7146,22.4233,1,1,1,0,1,1,0,1,1,1,1,1
11/5/2025 0:47,1.4419,1.1591,0.0338,1.1513,1.2628,1.4419,1.1591,1.1513,1.725,23.8899,2.1332,48.8563,48.8563,48.8563,23.8899,2.1332,,,,46.7231,21.7567,22.1649,22.7308,22.448,1,1,1,0,1,1,0,1,1,1,1,1
11/5/2025 0:52,1.445,1.1584,0.0362,1.17,1.2713,1.445,1.1584,1.17,1.675,23.856,2.1296,48.8188,48.8188,48.8188,23.856,2.1296,,,,46.6892,21.7264,22.181,22.6976,22.411,1,1,1,0,1,1,0,1,1,1,1,1
11/5/2025 0:57,1.4403,1.1584,0.0338,1.1475,1.2601,1.4403,1.1584,1.1475,1.725,23.8588,2.1296,48.625,48.625,48.625,23.8588,2.1296,,,,46.4954,21.7292,22.1338,22.7004,22.4185,1,1,1,0,1,1,0,1,1,1,1,1
11/5/2025 1:02,1.4478,1.1587,0.035,1.14,1.2589,1.4478,1.1587,1.14,1.75,23.839,2.1296,48.7813,48.7813,48.7813,23.839,2.1296,,,,46.6517,21.7094,22.089,22.6803,22.3912,1,1,1,0,1,1,0,1,1,1,1,1
11/5/2025 1:07,1.4484,1.1566,0.0288,1.1287,1.25975,1.4484,1.1566,1.1287,1.725,23.856,2.126,48.9313,48.9313,48.9313,23.856,2.126,,,,46.8053,21.73,22.131,22.6994,22.4076,1,1,1,0,1,1,0,1,1,1,1,1
11/5/2025 1:12,1.4488,1.1609,0.035,1.1513,1.26505,1.4488,1.1609,1.1513,1.675,23.8617,2.1223,48.9875,48.9875,48.9875,23.8617,2.1223,,,,46.8652,21.7394,22.1867,22.7008,22.4129,1,1,1,0,1,1,0,1,1,1,1,1
11/5/2025 1:17,1.4456,1.1584,0.03,1.135,1.2603,1.4456,1.1584,1.135,1.725,23.8899,2.1205,48.6625,48.6625,48.6625,23.8899,2.1205,,,,46.542,21.7694,22.1649,22.7315,22.4443,1,1,1,0,1,1,0,1,1,1,1,1
11/5/2025 1:22,1.4388,1.1572,0.035,1.125,1.2469,1.4388,1.1572,1.125,1.675,23.8927,2.1296,49,49,49,23.8927,2.1296,,,,46.8704,21.7631,22.2177,22.7355,22.4539,1,1,1,0,1,1,0,1,1,1,1,1
11/5/2025 1:27,1.4431,1.1597,0.035,1.1788,1.27595,1.4431,1.1597,1.1788,1.725,23.8786,2.126,48.7563,48.7563,48.7563,23.8786,2.126,,,,46.6303,21.7526,22.1536,22.7189,22.4355,1,1,1,0,1,1,0,1,1,1,1,1
11/5/2025 1:32,1.4422,1.1606,0.0313,1.1338,1.2567,1.4422,1.1606,1.1338,1.65,23.856,2.1278,48.7688,48.7688,48.7688,23.856,2.1278,,,,46.641,21.7282,22.206,22.6954,22.4138,1,1,1,0,1,1,0,1,1,1,1,1
11/5/2025 1:37,1.435,1.1566,0.0375,1.1275,1.24375,1.435,1.1566,1.1275,1.675,23.8758,2.126,48.875,48.875,48.875,23.8758,2.126,,,,46.749,21.7498,22.2008,22.7192,22.4408,1,1,1,0,1,1,0,1,1,1,1,1
11/5/2025 1:42,1.4453,1.1587,0.0338,1.1375,1.2576,1.4453,1.1587,1.1375,1.725,23.8899,2.1314,48.65,48.65,48.65,23.8899,2.1314,,,,46.5186,21.7585,22.1649,22.7312,22.4446,1,1,1,0,1,1,0,1,1,1,1,1
11/5/2025 1:47,1.4512,1.16,0.03,1.1287,1.25995,1.4512,1.16,1.1287,1.675,23.8843,2.126,49.2125,49.2125,49.2125,23.8843,2.126,,,,47.0865,21.7583,22.2093,22.7243,22.4331,1,1,1,0,1,1,0,1,1,1,1,1
11/5/2025 1:52,1.4475,1.1566,0.0362,1.145,1.26005,1.4475,1.1566,1.145,1.675,23.8532,2.1314,48.775,48.775,48.775,23.8532,2.1314,,,,46.6436,21.7218,22.1782,22.6966,22.4057,1,1,1,0,1,1,0,1,1,1,1,1
11/5/2025 1:57,1.4541,1.1581,0.0313,1.09,1.24075,1.4541,1.1581,1.09,1.675,23.8503,2.1241,48.9938,48.9938,48.9938,23.8503,2.1241,,,,46.8697,21.7262,22.1753,22.6922,22.3962,1,1,1,0,1,1,0,1,1,1,1,1
11/5/2025 2:02,1.4456,1.1569,0.0313,1.1313,1.25715,1.4456,1.1569,1.1313,1.725,23.856,2.1332,48.875,48.875,48.875,23.856,2.1332,,,,46.7418,21.7228,22.131,22.6991,22.4104,1,1,1,0,1,1,0,1,1,1,1,1
11/5/2025 2:07,1.4431,1.1591,0,1.1138,1.27845,1.4431,1.1591,1.1138,1.675,23.8588,2.1639,48.5688,48.5688,48.5688,23.8588,2.1639,,,,46.4049,21.6949,22.1838,22.6997,22.4157,1,1,1,0,1,1,0,1,1,1,1,1
11/5/2025 2:12,0.0453,1.1525,0,0.0612,0.05325,0.0453,1.1525,0.0612,1.725,-0.0028,0,0.0688,0.0688,0.0688,-0.0028,0,,,,0.0688,-0.0028,-1.7278,-1.1553,-0.0481,1,1,1,0,1,1,0,1,1,1,1,1
11/5/2025 2:17,0.0113,1.1525,0,0,0.00565,0.0113,1.1525,0,1.675,-0.0028,-0.0036,0.35,0.35,0.35,-0.0028,-0.0036,,,,0.3536,0.0008,-1.6778,-1.1553,-0.0141,1,1,1,0,1,1,0,1,1,1,1,1
11/5/2025 8:22,1.4612,1.0925,0.0375,1.16,1.2731,1.4612,1.0925,1.16,1.725,23.1125,2.1639,33.7375,33.7375,33.7375,23.1125,2.1639,,,,31.5736,20.9486,21.3875,22.02,21.6513,1,1,1,0,1,1,0,1,1,1,1,1
11/5/2025 8:27,1.4531,1.1872,0.0413,1.2075,1.289,1.4531,1.1872,1.2075,1.675,23.9154,2.1151,48.7188,48.7188,48.7188,23.9154,2.1151,,,,46.6037,21.8003,22.2404,22.7282,22.4623,1,1,1,0,1,1,0,1,1,1,1,1
11/5/2025 8:32,1.4463,1.1663,0.0362,1.1338,1.25385,1.4463,1.1663,1.1338,1.675,23.8956,2.1079,48.9,48.9,48.9,23.8956,2.1079,,,,46.7921,21.7877,22.2206,22.7293,22.4493,1,1,1,0,1,1,0,1,1,1,1,1
11/5/2025 8:37,1.4403,1.1541,0.035,1.1375,1.2539,1.4403,1.1541,1.1375,1.75,23.8701,2.1061,48.875,48.875,48.875,23.8701,2.1061,,,,46.7689,21.764,22.1201,22.716,22.4298,1,1,1,0,1,1,0,1,1,1,1,1
11/5/2025 8:42,1.4447,1.1503,0.0375,1.125,1.24735,1.4447,1.1503,1.125,1.725,23.8701,2.1061,49.0563,49.0563,49.0563,23.8701,2.1061,,,,46.9502,21.764,22.1451,22.7198,22.4254,1,1,1,0,1,1,0,1,1,1,1,1
11/5/2025 8:47,1.4494,1.1475,0.0313,1.1163,1.25155,1.4494,1.1475,1.1163,1.775,23.9041,2.1061,48.8938,48.8938,48.8938,23.9041,2.1061,,,,46.7877,21.798,22.1291,22.7566,22.4547,1,1,1,0,1,1,0,1,1,1,1,1
11/5/2025 8:52,1.4419,1.1472,0.035,1.17,1.27095,1.4419,1.1472,1.17,1.75,23.9097,2.1043,48.9875,48.9875,48.9875,23.9097,2.1043,,,,46.8832,21.8054,22.1597,22.7625,22.4678,1,1,1,0,1,1,0,1,1,1,1,1
11/5/2025 8:57,1.4419,1.1516,0.0362,1.165,1.26725,1.4419,1.1516,1.165,1.725,23.8843,2.1025,48.9125,48.9125,48.9125,23.8843,2.1025,,,,46.81,21.7818,22.1593,22.7327,22.4424,1,1,1,0,1,1,0,1,1,1,1,1
11/5/2025 9:02,1.4416,1.1516,0.0338,1.1387,1.25635,1.4416,1.1516,1.1387,1.775,23.8871,2.1007,48.65,48.65,48.65,23.8871,2.1007,,,,46.5493,21.7864,22.1121,22.7355,22.4455,1,1,1,0,1,1,0,1,1,1,1,1
11/5/2025 9:07,1.4466,1.1491,0.0338,1.1463,1.26265,1.4466,1.1491,1.1463,1.775,23.8814,2.1043,48.6625,48.6625,48.6625,23.8814,2.1043,,,,46.5582,21.7771,22.1064,22.7323,22.4348,1,1,1,0,1,1,0,1,1,1,1,1
11/5/2025 9:12,1.4403,1.1497,0.0375,1.1875,1.2764,1.4403,1.1497,1.1875,1.75,23.8673,2.0971,48.9813,48.9813,48.9813,23.8673,2.0971,,,,46.8842,21.7702,22.1173,22.7176,22.427,1,1,1,0,1,1,0,1,1,1,1,1
11/5/2025 9:17,1.4434,1.15,0.035,1.1275,1.25045,1.4434,1.15,1.1275,1.75,23.8588,2.0953,48.6,48.6,48.6,23.8588,2.0953,,,,46.5047,21.7635,22.1088,22.7088,22.4154,1,1,1,0,1,1,0,1,1,1,1,1
11/5/2025 9:22,1.4375,1.1516,0.04,1.1125,1.235,1.4375,1.1516,1.1125,1.725,23.9069,2.0953,48.7063,48.7063,48.7063,23.9069,2.0953,,,,46.611,21.8116,22.1819,22.7553,22.4694,1,1,1,0,1,1,0,1,1,1,1,1
11/5/2025 9:27,1.4425,1.1491,0.04,1.155,1.25875,1.4425,1.1491,1.155,1.8,23.9041,2.1007,48.6,48.6,48.6,23.9041,2.1007,,,,46.4993,21.8034,22.1041,22.755,22.4616,1,1,1,0,1,1,0,1,1,1,1,1
11/5/2025 9:32,1.4447,1.1497,0.0413,1.16,1.26105,1.4447,1.1497,1.16,1.75,23.8871,2.0953,49.0688,49.0688,49.0688,23.8871,2.0953,,,,46.9735,21.7918,22.1371,22.7374,22.4424,1,1,1,0,1,1,0,1,1,1,1,1
11/5/2025 9:37,1.4397,1.1503,0.035,1.1475,1.2586,1.4397,1.1503,1.1475,1.725,23.8532,2.0916,48.5313,48.5313,48.5313,23.8532,2.0916,,,,46.4397,21.7616,22.1282,22.7029,22.4135,1,1,1,0,1,1,0,1,1,1,1,1
11/5/2025 9:42,1.4381,1.1494,0.0375,1.1475,1.2553,1.4381,1.1494,1.1475,1.75,23.8871,2.0953,48.7313,48.7313,48.7313,23.8871,2.0953,,,,46.636,21.7918,22.1371,22.7377,22.449,1,1,1,0,1,1,0,1,1,1,1,1
11/5/2025 9:47,1.4416,1.1513,0.0338,1.155,1.2645,1.4416,1.1513,1.155,1.75,23.9012,2.0971,48.9938,48.9938,48.9938,23.9012,2.0971,,,,46.8967,21.8041,22.1512,22.7499,22.4596,1,1,1,0,1,1,0,1,1,1,1,1
11/5/2025 9:52,1.4359,1.1497,0.0338,1.12,1.24415,1.4359,1.1497,1.12,1.775,23.8843,2.1025,48.7813,48.7813,48.7813,23.8843,2.1025,,,,46.6788,21.7818,22.1093,22.7346,22.4484,1,1,1,0,1,1,0,1,1,1,1,1
11/5/2025 9:57,1.4463,1.1503,0.035,1.1463,1.2613,1.4463,1.1503,1.1463,1.75,23.856,2.0916,48.7563,48.7563,48.7563,23.856,2.0916,,,,46.6647,21.7644,22.106,22.7057,22.4097,1,1,1,0,1,1,0,1,1,1,1,1
11/5/2025 10:02,1.4394,1.1506,0.035,1.1325,1.25095,1.4394,1.1506,1.1325,1.725,23.8956,2.0934,48.7438,48.7438,48.7438,23.8956,2.0934,,,,46.6504,21.8022,22.1706,22.745,22.4562,1,1,1,0,1,1,0,1,1,1,1,1
11/5/2025 10:07,1.4453,1.1509,0.0375,1.16,1.26515,1.4453,1.1509,1.16,1.725,23.8843,2.0989,48.8563,48.8563,48.8563,23.8843,2.0989,,,,46.7574,21.7854,22.1593,22.7334,22.439,1,1,1,0,1,1,0,1,1,1,1,1
11/5/2025 10:12,1.4347,1.1503,0.0362,1.1188,1.24055,1.4347,1.1503,1.1188,1.675,23.8814,2.0989,48.8625,48.8625,48.8625,23.8814,2.0989,,,,46.7636,21.7825,22.2064,22.7311,22.4467,1,1,1,0,1,1,0,1,1,1,1,1
11/5/2025 10:17,1.44,1.1481,0.0362,1.1738,1.2707,1.44,1.1481,1.1738,1.725,23.8956,2.0989,48.7625,48.7625,48.7625,23.8956,2.0989,,,,46.6636,21.7967,22.1706,22.7475,22.4556,1,1,1,0,1,1,0,1,1,1,1,1
11/5/2025 10:22,1.4394,1.1494,0.0362,1.1538,1.2604,1.4394,1.1494,1.1538,1.65,23.856,2.1043,48.6938,48.6938,48.6938,23.856,2.1043,,,,46.5895,21.7517,22.206,22.7066,22.4166,1,1,1,0,1,1,0,1,1,1,1,1
11/5/2025 10:27,1.4381,1.1509,0.0375,1.1213,1.2422,1.4381,1.1509,1.1213,1.725,23.8617,2.0934,48.8813,48.8813,48.8813,23.8617,2.0934,,,,46.7879,21.7683,22.1367,22.7108,22.4236,1,1,1,0,1,1,0,1,1,1,1,1
11/5/2025 10:32,1.4331,1.1513,0.0338,1.1587,1.2621,1.4331,1.1513,1.1587,1.675,23.8814,2.0934,48.5188,48.5188,48.5188,23.8814,2.0934,,,,46.4254,21.788,22.2064,22.7301,22.4483,1,1,1,0,1,1,0,1,1,1,1,1
11/5/2025 10:37,1.4406,1.1509,0.035,1.1525,1.26155,1.4406,1.1509,1.1525,1.725,23.8532,2.1043,48.6125,48.6125,48.6125,23.8532,2.1043,,,,46.5082,21.7489,22.1282,22.7023,22.4126,1,1,1,0,1,1,0,1,1,1,1,1
11/5/2025 10:42,1.4366,1.1503,0.035,1.1387,1.25265,1.4366,1.1503,1.1387,1.725,23.921,2.1043,48.9,48.9,48.9,23.921,2.1043,,,,46.7957,21.8167,22.196,22.7707,22.4844,1,1,1,0,1,1,0,1,1,1,1,1
11/5/2025 10:47,1.4347,1.1522,0.0362,1.125,1.24365,1.4347,1.1522,1.125,1.65,23.8984,2.0971,48.675,48.675,48.675,23.8984,2.0971,,,,46.5779,21.8013,22.2484,22.7462,22.4637,1,1,1,0,1,1,0,1,1,1,1,1
11/5/2025 10:52,1.4297,1.1503,0.0338,1.145,1.25355,1.4297,1.1503,1.145,1.6,23.839,2.1043,48.4563,48.4563,48.4563,23.839,2.1043,,,,46.352,21.7347,22.239,22.6887,22.4093,1,1,1,0,1,1,0,1,1,1,1,1
11/5/2025 10:57,1.4369,1.1506,0.0362,1.16,1.26225,1.4369,1.1506,1.16,1.65,23.8532,2.1079,48.9313,48.9313,48.9313,23.8532,2.1079,,,,46.8234,21.7453,22.2032,22.7026,22.4163,1,1,1,0,1,1,0,1,1,1,1,1
11/5/2025 11:02,1.4391,1.1534,0.035,1.1275,1.2483,1.4391,1.1534,1.1275,1.625,23.8617,2.1079,48.7188,48.7188,48.7188,23.8617,2.1079,,,,46.6109,21.7538,22.2367,22.7083,22.4226,1,1,1,0,1,1,0,1,1,1,1,1
11/5/2025 11:07,1.445,1.1506,0.035,1.1725,1.27375,1.445,1.1506,1.1725,1.65,23.8503,2.1097,48.7,48.7,48.7,23.8503,2.1097,,,,46.5903,21.7406,22.2003,22.6997,22.4053,1,1,1,0,1,1,0,1,1,1,1,1
11/5/2025 11:12,1.4353,1.1513,0.035,1.1287,1.247,1.4353,1.1513,1.1287,1.65,23.8786,2.1043,48.7375,48.7375,48.7375,23.8786,2.1043,,,,46.6332,21.7743,22.2286,22.7273,22.4433,1,1,1,0,1,1,0,1,1,1,1,1
11/5/2025 11:17,1.4322,1.1494,0.0362,1.1188,1.2393,1.4322,1.1494,1.1188,1.625,23.9041,2.1097,48.8125,48.8125,48.8125,23.9041,2.1097,,,,46.7028,21.7944,22.2791,22.7547,22.4719,1,1,1,0,1,1,0,1,1,1,1,1
11/5/2025 11:22,1.4291,1.1503,0.0362,1.1513,1.254,1.4291,1.1503,1.1513,1.625,23.8503,2.1079,48.6125,48.6125,48.6125,23.8503,2.1079,,,,46.5046,21.7424,22.2253,22.7,22.4212,1,1,1,0,1,1,0,1,1,1,1,1
11/5/2025 11:27,1.4359,1.1509,0.0362,1.1275,1.2455,1.4359,1.1509,1.1275,1.575,23.8673,2.1169,48.9188,48.9188,48.9188,23.8673,2.1169,,,,46.8019,21.7504,22.2923,22.7164,22.4314,1,1,1,0,1,1,0,1,1,1,1,1
11/5/2025 11:32,1.4347,1.1522,0.03,1.1113,1.243,1.4347,1.1522,1.1113,1.575,23.839,2.1061,48.675,48.675,48.675,23.839,2.1061,,,,46.5689,21.7329,22.264,22.6868,22.4043,1,1,1,0,1,1,0,1,1,1,1,1
11/5/2025 11:37,1.4322,1.15,0.0338,1.1125,1.23855,1.4322,1.15,1.1125,1.6,23.8503,2.1115,48.6125,48.6125,48.6125,23.8503,2.1115,,,,46.501,21.7388,22.2503,22.7003,22.4181,1,1,1,0,1,1,0,1,1,1,1,1
11/5/2025 11:42,1.4369,1.1534,0.0362,1.1425,1.2535,1.4369,1.1534,1.1425,1.6,23.8645,2.1097,48.725,48.725,48.725,23.8645,2.1097,,,,46.6153,21.7548,22.2645,22.7111,22.4276,1,1,1,0,1,1,0,1,1,1,1,1
11/5/2025 11:47,1.4375,1.1509,0.0313,1.1738,1.27435,1.4375,1.1509,1.1738,1.575,23.8475,2.1079,48.925,48.925,48.925,23.8475,2.1079,,,,46.8171,21.7396,22.2725,22.6966,22.41,1,1,1,0,1,1,0,1,1,1,1,1
11/5/2025 11:52,1.4344,1.1506,0.0362,1.14,1.251,1.4344,1.1506,1.14,1.575,23.8588,2.1133,48.9625,48.9625,48.9625,23.8588,2.1133,,,,46.8492,21.7455,22.2838,22.7082,22.4244,1,1,1,0,1,1,0,1,1,1,1,1
11/5/2025 11:57,1.4344,1.155,0.0375,1.155,1.2572,1.4344,1.155,1.155,1.525,23.8871,2.1097,48.725,48.725,48.725,23.8871,2.1097,,,,46.6153,21.7774,22.3621,22.7321,22.4527,1,1,1,0,1,1,0,1,1,1,1,1
11/5/2025 12:02,1.4378,1.1506,0.0375,1.1425,1.25265,1.4378,1.1506,1.1425,1.575,23.8927,2.1169,48.5813,48.5813,48.5813,23.8927,2.1169,,,,46.4644,21.7758,22.3177,22.7421,22.4549,1,1,1,0,1,1,0,1,1,1,1,1
11/5/2025 12:07,1.4375,1.1513,0.0375,1.1375,1.25,1.4375,1.1513,1.1375,1.575,23.8814,2.1115,48.7125,48.7125,48.7125,23.8814,2.1115,,,,46.601,21.7699,22.3064,22.7301,22.4439,1,1,1,0,1,1,0,1,1,1,1,1
11/5/2025 12:12,1.4372,1.1513,0.035,1.1138,1.2405,1.4372,1.1513,1.1138,1.625,23.8673,2.1097,48.9563,48.9563,48.9563,23.8673,2.1097,,,,46.8466,21.7576,22.2423,22.716,22.4301,1,1,1,0,1,1,0,1,1,1,1,1
11/5/2025 12:17,1.4266,1.1494,0.0313,1.125,1.2445,1.4266,1.1494,1.125,1.575,23.8899,2.1097,48.7813,48.7813,48.7813,23.8899,2.1097,,,,46.6716,21.7802,22.3149,22.7405,22.4633,1,1,1,0,1,1,0,1,1,1,1,1
11/5/2025 12:22,1.4266,1.1513,0.0362,1.1587,1.25645,1.4266,1.1513,1.1587,1.625,23.8588,2.1079,48.6063,48.6063,48.6063,23.8588,2.1079,,,,46.4984,21.7509,22.2338,22.7075,22.4322,1,1,1,0,1,1,0,1,1,1,1,1
11/5/2025 12:27,1.4297,1.1528,0.04,1.1487,1.2492,1.4297,1.1528,1.1487,1.6,23.8673,2.1151,48.7188,48.7188,48.7188,23.8673,2.1151,,,,46.6037,21.7522,22.2673,22.7145,22.4376,1,1,1,0,1,1,0,1,1,1,1,1
11/5/2025 12:32,1.4306,1.1531,0.0338,1.1475,1.25525,1.4306,1.1531,1.1475,1.6,23.856,2.1169,48.5813,48.5813,48.5813,23.856,2.1169,,,,46.4644,21.7391,22.256,22.7029,22.4254,1,1,1,0,1,1,0,1,1,1,1,1
11/5/2025 12:37,1.4241,1.1522,0.0375,1.1513,1.2502,1.4241,1.1522,1.1513,1.575,23.8673,2.1169,48.75,48.75,48.75,23.8673,2.1169,,,,46.6331,21.7504,22.2923,22.7151,22.4432,1,1,1,0,1,1,0,1,1,1,1,1
11/5/2025 12:42,1.4363,1.1522,0.0362,1.155,1.25945,1.4363,1.1522,1.155,1.6,23.8532,2.1205,48.6688,48.6688,48.6688,23.8532,2.1205,,,,46.5483,21.7327,22.2532,22.701,22.4169,1,1,1,0,1,1,0,1,1,1,1,1
11/5/2025 12:47,1.4381,1.1525,0.0362,1.12,1.24285,1.4381,1.1525,1.12,1.6,23.8532,2.1151,48.6563,48.6563,48.6563,23.8532,2.1151,,,,46.5412,21.7381,22.2532,22.7007,22.4151,1,1,1,0,1,1,0,1,1,1,1,1
11/5/2025 12:52,1.4378,1.1534,0.035,1.165,1.2664,1.4378,1.1534,1.165,1.625,23.856,2.1223,48.9313,48.9313,48.9313,23.856,2.1223,,,,46.809,21.7337,22.231,22.7026,22.4182,1,1,1,0,1,1,0,1,1,1,1,1
11/5/2025 12:57,1.4328,1.1541,0.0375,1.1638,1.2608,1.4328,1.1541,1.1638,1.575,23.8758,2.1205,48.6063,48.6063,48.6063,23.8758,2.1205,,,,46.4858,21.7553,22.3008,22.7217,22.443,1,1,1,0,1,1,0,1,1,1,1,1
11/5/2025 13:02,1.4241,1.1522,0.035,1.1325,1.2433,1.4241,1.1522,1.1325,1.575,23.8447,2.1223,48.4688,48.4688,48.4688,23.8447,2.1223,,,,46.3465,21.7224,22.2697,22.6925,22.4206,1,1,1,0,1,1,0,1,1,1,1,1
11/5/2025 13:07,1.4325,1.1519,0.03,1.1663,1.2694,1.4325,1.1519,1.1663,1.6,23.8503,2.126,48.8375,48.8375,48.8375,23.8503,2.126,,,,46.7115,21.7243,22.2503,22.6984,22.4178,1,1,1,0,1,1,0,1,1,1,1,1
11/5/2025 13:12,1.4344,1.1544,0.0338,1.125,1.2459,1.4344,1.1544,1.125,1.625,23.8617,2.126,48.5938,48.5938,48.5938,23.8617,2.126,,,,46.4678,21.7357,22.2367,22.7073,22.4273,1,1,1,0,1,1,0,1,1,1,1,1
11/5/2025 13:17,1.4291,1.1516,0.0338,1.1125,1.237,1.4291,1.1516,1.1125,1.575,23.856,2.1133,48.4688,48.4688,48.4688,23.856,2.1133,,,,46.3555,21.7427,22.281,22.7044,22.4269,1,1,1,0,1,1,0,1,1,1,1,1
11/5/2025 13:22,1.4328,1.1531,0.0338,1.1463,1.25575,1.4328,1.1531,1.1463,1.6,23.856,2.1169,48.7688,48.7688,48.7688,23.856,2.1169,,,,46.6519,21.7391,22.256,22.7029,22.4232,1,1,1,0,1,1,0,1,1,1,1,1
11/5/2025 13:27,1.4231,1.1531,0.035,1.1613,1.2572,1.4231,1.1531,1.1613,1.6,23.8814,2.1223,48.675,48.675,48.675,23.8814,2.1223,,,,46.5527,21.7591,22.2814,22.7283,22.4583,1,1,1,0,1,1,0,1,1,1,1,1
11/5/2025 13:32,1.4294,1.1547,0.035,1.1387,1.24905,1.4294,1.1547,1.1387,1.575,23.8588,2.1169,48.8313,48.8313,48.8313,23.8588,2.1169,,,,46.7144,21.7419,22.2838,22.7041,22.4294,1,1,1,0,1,1,0,1,1,1,1,1
11/5/2025 13:37,1.43,1.1516,0.0338,1.1525,1.25745,1.43,1.1516,1.1525,1.575,23.8475,2.1115,48.7375,48.7375,48.7375,23.8475,2.1115,,,,46.626,21.736,22.2725,22.6959,22.4175,1,1,1,0,1,1,0,1,1,1,1,1
11/5/2025 13:42,1.4347,1.1541,0.0338,1.14,1.25355,1.4347,1.1541,1.14,1.625,23.8588,2.1205,48.6,48.6,48.6,23.8588,2.1205,,,,46.4795,21.7383,22.2338,22.7047,22.4241,1,1,1,0,1,1,0,1,1,1,1,1
11/5/2025 13:47,1.4281,1.1547,0.035,1.1475,1.2528,1.4281,1.1547,1.1475,1.575,23.8475,2.1151,48.8063,48.8063,48.8063,23.8475,2.1151,,,,46.6912,21.7324,22.2725,22.6928,22.4194,1,1,1,0,1,1,0,1,1,1,1,1
11/5/2025 13:52,1.4288,1.1525,0.0338,1.1275,1.24435,1.4288,1.1525,1.1275,1.575,23.8532,2.1187,48.6875,48.6875,48.6875,23.8532,2.1187,,,,46.5688,21.7345,22.2782,22.7007,22.4244,1,1,1,0,1,1,0,1,1,1,1,1
11/5/2025 13:57,1.4284,1.1541,0.0362,1.1487,1.25235,1.4284,1.1541,1.1487,1.6,23.8306,2.1223,48.6,48.6,48.6,23.8306,2.1223,,,,46.4777,21.7083,22.2306,22.6765,22.4022,1,1,1,0,1,1,0,1,1,1,1,1
11/5/2025 14:02,1.4256,1.1541,0.035,1.1487,1.25215,1.4256,1.1541,1.1487,1.575,23.8814,2.126,48.725,48.725,48.725,23.8814,2.126,,,,46.599,21.7554,22.3064,22.7273,22.4558,1,1,1,0,1,1,0,1,1,1,1,1
11/5/2025 14:07,1.4344,1.1544,0.0375,1.1387,1.24905,1.4344,1.1544,1.1387,1.6,23.839,2.1223,48.7938,48.7938,48.7938,23.839,2.1223,,,,46.6715,21.7167,22.239,22.6846,22.4046,1,1,1,0,1,1,0,1,1,1,1,1
11/5/2025 14:12,1.4284,1.1534,0.0362,1.1138,1.2349,1.4284,1.1534,1.1138,1.575,23.856,2.1205,48.6625,48.6625,48.6625,23.856,2.1205,,,,46.542,21.7355,22.281,22.7026,22.4276,1,1,1,0,1,1,0,1,1,1,1,1
11/5/2025 14:17,1.4316,1.1559,0.0362,1.125,1.2421,1.4316,1.1559,1.125,1.575,23.8362,2.1151,48.8313,48.8313,48.8313,23.8362,2.1151,,,,46.7162,21.7211,22.2612,22.6803,22.4046,1,1,1,0,1,1,0,1,1,1,1,1
11/5/2025 14:22,1.425,1.1538,0.0338,1.1263,1.24185,1.425,1.1538,1.1263,1.575,23.8701,2.1187,48.575,48.575,48.575,23.8701,2.1187,,,,46.4563,21.7514,22.2951,22.7163,22.4451,1,1,1,0,1,1,0,1,1,1,1,1
11/5/2025 14:27,1.4369,1.1547,0.0338,1.1113,1.2403,1.4369,1.1547,1.1113,1.625,23.856,2.1241,48.8625,48.8625,48.8625,23.856,2.1241,,,,46.7384,21.7319,22.231,22.7013,22.4191,1,1,1,0,1,1,0,1,1,1,1,1
11/5/2025 14:32,1.4372,1.1556,0.035,1.17,1.2686,1.4372,1.1556,1.17,1.625,23.8673,2.1223,48.6375,48.6375,48.6375,23.8673,2.1223,,,,46.5152,21.745,22.2423,22.7117,22.4301,1,1,1,0,1,1,0,1,1,1,1,1
11/5/2025 14:37,1.4356,1.1547,0.0338,1.1375,1.25275,1.4356,1.1547,1.1375,1.6,23.873,2.126,48.7,48.7,48.7,23.873,2.126,,,,46.574,21.747,22.273,22.7183,22.4374,1,1,1,0,1,1,0,1,1,1,1,1
11/5/2025 14:42,1.4378,1.1547,0.0275,1.1475,1.26515,1.4378,1.1547,1.1475,1.575,23.839,2.1187,48.5875,48.5875,48.5875,23.839,2.1187,,,,46.4688,21.7203,22.264,22.6843,22.4012,1,1,1,0,1,1,0,1,1,1,1,1
11/5/2025 14:47,1.4325,1.1538,0.0313,1.1575,1.2637,1.4325,1.1538,1.1575,1.675,23.8588,2.1223,48.725,48.725,48.725,23.8588,2.1223,,,,46.6027,21.7365,22.1838,22.705,22.4263,1,1,1,0,1,1,0,1,1,1,1,1
11/5/2025 14:52,1.4325,1.1556,0.035,1.1325,1.2475,1.4325,1.1556,1.1325,1.65,23.8334,2.126,48.925,48.925,48.925,23.8334,2.126,,,,46.799,21.7074,22.1834,22.6778,22.4009,1,1,1,0,1,1,0,1,1,1,1,1
11/5/2025 14:57,1.4297,1.1538,0.035,1.1575,1.2586,1.4297,1.1538,1.1575,1.725,23.8673,2.1241,48.7563,48.7563,48.7563,23.8673,2.1241,,,,46.6322,21.7432,22.1423,22.7135,22.4376,1,1,1,0,1,1,0,1,1,1,1,1
11/5/2025 15:02,1.4309,1.1531,0.0338,1.115,1.23915,1.4309,1.1531,1.115,1.725,23.873,2.1241,48.7438,48.7438,48.7438,23.873,2.1241,,,,46.6197,21.7489,22.148,22.7199,22.4421,1,1,1,0,1,1,0,1,1,1,1,1
11/5/2025 15:07,1.4306,1.1541,0.035,1.1113,1.23595,1.4306,1.1541,1.1113,1.675,23.8786,2.1205,48.5875,48.5875,48.5875,23.8786,2.1205,,,,46.467,21.7581,22.2036,22.7245,22.448,1,1,1,0,1,1,0,1,1,1,1,1
11/5/2025 15:12,1.4309,1.1566,0.035,1.1675,1.2642,1.4309,1.1566,1.1675,1.675,23.8673,2.1223,48.6313,48.6313,48.6313,23.8673,2.1223,,,,46.509,21.745,22.1923,22.7107,22.4364,1,1,1,0,1,1,0,1,1,1,1,1
11/5/2025 15:17,1.4281,1.1528,0.0338,1.1113,1.2359,1.4281,1.1528,1.1113,1.725,23.9012,2.1187,48.575,48.575,48.575,23.9012,2.1187,,,,46.4563,21.7825,22.1762,22.7484,22.4731,1,1,1,0,1,1,0,1,1,1,1,1
11/5/2025 15:22,1.4278,1.1569,0.0362,1.1188,1.2371,1.4278,1.1569,1.1188,1.725,23.8814,2.126,48.575,48.575,48.575,23.8814,2.126,,,,46.449,21.7554,22.1564,22.7245,22.4536,1,1,1,0,1,1,0,1,1,1,1,1
11/5/2025 15:27,1.4253,1.1528,0.0338,1.1225,1.2401,1.4253,1.1528,1.1225,1.65,23.8673,2.1205,48.9,48.9,48.9,23.8673,2.1205,,,,46.7795,21.7468,22.2173,22.7145,22.442,1,1,1,0,1,1,0,1,1,1,1,1
11/5/2025 15:32,1.4313,1.1528,0.0362,1.1338,1.24635,1.4313,1.1528,1.1338,1.65,23.856,2.1241,48.7938,48.7938,48.7938,23.856,2.1241,,,,46.6697,21.7319,22.206,22.7032,22.4247,1,1,1,0,1,1,0,1,1,1,1,1
11/5/2025 15:37,1.4306,1.1525,0.0288,1.1075,1.24025,1.4306,1.1525,1.1075,1.675,23.873,2.1241,48.8063,48.8063,48.8063,23.873,2.1241,,,,46.6822,21.7489,22.198,22.7205,22.4424,1,1,1,0,1,1,0,1,1,1,1,1
11/5/2025 15:42,1.4313,1.1538,0.0338,1.1225,1.2431,1.4313,1.1538,1.1225,1.675,23.8645,2.1205,48.825,48.825,48.825,23.8645,2.1205,,,,46.7045,21.744,22.1895,22.7107,22.4332,1,1,1,0,1,1,0,1,1,1,1,1
11/5/2025 15:47,1.4291,1.1556,0.0362,1.115,1.23585,1.4291,1.1556,1.115,1.65,23.8814,2.1296,48.6375,48.6375,48.6375,23.8814,2.1296,,,,46.5079,21.7518,22.2314,22.7258,22.4523,1,1,1,0,1,1,0,1,1,1,1,1
11/5/2025 15:52,1.4284,1.1556,0.0375,1.1587,1.25605,1.4284,1.1556,1.1587,1.675,23.8927,2.1278,48.4625,48.4625,48.4625,23.8927,2.1278,,,,46.3347,21.7649,22.2177,22.7371,22.4643,1,1,1,0,1,1,0,1,1,1,1,1
11/5/2025 15:57,1.4263,1.1547,0.03,1.1225,1.2444,1.4263,1.1547,1.1225,1.65,23.8814,2.1296,48.6813,48.6813,48.6813,23.8814,2.1296,,,,46.5517,21.7518,22.2314,22.7267,22.4551,1,1,1,0,1,1,0,1,1,1,1,1
11/5/2025 16:02,1.4353,1.1541,0.0362,1.0938,1.22835,1.4353,1.1541,1.0938,1.65,23.8814,2.1241,48.6938,48.6938,48.6938,23.8814,2.1241,,,,46.5697,21.7573,22.2314,22.7273,22.4461,1,1,1,0,1,1,0,1,1,1,1,1
11/5/2025 16:07,1.4278,1.1556,0.04,1.1313,1.23955,1.4278,1.1556,1.1313,1.725,23.8984,2.1187,48.9875,48.9875,48.9875,23.8984,2.1187,,,,46.8688,21.7797,22.1734,22.7428,22.4706,1,1,1,0,1,1,0,1,1,1,1,1
11/5/2025 16:12,1.4328,1.1522,0.0313,1.1287,1.24945,1.4328,1.1522,1.1287,1.65,23.8532,2.1205,48.7625,48.7625,48.7625,23.8532,2.1205,,,,46.642,21.7327,22.2032,22.701,22.4204,1,1,1,0,1,1,0,1,1,1,1,1
11/5/2025 16:17,1.4263,1.1559,0.0362,1.1513,1.2526,1.4263,1.1559,1.1513,1.675,23.8532,2.1223,48.6313,48.6313,48.6313,23.8532,2.1223,,,,46.509,21.7309,22.1782,22.6973,22.4269,1,1,1,0,1,1,0,1,1,1,1,1
11/5/2025 16:22,1.4306,1.1528,0.0362,1.1487,1.25345,1.4306,1.1528,1.1487,1.725,23.8617,2.126,48.6625,48.6625,48.6625,23.8617,2.126,,,,46.5365,21.7357,22.1367,22.7089,22.4311,1,1,1,0,1,1,0,1,1,1,1,1
11/5/2025 16:27,1.4331,1.155,0.0313,1.1475,1.259,1.4331,1.155,1.1475,1.775,23.8871,2.1205,48.6875,48.6875,48.6875,23.8871,2.1205,,,,46.567,21.7666,22.1121,22.7321,22.454,1,1,1,0,1,1,0,1,1,1,1,1
11/5/2025 16:32,1.4328,1.1528,0.03,1.1275,1.25015,1.4328,1.1528,1.1275,1.775,23.8588,2.1241,48.5875,48.5875,48.5875,23.8588,2.1241,,,,46.4634,21.7347,22.0838,22.706,22.426,1,1,1,0,1,1,0,1,1,1,1,1
11/5/2025 16:37,1.4309,1.155,0.035,1.1375,1.2492,1.4309,1.155,1.1375,1.75,23.8871,2.1187,48.825,48.825,48.825,23.8871,2.1187,,,,46.7063,21.7684,22.1371,22.7321,22.4562,1,1,1,0,1,1,0,1,1,1,1,1
11/5/2025 16:42,1.4353,1.1541,0.035,1.1263,1.2458,1.4353,1.1541,1.1263,1.725,23.8984,2.1205,48.7938,48.7938,48.7938,23.8984,2.1205,,,,46.6733,21.7779,22.1734,22.7443,22.4631,1,1,1,0,1,1,0,1,1,1,1,1
11/5/2025 16:47,1.4322,1.1541,0.035,1.1313,1.24675,1.4322,1.1541,1.1313,1.775,23.873,2.1241,48.7188,48.7188,48.7188,23.873,2.1241,,,,46.5947,21.7489,22.098,22.7189,22.4408,1,1,1,0,1,1,0,1,1,1,1,1
11/5/2025 16:52,1.4334,1.1516,0.0313,1.1075,1.23915,1.4334,1.1516,1.1075,1.8,23.9125,2.1241,48.6875,48.6875,48.6875,23.9125,2.1241,,,,46.5634,21.7884,22.1125,22.7609,22.4791,1,1,1,0,1,1,0,1,1,1,1,1
11/5/2025 16:57,1.435,1.1534,0.0362,1.1275,1.24505,1.435,1.1534,1.1275,1.8,23.8758,2.1223,48.7375,48.7375,48.7375,23.8758,2.1223,,,,46.6152,21.7535,22.0758,22.7224,22.4408,1,1,1,0,1,1,0,1,1,1,1,1
11/5/2025 17:02,1.4303,1.1566,0.0338,1.1287,1.2457,1.4303,1.1566,1.1287,1.875,23.8843,2.126,48.7625,48.7625,48.7625,23.8843,2.126,,,,46.6365,21.7583,22.0093,22.7277,22.454,1,1,1,0,1,1,0,1,1,1,1,1
11/5/2025 17:07,1.4306,1.1534,0.035,1.1475,1.25405,1.4306,1.1534,1.1475,1.75,23.8588,2.1241,48.6375,48.6375,48.6375,23.8588,2.1241,,,,46.5134,21.7347,22.1088,22.7054,22.4282,1,1,1,0,1,1,0,1,1,1,1,1
11/5/2025 17:12,1.4266,1.1519,0.0362,1.1313,1.24275,1.4266,1.1519,1.1313,1.775,23.8956,2.1205,48.7063,48.7063,48.7063,23.8956,2.1205,,,,46.5858,21.7751,22.1206,22.7437,22.469,1,1,1,0,1,1,0,1,1,1,1,1
11/5/2025 17:17,1.4288,1.1553,0.0313,1.1313,1.24875,1.4288,1.1553,1.1313,1.75,23.8645,2.1241,48.8063,48.8063,48.8063,23.8645,2.1241,,,,46.6822,21.7404,22.1145,22.7092,22.4357,1,1,1,0,1,1,0,1,1,1,1,1
11/5/2025 17:22,1.4338,1.1519,0.0313,1.1338,1.2525,1.4338,1.1519,1.1338,1.775,23.8814,2.126,48.7125,48.7125,48.7125,23.8814,2.126,,,,46.5865,21.7554,22.1064,22.7295,22.4476,1,1,1,0,1,1,0,1,1,1,1,1
11/5/2025 17:27,1.4331,1.1513,0.0338,1.1338,1.24965,1.4331,1.1513,1.1338,1.75,23.8673,2.1223,48.5,48.5,48.5,23.8673,2.1223,,,,46.3777,21.745,22.1173,22.716,22.4342,1,1,1,0,1,1,0,1,1,1,1,1
11/5/2025 17:32,1.4309,1.1525,0.03,1.1263,1.2486,1.4309,1.1525,1.1263,1.85,23.8588,2.1187,48.575,48.575,48.575,23.8588,2.1187,,,,46.4563,21.7401,22.0088,22.7063,22.4279,1,1,1,0,1,1,0,1,1,1,1,1
11/5/2025 17:37,1.4366,1.1528,0.0313,1.1413,1.25765,1.4366,1.1528,1.1413,1.875,23.8588,2.1223,48.7063,48.7063,48.7063,23.8588,2.1223,,,,46.584,21.7365,21.9838,22.706,22.4222,1,1,1,0,1,1,0,1,1,1,1,1
11/5/2025 17:42,1.435,1.1553,0.0362,1.1313,1.24695,1.435,1.1553,1.1313,1.8,23.8786,2.1223,48.625,48.625,48.625,23.8786,2.1223,,,,46.5027,21.7563,22.0786,22.7233,22.4436,1,1,1,0,1,1,0,1,1,1,1,1
11/5/2025 17:47,1.435,1.1519,0.0362,1.1338,1.2482,1.435,1.1519,1.1338,1.875,23.8673,2.1241,48.6313,48.6313,48.6313,23.8673,2.1241,,,,46.5072,21.7432,21.9923,22.7154,22.4323,1,1,1,0,1,1,0,1,1,1,1,1
11/5/2025 17:52,1.4297,1.1538,0.0362,1.1313,1.2443,1.4297,1.1538,1.1313,1.85,23.8503,2.1169,48.6,48.6,48.6,23.8503,2.1169,,,,46.4831,21.7334,22.0003,22.6965,22.4206,1,1,1,0,1,1,0,1,1,1,1,1
11/5/2025 17:57,1.4375,1.1534,0.035,1.1325,1.25,1.4375,1.1534,1.1325,1.8,23.8899,2.1223,48.6563,48.6563,48.6563,23.8899,2.1223,,,,46.534,21.7676,22.0899,22.7365,22.4524,1,1,1,0,1,1,0,1,1,1,1,1
11/5/2025 18:02,1.4278,1.155,0.0338,1.145,1.2526,1.4278,1.155,1.145,1.8,23.8871,2.1223,48.5188,48.5188,48.5188,23.8871,2.1223,,,,46.3965,21.7648,22.0871,22.7321,22.4593,1,1,1,0,1,1,0,1,1,1,1,1
11/5/2025 18:07,1.4394,1.1538,0.0313,1.1538,1.2653,1.4394,1.1538,1.1538,1.8,23.8701,2.1187,48.7625,48.7625,48.7625,23.8701,2.1187,,,,46.6438,21.7514,22.0701,22.7163,22.4307,1,1,1,0,1,1,0,1,1,1,1,1
11/5/2025 18:12,1.44,1.1538,0.0338,1.125,1.2487,1.44,1.1538,1.125,1.875,23.8899,2.1205,48.7313,48.7313,48.7313,23.8899,2.1205,,,,46.6108,21.7694,22.0149,22.7361,22.4499,1,1,1,0,1,1,0,1,1,1,1,1
11/5/2025 18:17,1.4378,1.1506,0.0338,1.1338,1.252,1.4378,1.1506,1.1338,1.8,23.8701,2.1151,48.6875,48.6875,48.6875,23.8701,2.1151,,,,46.5724,21.755,22.0701,22.7195,22.4323,1,1,1,0,1,1,0,1,1,1,1,1
11/5/2025 18:22,1.4338,1.1531,0.035,1.105,1.2344,1.4338,1.1531,1.105,1.8,23.8645,2.1223,48.8563,48.8563,48.8563,23.8645,2.1223,,,,46.734,21.7422,22.0645,22.7114,22.4307,1,1,1,0,1,1,0,1,1,1,1,1
11/5/2025 18:27,1.4406,1.1513,0.0313,1.115,1.2465,1.4406,1.1513,1.115,1.75,23.8758,2.1223,48.6938,48.6938,48.6938,23.8758,2.1223,,,,46.5715,21.7535,22.1258,22.7245,22.4352,1,1,1,0,1,1,0,1,1,1,1,1
11/5/2025 18:32,1.4272,1.1547,0.0313,1.1188,1.2417,1.4272,1.1547,1.1188,1.725,23.8701,2.1151,48.425,48.425,48.425,23.8701,2.1151,,,,46.3099,21.755,22.1451,22.7154,22.4429,1,1,1,0,1,1,0,1,1,1,1,1
11/5/2025 18:37,1.4356,1.1531,0.0338,1.1525,1.26025,1.4356,1.1531,1.1525,1.75,23.8786,2.1169,48.6375,48.6375,48.6375,23.8786,2.1169,,,,46.5206,21.7617,22.1286,22.7255,22.443,1,1,1,0,1,1,0,1,1,1,1,1
11/5/2025 18:42,1.4363,1.1519,0.0288,1.1387,1.2587,1.4363,1.1519,1.1387,1.75,23.8927,2.1151,48.5563,48.5563,48.5563,23.8927,2.1151,,,,46.4412,21.7776,22.1427,22.7408,22.4564,1,1,1,0,1,1,0,1,1,1,1,1
11/5/2025 18:47,1.4309,1.1513,0.0338,1.1413,1.2523,1.4309,1.1513,1.1413,1.725,23.8814,2.1205,48.8375,48.8375,48.8375,23.8814,2.1205,,,,46.717,21.7609,22.1564,22.7301,22.4505,1,1,1,0,1,1,0,1,1,1,1,1
11/5/2025 18:52,1.4325,1.1513,0.0313,1.1463,1.2581,1.4325,1.1513,1.1463,1.775,23.8419,2.1169,48.5625,48.5625,48.5625,23.8419,2.1169,,,,46.4456,21.725,22.0669,22.6906,22.4094,1,1,1,0,1,1,0,1,1,1,1,1
11/5/2025 18:57,1.4397,1.1522,0.03,1.1413,1.2605,1.4397,1.1522,1.1413,1.8,23.856,2.1223,48.8688,48.8688,48.8688,23.856,2.1223,,,,46.7465,21.7337,22.056,22.7038,22.4163,1,1,1,0,1,1,0,1,1,1,1,1
11/5/2025 19:02,1.4406,1.1531,0.03,1.1375,1.25905,1.4406,1.1531,1.1375,1.8,23.8758,2.1169,48.775,48.775,48.775,23.8758,2.1169,,,,46.6581,21.7589,22.0758,22.7227,22.4352,1,1,1,0,1,1,0,1,1,1,1,1
11/5/2025 19:07,1.4316,1.1525,0.0362,1.1287,1.24395,1.4316,1.1525,1.1287,1.775,23.8786,2.1241,48.7625,48.7625,48.7625,23.8786,2.1241,,,,46.6384,21.7545,22.1036,22.7261,22.447,1,1,1,0,1,1,0,1,1,1,1,1
11/5/2025 19:12,1.4372,1.1513,0.0313,1.1487,1.26165,1.4372,1.1513,1.1487,1.775,23.8532,2.126,48.7563,48.7563,48.7563,23.8532,2.126,,,,46.6303,21.7272,22.0782,22.7019,22.416,1,1,1,0,1,1,0,1,1,1,1,1
11/5/2025 19:17,1.4416,1.1531,0.0362,1.16,1.2646,1.4416,1.1531,1.16,1.775,23.8588,2.126,48.825,48.825,48.825,23.8588,2.126,,,,46.699,21.7328,22.0838,22.7057,22.4172,1,1,1,0,1,1,0,1,1,1,1,1
11/5/2025 19:22,1.4375,1.1528,0.0313,1.1525,1.2637,1.4375,1.1528,1.1525,1.8,23.8503,2.126,48.8938,48.8938,48.8938,23.8503,2.126,,,,46.7678,21.7243,22.0503,22.6975,22.4128,1,1,1,0,1,1,0,1,1,1,1,1
11/5/2025 19:27,1.4375,1.1503,0.0313,1.1663,1.2706,1.4375,1.1503,1.1663,1.8,23.8786,2.1205,48.7,48.7,48.7,23.8786,2.1205,,,,46.5795,21.7581,22.0786,22.7283,22.4411,1,1,1,0,1,1,0,1,1,1,1,1
11/5/2025 19:32,1.4391,1.1528,0.0338,1.12,1.24575,1.4391,1.1528,1.12,1.85,23.8673,2.1241,48.7,48.7,48.7,23.8673,2.1241,,,,46.5759,21.7432,22.0173,22.7145,22.4282,1,1,1,0,1,1,0,1,1,1,1,1
11/5/2025 19:37,1.4322,1.1513,0.035,1.16,1.2611,1.4322,1.1513,1.16,1.775,23.873,2.1187,48.725,48.725,48.725,23.873,2.1187,,,,46.6063,21.7543,22.098,22.7217,22.4408,1,1,1,0,1,1,0,1,1,1,1,1
11/5/2025 19:42,1.4459,1.1506,0.035,1.1375,1.2567,1.4459,1.1506,1.1375,1.775,23.8447,2.1296,49.1688,49.1688,49.1688,23.8447,2.1296,,,,47.0392,21.7151,22.0697,22.6941,22.3988,1,1,1,0,1,1,0,1,1,1,1,1
11/5/2025 19:47,1.4347,1.1516,0.0338,1.1375,1.2523,1.4347,1.1516,1.1375,1.85,23.8871,2.1205,48.925,48.925,48.925,23.8871,2.1205,,,,46.8045,21.7666,22.0371,22.7355,22.4524,1,1,1,0,1,1,0,1,1,1,1,1
11/5/2025 19:52,1.4397,1.1503,0.03,1.1287,1.2542,1.4397,1.1503,1.1287,1.775,23.8701,2.1205,48.75,48.75,48.75,23.8701,2.1205,,,,46.6295,21.7496,22.0951,22.7198,22.4304,1,1,1,0,1,1,0,1,1,1,1,1
11/5/2025 19:57,1.4369,1.1525,0.035,1.1587,1.2628,1.4369,1.1525,1.1587,1.775,23.8617,2.126,49.05,49.05,49.05,23.8617,2.126,,,,46.924,21.7357,22.0867,22.7092,22.4248,1,1,1,0,1,1,0,1,1,1,1,1
11/5/2025 20:02,1.4444,1.1522,0.0313,1.165,1.2734,1.4444,1.1522,1.165,1.775,23.8814,2.1223,48.775,48.775,48.775,23.8814,2.1223,,,,46.6527,21.7591,22.1064,22.7292,22.437,1,1,1,0,1,1,0,1,1,1,1,1
11/5/2025 20:07,1.4391,1.1509,0.0362,1.1387,1.2527,1.4391,1.1509,1.1387,1.75,23.8701,2.126,48.7688,48.7688,48.7688,23.8701,2.126,,,,46.6428,21.7441,22.1201,22.7192,22.431,1,1,1,0,1,1,0,1,1,1,1,1
11/5/2025 20:12,1.4369,1.1516,0.035,1.1487,1.2578,1.4369,1.1516,1.1487,1.725,23.8843,2.1169,48.7813,48.7813,48.7813,23.8843,2.1169,,,,46.6644,21.7674,22.1593,22.7327,22.4474,1,1,1,0,1,1,0,1,1,1,1,1
11/5/2025 20:17,1.4384,1.1503,0.035,1.1263,1.24735,1.4384,1.1503,1.1263,1.75,23.8927,2.1187,48.5625,48.5625,48.5625,23.8927,2.1187,,,,46.4438,21.774,22.1427,22.7424,22.4543,1,1,1,0,1,1,0,1,1,1,1,1
11/5/2025 20:22,1.4391,1.1519,0.03,1.1413,1.2602,1.4391,1.1519,1.1413,1.75,23.8814,2.1223,49.075,49.075,49.075,23.8814,2.1223,,,,46.9527,21.7591,22.1314,22.7295,22.4423,1,1,1,0,1,1,0,1,1,1,1,1
11/5/2025 20:27,1.4463,1.1525,0.03,1.1325,1.2594,1.4463,1.1525,1.1325,1.725,23.8786,2.1223,48.8813,48.8813,48.8813,23.8786,2.1223,,,,46.759,21.7563,22.1536,22.7261,22.4323,1,1,1,0,1,1,0,1,1,1,1,1
11/5/2025 20:32,1.4422,1.1506,0.0313,1.1275,1.25355,1.4422,1.1506,1.1275,1.75,23.8475,2.1223,48.7,48.7,48.7,23.8475,2.1223,,,,46.5777,21.7252,22.0975,22.6969,22.4053,1,1,1,0,1,1,0,1,1,1,1,1
11/5/2025 20:37,1.4359,1.1516,0.0338,1.1125,1.2404,1.4359,1.1516,1.1125,1.725,23.8956,2.126,48.7438,48.7438,48.7438,23.8956,2.126,,,,46.6178,21.7696,22.1706,22.744,22.4597,1,1,1,0,1,1,0,1,1,1,1,1
11/5/2025 20:42,1.4412,1.1513,0.0338,1.1138,1.2437,1.4412,1.1513,1.1138,1.775,23.8814,2.1223,48.8375,48.8375,48.8375,23.8814,2.1223,,,,46.7152,21.7591,22.1064,22.7301,22.4402,1,1,1,0,1,1,0,1,1,1,1,1
11/5/2025 20:47,1.4422,1.1534,0.04,1.1263,1.24425,1.4422,1.1534,1.1263,1.775,23.8899,2.1187,48.7438,48.7438,48.7438,23.8899,2.1187,,,,46.6251,21.7712,22.1149,22.7365,22.4477,1,1,1,0,1,1,0,1,1,1,1,1
11/5/2025 20:52,1.4406,1.1513,0.0362,1.1525,1.26035,1.4406,1.1513,1.1525,1.85,23.8927,2.1205,48.8813,48.8813,48.8813,23.8927,2.1205,,,,46.7608,21.7722,22.0427,22.7414,22.4521,1,1,1,0,1,1,0,1,1,1,1,1
11/5/2025 20:57,1.445,1.1506,0.035,1.1375,1.25625,1.445,1.1506,1.1375,1.775,23.8843,2.1223,49.1,49.1,49.1,23.8843,2.1223,,,,46.9777,21.762,22.1093,22.7337,22.4393,1,1,1,0,1,1,0,1,1,1,1,1
11/5/2025 21:02,1.4484,1.1519,0.0288,1.12,1.2554,1.4484,1.1519,1.12,1.775,23.8814,2.1241,48.9813,48.9813,48.9813,23.8814,2.1241,,,,46.8572,21.7573,22.1064,22.7295,22.433,1,1,1,0,1,1,0,1,1,1,1,1
11/5/2025 21:07,1.4359,1.1528,0.0362,1.135,1.24925,1.4359,1.1528,1.135,1.85,23.9012,2.126,48.9,48.9,48.9,23.9012,2.126,,,,46.774,21.7752,22.0512,22.7484,22.4653,1,1,1,0,1,1,0,1,1,1,1,1
11/5/2025 21:12,1.4438,1.1494,0.0313,1.1263,1.25375,1.4438,1.1494,1.1263,1.775,23.8927,2.1278,48.825,48.825,48.825,23.8927,2.1278,,,,46.6972,21.7649,22.1177,22.7433,22.4489,1,1,1,0,1,1,0,1,1,1,1,1
11/5/2025 21:17,1.4347,1.15,0.0313,1.1513,1.2617,1.4347,1.15,1.1513,1.725,23.8617,2.1223,49.05,49.05,49.05,23.8617,2.1223,,,,46.9277,21.7394,22.1367,22.7117,22.427,1,1,1,0,1,1,0,1,1,1,1,1
11/5/2025 21:22,1.4416,1.1487,0.03,1.1313,1.25645,1.4416,1.1487,1.1313,1.725,23.8843,2.1151,48.825,48.825,48.825,23.8843,2.1151,,,,46.7099,21.7692,22.1593,22.7356,22.4427,1,1,1,0,1,1,0,1,1,1,1,1
11/5/2025 21:27,1.4434,1.1509,0.0338,1.14,1.2579,1.4434,1.1509,1.14,1.725,23.8758,2.126,48.8563,48.8563,48.8563,23.8758,2.126,,,,46.7303,21.7498,22.1508,22.7249,22.4324,1,1,1,0,1,1,0,1,1,1,1,1
11/5/2025 21:32,1.4412,1.1522,0.0313,1.1225,1.25055,1.4412,1.1522,1.1225,1.725,23.8871,2.1205,48.7625,48.7625,48.7625,23.8871,2.1205,,,,46.642,21.7666,22.1621,22.7349,22.4459,1,1,1,0,1,1,0,1,1,1,1,1
11/5/2025 21:37,1.4441,1.1497,0.0338,1.105,1.24075,1.4441,1.1497,1.105,1.75,23.8899,2.126,48.8688,48.8688,48.8688,23.8899,2.126,,,,46.7428,21.7639,22.1399,22.7402,22.4458,1,1,1,0,1,1,0,1,1,1,1,1
11/5/2025 21:42,1.4372,1.1525,0.035,1.14,1.2536,1.4372,1.1525,1.14,1.75,23.8503,2.1187,48.6188,48.6188,48.6188,23.8503,2.1187,,,,46.5001,21.7316,22.1003,22.6978,22.4131,1,1,1,0,1,1,0,1,1,1,1,1
11/5/2025 21:47,1.4403,1.1525,0.035,1.1513,1.2608,1.4403,1.1525,1.1513,1.75,23.8758,2.126,49.0875,49.0875,49.0875,23.8758,2.126,,,,46.9615,21.7498,22.1258,22.7233,22.4355,1,1,1,0,1,1,0,1,1,1,1,1
11/5/2025 21:52,1.4409,1.1534,0.0362,1.1263,1.2474,1.4409,1.1534,1.1263,1.75,23.8843,2.1223,48.5813,48.5813,48.5813,23.8843,2.1223,,,,46.459,21.762,22.1343,22.7309,22.4434,1,1,1,0,1,1,0,1,1,1,1,1
11/5/2025 21:57,1.4422,1.1503,0.03,1.1313,1.25675,1.4422,1.1503,1.1313,1.75,23.8899,2.1151,48.9188,48.9188,48.9188,23.8899,2.1151,,,,46.8037,21.7748,22.1399,22.7396,22.4477,1,1,1,0,1,1,0,1,1,1,1,1
11/5/2025 22:02,1.4388,1.1513,0.03,1.1287,1.25375,1.4388,1.1513,1.1287,1.75,23.8588,2.135,48.825,48.825,48.825,23.8588,2.135,,,,46.69,21.7238,22.1088,22.7075,22.42,1,1,1,0,1,1,0,1,1,1,1,1
11/5/2025 22:07,1.4431,1.1513,0.0313,1.1263,1.2534,1.4431,1.1513,1.1263,1.675,23.8843,2.1187,48.8,48.8,48.8,23.8843,2.1187,,,,46.6813,21.7656,22.2093,22.733,22.4412,1,1,1,0,1,1,0,1,1,1,1,1
11/5/2025 22:12,1.4359,1.1519,0.0362,1.1413,1.2524,1.4359,1.1519,1.1413,1.725,23.8645,2.1223,48.6688,48.6688,48.6688,23.8645,2.1223,,,,46.5465,21.7422,22.1395,22.7126,22.4286,1,1,1,0,1,1,0,1,1,1,1,1
11/5/2025 22:17,1.4488,1.1497,0.035,1.1587,1.26875,1.4488,1.1497,1.1587,1.675,23.8701,2.1241,49.0313,49.0313,49.0313,23.8701,2.1241,,,,46.9072,21.746,22.1951,22.7204,22.4213,1,1,1,0,1,1,0,1,1,1,1,1
11/5/2025 22:22,1.4441,1.1503,0.0313,1.1325,1.257,1.4441,1.1503,1.1325,1.725,23.8588,2.126,49.0375,49.0375,49.0375,23.8588,2.126,,,,46.9115,21.7328,22.1338,22.7085,22.4147,1,1,1,0,1,1,0,1,1,1,1,1
11/5/2025 22:27,1.4409,1.1506,0.035,1.1313,1.2511,1.4409,1.1506,1.1313,1.75,23.8588,2.1223,48.7813,48.7813,48.7813,23.8588,2.1223,,,,46.659,21.7365,22.1088,22.7082,22.4179,1,1,1,0,1,1,0,1,1,1,1,1
11/5/2025 22:32,1.4397,1.1522,0.0313,1.1538,1.26545,1.4397,1.1522,1.1538,1.675,23.8645,2.1133,48.775,48.775,48.775,23.8645,2.1133,,,,46.6617,21.7512,22.1895,22.7123,22.4248,1,1,1,0,1,1,0,1,1,1,1,1
11/5/2025 22:37,1.4359,1.1491,0.0362,1.1487,1.2561,1.4359,1.1491,1.1487,1.75,23.8447,2.1187,48.7063,48.7063,48.7063,23.8447,2.1187,,,,46.5876,21.726,22.0947,22.6956,22.4088,1,1,1,0,1,1,0,1,1,1,1,1
11/5/2025 22:42,1.4441,1.1497,0.03,1.1725,1.2783,1.4441,1.1497,1.1725,1.675,23.8786,2.1169,48.8875,48.8875,48.8875,23.8786,2.1169,,,,46.7706,21.7617,22.2036,22.7289,22.4345,1,1,1,0,1,1,0,1,1,1,1,1
11/5/2025 22:47,1.4416,1.1513,0.035,1.155,1.2633,1.4416,1.1513,1.155,1.8,23.8362,2.1223,48.7563,48.7563,48.7563,23.8362,2.1223,,,,46.634,21.7139,22.0362,22.6849,22.3946,1,1,1,0,1,1,0,1,1,1,1,1
11/5/2025 22:52,1.4425,1.1509,0.0338,1.1387,1.2568,1.4425,1.1509,1.1387,1.775,23.8956,2.1241,48.7563,48.7563,48.7563,23.8956,2.1241,,,,46.6322,21.7715,22.1206,22.7447,22.4531,1,1,1,0,1,1,0,1,1,1,1,1
11/5/2025 22:57,1.4375,1.1494,0.0338,1.1425,1.2562,1.4375,1.1494,1.1425,1.8,23.8814,2.1169,48.5313,48.5313,48.5313,23.8814,2.1169,,,,46.4144,21.7645,22.0814,22.732,22.4439,1,1,1,0,1,1,0,1,1,1,1,1
11/5/2025 23:02,1.445,1.1506,0.03,1.1713,1.27815,1.445,1.1506,1.1713,1.775,23.8871,2.1133,48.7188,48.7188,48.7188,23.8871,2.1133,,,,46.6055,21.7738,22.1121,22.7365,22.4421,1,1,1,0,1,1,0,1,1,1,1,1
11/5/2025 23:07,1.4384,1.1497,0.03,1.1287,1.25355,1.4384,1.1497,1.1287,1.775,23.8843,2.1151,48.825,48.825,48.825,23.8843,2.1151,,,,46.7099,21.7692,22.1093,22.7346,22.4459,1,1,1,0,1,1,0,1,1,1,1,1
11/5/2025 23:12,1.4475,1.1513,0.0362,1.1225,1.2488,1.4475,1.1513,1.1225,1.775,23.873,2.1151,48.6625,48.6625,48.6625,23.873,2.1151,,,,46.5474,21.7579,22.098,22.7217,22.4255,1,1,1,0,1,1,0,1,1,1,1,1
11/5/2025 23:17,1.4459,1.1497,0.0288,1.1387,1.2635,1.4459,1.1497,1.1387,1.875,23.8701,2.1169,48.975,48.975,48.975,23.8701,2.1169,,,,46.8581,21.7532,21.9951,22.7204,22.4242,1,1,1,0,1,1,0,1,1,1,1,1
11/5/2025 23:22,1.4431,1.1481,0.0313,1.145,1.26275,1.4431,1.1481,1.145,1.775,23.856,2.1115,48.9313,48.9313,48.9313,23.856,2.1115,,,,46.8198,21.7445,22.081,22.7079,22.4129,1,1,1,0,1,1,0,1,1,1,1,1
11/5/2025 23:27,1.4403,1.1487,0.0338,1.1213,1.247,1.4403,1.1487,1.1213,1.775,23.8334,2.1187,48.8813,48.8813,48.8813,23.8334,2.1187,,,,46.7626,21.7147,22.0584,22.6847,22.3931,1,1,1,0,1,1,0,1,1,1,1,1
11/5/2025 23:32,1.4441,1.1484,0.035,1.155,1.26455,1.4441,1.1484,1.155,1.775,23.8871,2.1115,48.725,48.725,48.725,23.8871,2.1115,,,,46.6135,21.7756,22.1121,22.7387,22.443,1,1,1,0,1,1,0,1,1,1,1,1
11/5/2025 23:37,1.4441,1.1509,0.03,1.17,1.27705,1.4441,1.1509,1.17,1.75,23.856,2.1169,48.8375,48.8375,48.8375,23.856,2.1169,,,,46.7206,21.7391,22.106,22.7051,22.4119,1,1,1,0,1,1,0,1,1,1,1,1
11/5/2025 23:42,1.4438,1.1494,0.0362,1.1375,1.25445,1.4438,1.1494,1.1375,1.675,23.8447,2.1205,49.1313,49.1313,49.1313,23.8447,2.1205,,,,47.0108,21.7242,22.1697,22.6953,22.4009,1,1,1,0,1,1,0,1,1,1,1,1
11/5/2025 23:47,1.4456,1.1503,0.0313,1.17,1.2765,1.4456,1.1503,1.17,1.75,23.8673,2.1151,48.675,48.675,48.675,23.8673,2.1151,,,,46.5599,21.7522,22.1173,22.717,22.4217,1,1,1,0,1,1,0,1,1,1,1,1
11/5/2025 23:52,1.4397,1.1487,0.0338,1.1675,1.2698,1.4397,1.1487,1.1675,1.675,23.8814,2.1133,48.775,48.775,48.775,23.8814,2.1133,,,,46.6617,21.7681,22.2064,22.7327,22.4417,1,1,1,0,1,1,0,1,1,1,1,1
11/5/2025 23:57,1.4431,1.1487,0.0338,1.1325,1.254,1.4431,1.1487,1.1325,1.725,23.8786,2.1187,48.7688,48.7688,48.7688,23.8786,2.1187,,,,46.6501,21.7599,22.1536,22.7299,22.4355,1,1,1,0,1,1,0,1,1,1,1,1
11/6/2025 0:02,1.4313,1.1478,0.0313,1.1613,1.265,1.4313,1.1478,1.1613,1.8,23.8617,2.1133,48.725,48.725,48.725,23.8617,2.1133,,,,46.6117,21.7484,22.0617,22.7139,22.4304,1,1,1,0,1,1,0,1,1,1,1,1
11/6/2025 0:07,1.4409,1.1484,0.0338,1.1587,1.266,1.4409,1.1484,1.1587,1.65,23.8701,2.1223,49.0688,49.0688,49.0688,23.8701,2.1223,,,,46.9465,21.7478,22.2201,22.7217,22.4292,1,1,1,0,1,1,0,1,1,1,1,1
11/6/2025 0:12,1.4372,1.1497,0.035,1.145,1.2561,1.4372,1.1497,1.145,1.75,23.8645,2.1187,49.1063,49.1063,49.1063,23.8645,2.1187,,,,46.9876,21.7458,22.1145,22.7148,22.4273,1,1,1,0,1,1,0,1,1,1,1,1
11/6/2025 0:17,1.4453,1.1484,0.035,1.155,1.26515,1.4453,1.1484,1.155,1.725,23.8701,2.1187,49.2063,49.2063,49.2063,23.8701,2.1187,,,,47.0876,21.7514,22.1451,22.7217,22.4248,1,1,1,0,1,1,0,1,1,1,1,1
11/6/2025 0:22,1.4463,1.1506,0.0362,1.1325,1.2532,1.4463,1.1506,1.1325,1.775,23.873,2.1133,48.9063,48.9063,48.9063,23.873,2.1133,,,,46.793,21.7597,22.098,22.7224,22.4267,1,1,1,0,1,1,0,1,1,1,1,1
11/6/2025 0:27,1.4363,1.1475,0.0338,1.1275,1.2481,1.4363,1.1475,1.1275,1.775,23.8136,2.1151,48.9063,48.9063,48.9063,23.8136,2.1151,,,,46.7912,21.6985,22.0386,22.6661,22.3773,1,1,1,0,1,1,0,1,1,1,1,1
11/6/2025 0:32,1.4388,1.1478,0.0338,1.1463,1.25875,1.4388,1.1478,1.1463,1.75,23.8673,2.1169,48.6375,48.6375,48.6375,23.8673,2.1169,,,,46.5206,21.7504,22.1173,22.7195,22.4285,1,1,1,0,1,1,0,1,1,1,1,1
11/6/2025 0:37,1.4441,1.15,0.0313,1.1613,1.2714,1.4441,1.15,1.1613,1.75,23.8475,2.1097,48.9,48.9,48.9,23.8475,2.1097,,,,46.7903,21.7378,22.0975,22.6975,22.4034,1,1,1,0,1,1,0,1,1,1,1,1
11/6/2025 0:42,1.4434,1.15,0.0338,1.135,1.2554,1.4434,1.15,1.135,1.725,23.8814,2.1187,48.8,48.8,48.8,23.8814,2.1187,,,,46.6813,21.7627,22.1564,22.7314,22.438,1,1,1,0,1,1,0,1,1,1,1,1
11/6/2025 0:47,1.4431,1.1481,0.035,1.1525,1.2628,1.4431,1.1481,1.1525,1.675,23.8617,2.1097,48.725,48.725,48.725,23.8617,2.1097,,,,46.6153,21.752,22.1867,22.7136,22.4186,1,1,1,0,1,1,0,1,1,1,1,1
11/6/2025 0:52,1.4434,1.1503,0.0338,1.1538,1.2648,1.4434,1.1503,1.1538,1.675,23.8532,2.1097,48.6938,48.6938,48.6938,23.8532,2.1097,,,,46.5841,21.7435,22.1782,22.7029,22.4098,1,1,1,0,1,1,0,1,1,1,1,1
11/6/2025 0:57,1.4509,1.1491,0.035,1.165,1.27295,1.4509,1.1491,1.165,1.65,23.8617,2.1205,48.8875,48.8875,48.8875,23.8617,2.1205,,,,46.767,21.7412,22.2117,22.7126,22.4108,1,1,1,0,1,1,0,1,1,1,1,1
11/6/2025 1:02,0.0509,1.1481,0.0275,0.0638,0.02985,0.0509,1.1481,0.0638,1.675,0,-0.0036,0.0063,0.0063,0.0063,0,0.0036,,,,0.0027,-0.0036,-1.675,-1.1481,-0.0509,1,1,1,0,1,1,0,1,1,1,1,1
11/6/2025 1:07,0.0094,1.1487,0,0,0.0047,0.0094,1.1487,0,1.75,0,-0.0054,0.2375,0.2375,0.2375,0,0.0054,,,,0.2321,-0.0054,-1.75,-1.1487,-0.0094,1,1,1,0,1,1,0,1,1,1,1,1
11/6/2025 8:24,1.4819,1.0738,0.0362,1.0938,1.25165,1.4819,1.0738,1.0938,1.65,23.1182,2.0537,29,29,29,23.1182,2.0537,,,,26.9463,21.0645,21.4682,22.0444,21.6363,1,1,1,0,1,1,0,1,1,1,1,1
11/6/2025 8:29,1.445,1.1725,0.0375,1.1487,1.25935,1.445,1.1725,1.1487,1.65,23.9352,2.0158,48.9313,48.9313,48.9313,23.9352,2.0158,,,,46.9155,21.9194,22.2852,22.7627,22.4902,1,1,1,0,1,1,0,1,1,1,1,1
11/6/2025 8:34,1.4422,1.1506,0.0362,1.1675,1.26865,1.4422,1.1506,1.1675,1.65,23.9154,2.032,48.6938,48.6938,48.6938,23.9154,2.032,,,,46.6618,21.8834,22.2654,22.7648,22.4732,1,1,1,0,1,1,0,1,1,1,1,1
11/6/2025 8:39,1.4434,1.1441,0.0362,1.1638,1.2674,1.4434,1.1441,1.1638,1.675,23.9069,2.0573,48.9875,48.9875,48.9875,23.9069,2.0573,,,,46.9302,21.8496,22.2319,22.7628,22.4635,1,1,1,0,1,1,0,1,1,1,1,1
11/6/2025 8:44,1.4453,1.1416,0.0362,1.155,1.26395,1.4453,1.1416,1.155,1.65,23.9069,2.0663,48.775,48.775,48.775,23.9069,2.0663,,,,46.7087,21.8406,22.2569,22.7653,22.4616,1,1,1,0,1,1,0,1,1,1,1,1
11/6/2025 8:49,1.4328,1.1381,0.0362,1.1225,1.24145,1.4328,1.1381,1.1225,1.725,23.8956,2.0772,48.875,48.875,48.875,23.8956,2.0772,,,,46.7978,21.8184,22.1706,22.7575,22.4628,1,1,1,0,1,1,0,1,1,1,1,1
11/6/2025 8:54,1.4378,1.1375,0.04,1.115,1.2364,1.4378,1.1375,1.115,1.65,23.8956,2.0844,48.6125,48.6125,48.6125,23.8956,2.0844,,,,46.5281,21.8112,22.2456,22.7581,22.4578,1,1,1,0,1,1,0,1,1,1,1,1
11/6/2025 8:59,1.4338,1.1394,0.035,1.155,1.2594,1.4338,1.1394,1.155,1.65,23.8758,2.0934,48.975,48.975,48.975,23.8758,2.0934,,,,46.8816,21.7824,22.2258,22.7364,22.442,1,1,1,0,1,1,0,1,1,1,1,1
11/6/2025 9:04,1.44,1.1387,0.035,1.1325,1.25125,1.44,1.1387,1.1325,1.675,23.9041,2.0934,48.7875,48.7875,48.7875,23.9041,2.0934,,,,46.6941,21.8107,22.2291,22.7654,22.4641,1,1,1,0,1,1,0,1,1,1,1,1
11/6/2025 9:09,1.4391,1.1391,0.0362,1.1163,1.2415,1.4391,1.1391,1.1163,1.65,23.938,2.0916,48.8438,48.8438,48.8438,23.938,2.0916,,,,46.7522,21.8464,22.288,22.7989,22.4989,1,1,1,0,1,1,0,1,1,1,1,1
11/6/2025 9:14,1.4313,1.1413,0.0413,1.1513,1.25,1.4313,1.1413,1.1513,1.675,23.873,2.0808,48.5813,48.5813,48.5813,23.873,2.0808,,,,46.5005,21.7922,22.198,22.7317,22.4417,1,1,1,0,1,1,0,1,1,1,1,1
11/6/2025 9:19,1.4319,1.1394,0.035,1.1638,1.26285,1.4319,1.1394,1.1638,1.65,23.8786,2.0754,48.8,48.8,48.8,23.8786,2.0754,,,,46.7246,21.8032,22.2286,22.7392,22.4467,1,1,1,0,1,1,0,1,1,1,1,1
11/6/2025 9:24,1.4259,1.1381,0.035,1.1587,1.2573,1.4259,1.1381,1.1587,1.675,23.856,2.088,48.6125,48.6125,48.6125,23.856,2.088,,,,46.5245,21.768,22.181,22.7179,22.4301,1,1,1,0,1,1,0,1,1,1,1,1
11/6/2025 9:29,1.4369,1.14,0.0362,1.115,1.23975,1.4369,1.14,1.115,1.675,23.8334,2.0898,48.675,48.675,48.675,23.8334,2.0898,,,,46.5852,21.7436,22.1584,22.6934,22.3965,1,1,1,0,1,1,0,1,1,1,1,1
11/6/2025 9:34,1.4353,1.1428,0.0338,1.125,1.24635,1.4353,1.1428,1.125,1.65,23.8871,2.0826,48.8438,48.8438,48.8438,23.8871,2.0826,,,,46.7612,21.8045,22.2371,22.7443,22.4518,1,1,1,0,1,1,0,1,1,1,1,1
11/6/2025 9:39,1.4347,1.1403,0.0362,1.1225,1.2424,1.4347,1.1403,1.1225,1.725,23.8645,2.0826,48.7438,48.7438,48.7438,23.8645,2.0826,,,,46.6612,21.7819,22.1395,22.7242,22.4298,1,1,1,0,1,1,0,1,1,1,1,1
11/6/2025 9:44,1.4344,1.1441,0.04,1.135,1.2447,1.4344,1.1441,1.135,1.675,23.856,2.088,48.725,48.725,48.725,23.856,2.088,,,,46.637,21.768,22.181,22.7119,22.4216,1,1,1,0,1,1,0,1,1,1,1,1
11/6/2025 9:49,1.4303,1.1381,0.0338,1.1613,1.262,1.4303,1.1381,1.1613,1.65,23.8362,2.088,48.875,48.875,48.875,23.8362,2.088,,,,46.787,21.7482,22.1862,22.6981,22.4059,1,1,1,0,1,1,0,1,1,1,1,1
11/6/2025 9:54,1.4297,1.1391,0.035,1.14,1.24985,1.4297,1.1391,1.14,1.65,23.856,2.0862,48.5813,48.5813,48.5813,23.856,2.0862,,,,46.4951,21.7698,22.206,22.7169,22.4263,1,1,1,0,1,1,0,1,1,1,1,1
11/6/2025 9:59,1.4341,1.1409,0.04,1.1387,1.2464,1.4341,1.1409,1.1387,1.65,23.873,2.0898,48.6688,48.6688,48.6688,23.873,2.0898,,,,46.579,21.7832,22.223,22.7321,22.4389,1,1,1,0,1,1,0,1,1,1,1,1
11/6/2025 10:04,1.4331,1.1397,0.0375,1.1313,1.2447,1.4331,1.1397,1.1313,1.65,23.8532,2.0826,48.7625,48.7625,48.7625,23.8532,2.0826,,,,46.6799,21.7706,22.2032,22.7135,22.4201,1,1,1,0,1,1,0,1,1,1,1,1
11/6/2025 10:09,1.4313,1.1394,0.0362,1.1425,1.2507,1.4313,1.1394,1.1425,1.65,23.873,2.0862,48.6563,48.6563,48.6563,23.873,2.0862,,,,46.5701,21.7868,22.223,22.7336,22.4417,1,1,1,0,1,1,0,1,1,1,1,1
11/6/2025 10:14,1.4341,1.1428,0.0362,1.17,1.26585,1.4341,1.1428,1.17,1.675,23.8956,2.0826,48.7938,48.7938,48.7938,23.8956,2.0826,,,,46.7112,21.813,22.2206,22.7528,22.4615,1,1,1,0,1,1,0,1,1,1,1,1
11/6/2025 10:19,1.4381,1.1419,0.0313,1.1163,1.2459,1.4381,1.1419,1.1163,1.675,23.8617,2.088,48.6313,48.6313,48.6313,23.8617,2.088,,,,46.5433,21.7737,22.1867,22.7198,22.4236,1,1,1,0,1,1,0,1,1,1,1,1
11/6/2025 10:24,1.4303,1.1425,0.035,1.1525,1.2564,1.4303,1.1425,1.1525,1.65,23.8617,2.0862,48.6688,48.6688,48.6688,23.8617,2.0862,,,,46.5826,21.7755,22.2117,22.7192,22.4314,1,1,1,0,1,1,0,1,1,1,1,1
11/6/2025 10:29,1.4384,1.1413,0.035,1.1413,1.25485,1.4384,1.1413,1.1413,1.725,23.856,2.0808,48.6563,48.6563,48.6563,23.856,2.0808,,,,46.5755,21.7752,22.131,22.7147,22.4176,1,1,1,0,1,1,0,1,1,1,1,1
11/6/2025 10:34,1.4266,1.1438,0.035,1.155,1.2558,1.4266,1.1438,1.155,1.725,23.8673,2.0862,48.5938,48.5938,48.5938,23.8673,2.0862,,,,46.5076,21.7811,22.1423,22.7235,22.4407,1,1,1,0,1,1,0,1,1,1,1,1
11/6/2025 10:39,1.4306,1.1425,0.0375,1.1387,1.24715,1.4306,1.1425,1.1387,1.675,23.8701,2.0826,48.4625,48.4625,48.4625,23.8701,2.0826,,,,46.3799,21.7875,22.1951,22.7276,22.4395,1,1,1,0,1,1,0,1,1,1,1,1
11/6/2025 10:44,1.4334,1.1438,0.03,1.14,1.2567,1.4334,1.1438,1.14,1.725,23.8701,2.0898,48.725,48.725,48.725,23.8701,2.0898,,,,46.6352,21.7803,22.1451,22.7263,22.4367,1,1,1,0,1,1,0,1,1,1,1,1
11/6/2025 10:49,1.4294,1.1419,0.0413,1.1325,1.23965,1.4294,1.1419,1.1325,1.675,23.8617,2.0971,48.725,48.725,48.725,23.8617,2.0971,,,,46.6279,21.7646,22.1867,22.7198,22.4323,1,1,1,0,1,1,0,1,1,1,1,1
11/6/2025 10:54,1.4303,1.1391,0.035,1.1125,1.2364,1.4303,1.1391,1.1125,1.725,23.8588,2.0862,48.7125,48.7125,48.7125,23.8588,2.0862,,,,46.6263,21.7726,22.1338,22.7197,22.4285,1,1,1,0,1,1,0,1,1,1,1,1
11/6/2025 10:59,1.4228,1.1403,0.0338,1.1263,1.24075,1.4228,1.1403,1.1263,1.75,23.8588,2.0898,48.7813,48.7813,48.7813,23.8588,2.0898,,,,46.6915,21.769,22.1088,22.7185,22.436,1,1,1,0,1,1,0,1,1,1,1,1
11/6/2025 11:04,1.4241,1.1422,0.0375,1.135,1.24205,1.4241,1.1422,1.135,1.675,23.8362,2.0862,48.8,48.8,48.8,23.8362,2.0862,,,,46.7138,21.75,22.1612,22.694,22.4121,1,1,1,0,1,1,0,1,1,1,1,1
11/6/2025 11:09,1.4234,1.1444,0.035,1.125,1.2392,1.4234,1.1444,1.125,1.65,23.8588,2.0862,48.5438,48.5438,48.5438,23.8588,2.0862,,,,46.4576,21.7726,22.2088,22.7144,22.4354,1,1,1,0,1,1,0,1,1,1,1,1
11/6/2025 11:14,1.4288,1.1428,0.035,1.1538,1.2563,1.4288,1.1428,1.1538,1.65,23.8419,2.0898,48.4375,48.4375,48.4375,23.8419,2.0898,,,,46.3477,21.7521,22.1919,22.6991,22.4131,1,1,1,0,1,1,0,1,1,1,1,1
11/6/2025 11:19,1.4284,1.1413,0.0338,1.1287,1.24475,1.4284,1.1413,1.1287,1.625,23.8645,2.0916,48.6563,48.6563,48.6563,23.8645,2.0916,,,,46.5647,21.7729,22.2395,22.7232,22.4361,1,1,1,0,1,1,0,1,1,1,1,1
11/6/2025 11:24,1.4247,1.14,0.0362,1.12,1.23615,1.4247,1.14,1.12,1.65,23.8306,2.0989,48.75,48.75,48.75,23.8306,2.0989,,,,46.6511,21.7317,22.1806,22.6906,22.4059,1,1,1,0,1,1,0,1,1,1,1,1
11/6/2025 11:29,1.4294,1.1403,0.04,1.1838,1.2666,1.4294,1.1403,1.1838,1.625,23.8617,2.0971,48.6563,48.6563,48.6563,23.8617,2.0971,,,,46.5592,21.7646,22.2367,22.7214,22.4323,1,1,1,0,1,1,0,1,1,1,1,1
11/6/2025 11:34,1.4284,1.1403,0.0375,1.12,1.2367,1.4284,1.1403,1.12,1.65,23.8843,2.0953,48.7125,48.7125,48.7125,23.8843,2.0953,,,,46.6172,21.789,22.2343,22.744,22.4559,1,1,1,0,1,1,0,1,1,1,1,1
11/6/2025 11:39,1.4303,1.1428,0.0338,1.1538,1.25825,1.4303,1.1428,1.1538,1.625,23.8673,2.0844,48.4438,48.4438,48.4438,23.8673,2.0844,,,,46.3594,21.7829,22.2423,22.7245,22.437,1,1,1,0,1,1,0,1,1,1,1,1
11/6/2025 11:44,1.4231,1.1434,0.035,1.1487,1.2509,1.4231,1.1434,1.1487,1.625,23.8532,2.1007,48.6375,48.6375,48.6375,23.8532,2.1007,,,,46.5368,21.7525,22.2282,22.7098,22.4301,1,1,1,0,1,1,0,1,1,1,1,1
11/6/2025 11:49,1.4291,1.1434,0.04,1.1525,1.2508,1.4291,1.1434,1.1525,1.625,23.8362,2.0934,48.4688,48.4688,48.4688,23.8362,2.0934,,,,46.3754,21.7428,22.2112,22.6928,22.4071,1,1,1,0,1,1,0,1,1,1,1,1
11/6/2025 11:54,1.4316,1.1413,0.0338,1.1387,1.25135,1.4316,1.1413,1.1387,1.625,23.873,2.0971,48.6688,48.6688,48.6688,23.873,2.0971,,,,46.5717,21.7759,22.248,22.7317,22.4414,1,1,1,0,1,1,0,1,1,1,1,1
11/6/2025 11:59,1.4272,1.1428,0.0362,1.1313,1.24305,1.4272,1.1428,1.1313,1.675,23.8588,2.0971,48.675,48.675,48.675,23.8588,2.0971,,,,46.5779,21.7617,22.1838,22.716,22.4316,1,1,1,0,1,1,0,1,1,1,1,1
11/6/2025 12:04,1.4259,1.1431,0.0338,1.1375,1.2479,1.4259,1.1431,1.1375,1.625,23.8532,2.0971,48.7,48.7,48.7,23.8532,2.0971,,,,46.6029,21.7561,22.2282,22.7101,22.4273,1,1,1,0,1,1,0,1,1,1,1,1
11/6/2025 12:09,1.4281,1.1434,0.035,1.1663,1.2622,1.4281,1.1434,1.1663,1.675,23.8362,2.0934,48.7,48.7,48.7,23.8362,2.0934,,,,46.6066,21.7428,22.1612,22.6928,22.4081,1,1,1,0,1,1,0,1,1,1,1,1
11/6/2025 12:14,1.43,1.1434,0.0375,1.1725,1.26375,1.43,1.1434,1.1725,1.625,23.8645,2.0989,48.3875,48.3875,48.3875,23.8645,2.0989,,,,46.2886,21.7656,22.2395,22.7211,22.4345,1,1,1,0,1,1,0,1,1,1,1,1
11/6/2025 12:19,1.4222,1.1441,0.035,1.135,1.2436,1.4222,1.1441,1.135,1.65,23.8588,2.0916,48.55,48.55,48.55,23.8588,2.0916,,,,46.4584,21.7672,22.2088,22.7147,22.4366,1,1,1,0,1,1,0,1,1,1,1,1
11/6/2025 12:24,1.4334,1.1438,0.035,1.1463,1.25485,1.4334,1.1438,1.1463,1.625,23.8786,2.1007,48.5688,48.5688,48.5688,23.8786,2.1007,,,,46.4681,21.7779,22.2536,22.7348,22.4452,1,1,1,0,1,1,0,1,1,1,1,1
11/6/2025 12:29,1.4303,1.1441,0.0338,1.1325,1.2476,1.4303,1.1441,1.1325,1.675,23.8108,2.0989,48.7188,48.7188,48.7188,23.8108,2.0989,,,,46.6199,21.7119,22.1358,22.6667,22.3805,1,1,1,0,1,1,0,1,1,1,1,1
11/6/2025 12:34,1.4209,1.1463,0.0288,1.1487,1.256,1.4209,1.1463,1.1487,1.625,23.8503,2.0989,48.5125,48.5125,48.5125,23.8503,2.0989,,,,46.4136,21.7514,22.2253,22.704,22.4294,1,1,1,0,1,1,0,1,1,1,1,1
11/6/2025 12:39,1.4244,1.1434,0.0362,1.1613,1.25665,1.4244,1.1434,1.1613,1.575,23.8588,2.0989,48.4563,48.4563,48.4563,23.8588,2.0989,,,,46.3574,21.7599,22.2838,22.7154,22.4344,1,1,1,0,1,1,0,1,1,1,1,1
11/6/2025 12:44,1.4206,1.1438,0.0362,1.1575,1.25285,1.4206,1.1438,1.1575,1.625,23.8588,2.0989,48.875,48.875,48.875,23.8588,2.0989,,,,46.7761,21.7599,22.2338,22.715,22.4382,1,1,1,0,1,1,0,1,1,1,1,1
11/6/2025 12:49,1.4269,1.1441,0.0313,1.17,1.26715,1.4269,1.1441,1.17,1.675,23.8419,2.1043,48.5813,48.5813,48.5813,23.8419,2.1043,,,,46.477,21.7376,22.1669,22.6978,22.415,1,1,1,0,1,1,0,1,1,1,1,1
11/6/2025 12:54,1.4259,1.1438,0.035,1.135,1.24545,1.4259,1.1438,1.135,1.65,23.8221,2.1079,48.4188,48.4188,48.4188,23.8221,2.1079,,,,46.3109,21.7142,22.1721,22.6783,22.3962,1,1,1,0,1,1,0,1,1,1,1,1
11/6/2025 12:59,1.4256,1.1428,0.0375,1.1463,1.24845,1.4256,1.1428,1.1463,1.65,23.8277,2.1061,48.5563,48.5563,48.5563,23.8277,2.1061,,,,46.4502,21.7216,22.1777,22.6849,22.4021,1,1,1,0,1,1,0,1,1,1,1,1
11/6/2025 13:04,1.4244,1.1456,0.03,1.1338,1.2491,1.4244,1.1456,1.1338,1.625,23.856,2.1025,48.5563,48.5563,48.5563,23.856,2.1025,,,,46.4538,21.7535,22.231,22.7104,22.4316,1,1,1,0,1,1,0,1,1,1,1,1
11/6/2025 13:09,1.425,1.1453,0.0313,1.1,1.2312,1.425,1.1453,1.1,1.625,23.8532,2.1043,48.5188,48.5188,48.5188,23.8532,2.1043,,,,46.4145,21.7489,22.2282,22.7079,22.4282,1,1,1,0,1,1,0,1,1,1,1,1
11/6/2025 13:14,1.4281,1.1447,0.0338,1.1225,1.2415,1.4281,1.1447,1.1225,1.65,23.8617,2.1061,48.6188,48.6188,48.6188,23.8617,2.1061,,,,46.5127,21.7556,22.2117,22.717,22.4336,1,1,1,0,1,1,0,1,1,1,1,1
11/6/2025 13:19,1.4325,1.1425,0.0338,1.1425,1.2537,1.4325,1.1425,1.1425,1.675,23.8532,2.1061,48.45,48.45,48.45,23.8532,2.1061,,,,46.3439,21.7471,22.1782,22.7107,22.4207,1,1,1,0,1,1,0,1,1,1,1,1
11/6/2025 13:24,1.4231,1.1484,0.0338,1.1338,1.24465,1.4231,1.1484,1.1338,1.675,23.8588,2.1097,48.575,48.575,48.575,23.8588,2.1097,,,,46.4653,21.7491,22.1838,22.7104,22.4357,1,1,1,0,1,1,0,1,1,1,1,1
11/6/2025 13:29,1.4313,1.1459,0.035,1.1413,1.2513,1.4313,1.1459,1.1413,1.675,23.8419,2.1061,48.825,48.825,48.825,23.8419,2.1061,,,,46.7189,21.7358,22.1669,22.696,22.4106,1,1,1,0,1,1,0,1,1,1,1,1
11/6/2025 13:34,1.4272,1.1463,0.0313,1.105,1.2348,1.4272,1.1463,1.105,1.65,23.8419,2.1079,48.9313,48.9313,48.9313,23.8419,2.1079,,,,46.8234,21.734,22.1919,22.6956,22.4147,1,1,1,0,1,1,0,1,1,1,1,1
11/6/2025 13:39,1.4272,1.1478,0.035,1.1525,1.25485,1.4272,1.1478,1.1525,1.65,23.8503,2.1061,48.4813,48.4813,48.4813,23.8503,2.1061,,,,46.3752,21.7442,22.2003,22.7025,22.4231,1,1,1,0,1,1,0,1,1,1,1,1
11/6/2025 13:44,1.4191,1.1472,0.0338,1.1463,1.2489,1.4191,1.1472,1.1463,1.65,23.8786,2.1133,48.825,48.825,48.825,23.8786,2.1133,,,,46.7117,21.7653,22.2286,22.7314,22.4595,1,1,1,0,1,1,0,1,1,1,1,1
11/6/2025 13:49,1.4238,1.1469,0.0338,1.135,1.2456,1.4238,1.1469,1.135,1.65,23.873,2.1097,48.7688,48.7688,48.7688,23.873,2.1097,,,,46.6591,21.7633,22.223,22.7261,22.4492,1,1,1,0,1,1,0,1,1,1,1,1
11/6/2025 13:54,1.4297,1.1484,0.035,1.1525,1.2561,1.4297,1.1484,1.1525,1.65,23.873,2.1169,48.9313,48.9313,48.9313,23.873,2.1169,,,,46.8144,21.7561,22.223,22.7246,22.4433,1,1,1,0,1,1,0,1,1,1,1,1
11/6/2025 13:59,1.4272,1.1466,0.03,1.1287,1.24795,1.4272,1.1466,1.1287,1.625,23.9097,2.1133,48.6938,48.6938,48.6938,23.9097,2.1133,,,,46.5805,21.7964,22.2847,22.7631,22.4825,1,1,1,0,1,1,0,1,1,1,1,1
11/6/2025 14:04,1.4253,1.1453,0.0313,1.1475,1.2551,1.4253,1.1453,1.1475,1.775,23.8814,2.1097,48.6188,48.6188,48.6188,23.8814,2.1097,,,,46.5091,21.7717,22.1064,22.7361,22.4561,1,1,1,0,1,1,0,1,1,1,1,1
11/6/2025 14:09,1.4259,1.1472,0.0313,1.0962,1.22975,1.4259,1.1472,1.0962,1.75,23.8701,2.1115,48.575,48.575,48.575,23.8701,2.1115,,,,46.4635,21.7586,22.1201,22.7229,22.4442,1,1,1,0,1,1,0,1,1,1,1,1
11/6/2025 14:14,1.4322,1.1459,0.035,1.125,1.2436,1.4322,1.1459,1.125,1.65,23.8588,2.1115,48.675,48.675,48.675,23.8588,2.1115,,,,46.5635,21.7473,22.2088,22.7129,22.4266,1,1,1,0,1,1,0,1,1,1,1,1
11/6/2025 14:19,1.4172,1.1463,0.0338,1.1575,1.25355,1.4172,1.1463,1.1575,1.675,23.8362,2.1133,48.5,48.5,48.5,23.8362,2.1133,,,,46.3867,21.7229,22.1612,22.6899,22.419,1,1,1,0,1,1,0,1,1,1,1,1
11/6/2025 14:24,1.4269,1.1459,0.03,1.1138,1.24035,1.4269,1.1459,1.1138,1.725,23.873,2.1115,48.5813,48.5813,48.5813,23.873,2.1115,,,,46.4698,21.7615,22.148,22.7271,22.4461,1,1,1,0,1,1,0,1,1,1,1,1
11/6/2025 14:29,1.4269,1.1478,0.03,1.1325,1.2497,1.4269,1.1478,1.1325,1.725,23.8899,2.1097,48.4563,48.4563,48.4563,23.8899,2.1097,,,,46.3466,21.7802,22.1649,22.7421,22.463,1,1,1,0,1,1,0,1,1,1,1,1
11/6/2025 14:34,1.4269,1.1459,0.0375,1.1475,1.2497,1.4269,1.1459,1.1475,1.675,23.8871,2.1151,48.625,48.625,48.625,23.8871,2.1151,,,,46.5099,21.772,22.2121,22.7412,22.4602,1,1,1,0,1,1,0,1,1,1,1,1
11/6/2025 14:39,1.4303,1.1456,0.0288,1.1138,1.24325,1.4303,1.1456,1.1138,1.675,23.8899,2.1133,48.7563,48.7563,48.7563,23.8899,2.1133,,,,46.643,21.7766,22.2149,22.7443,22.4596,1,1,1,0,1,1,0,1,1,1,1,1
11/6/2025 14:44,1.4241,1.1475,0.0313,1.1063,1.2339,1.4241,1.1475,1.1063,1.675,23.8899,2.1115,48.525,48.525,48.525,23.8899,2.1115,,,,46.4135,21.7784,22.2149,22.7424,22.4658,1,1,1,0,1,1,0,1,1,1,1,1
11/6/2025 14:49,1.4178,1.1469,0.0313,1.1413,1.24825,1.4178,1.1469,1.1413,1.725,23.8192,2.1151,48.875,48.875,48.875,23.8192,2.1151,,,,46.7599,21.7041,22.0942,22.6723,22.4014,1,1,1,0,1,1,0,1,1,1,1,1
11/6/2025 14:54,1.4256,1.1469,0.035,1.1713,1.26345,1.4256,1.1469,1.1713,1.65,23.856,2.1115,48.7563,48.7563,48.7563,23.856,2.1115,,,,46.6448,21.7445,22.206,22.7091,22.4304,1,1,1,0,1,1,0,1,1,1,1,1
11/6/2025 14:59,1.4228,1.1469,0.0313,1.1375,1.24885,1.4228,1.1469,1.1375,1.6,23.8532,2.1079,48.4188,48.4188,48.4188,23.8532,2.1079,,,,46.3109,21.7453,22.2532,22.7063,22.4304,1,1,1,0,1,1,0,1,1,1,1,1
11/6/2025 15:04,1.4231,1.1463,0.0288,1.1638,1.26465,1.4231,1.1463,1.1638,1.625,23.8645,2.1061,48.6125,48.6125,48.6125,23.8645,2.1061,,,,46.5064,21.7584,22.2395,22.7182,22.4414,1,1,1,0,1,1,0,1,1,1,1,1
11/6/2025 15:09,1.4284,1.1491,0.0313,1.1225,1.24415,1.4284,1.1491,1.1225,1.6,23.8419,2.1151,48.4313,48.4313,48.4313,23.8419,2.1151,,,,46.3162,21.7268,22.2419,22.6928,22.4135,1,1,1,0,1,1,0,1,1,1,1,1
11/6/2025 15:14,1.4125,1.1466,0.04,1.155,1.24375,1.4125,1.1466,1.155,1.6,23.8673,2.1133,48.75,48.75,48.75,23.8673,2.1133,,,,46.6367,21.754,22.2673,22.7207,22.4548,1,1,1,0,1,1,0,1,1,1,1,1
11/6/2025 15:19,1.4169,1.1456,0.0313,1.155,1.25465,1.4169,1.1456,1.155,1.625,23.8447,2.1187,48.6688,48.6688,48.6688,23.8447,2.1187,,,,46.5501,21.726,22.2197,22.6991,22.4278,1,1,1,0,1,1,0,1,1,1,1,1
11/6/2025 15:24,1.4156,1.1475,0.0288,1.1138,1.2359,1.4156,1.1475,1.1138,1.6,23.856,2.1205,48.575,48.575,48.575,23.856,2.1205,,,,46.4545,21.7355,22.256,22.7085,22.4404,1,1,1,0,1,1,0,1,1,1,1,1
11/6/2025 15:29,1.4178,1.1469,0.0275,1.1163,1.23955,1.4178,1.1469,1.1163,1.65,23.856,2.1115,48.475,48.475,48.475,23.856,2.1115,,,,46.3635,21.7445,22.206,22.7091,22.4382,1,1,1,0,1,1,0,1,1,1,1,1
11/6/2025 15:34,1.4241,1.1466,0.03,1.1338,1.24895,1.4241,1.1466,1.1338,1.625,23.8927,2.1151,48.5813,48.5813,48.5813,23.8927,2.1151,,,,46.4662,21.7776,22.2677,22.7461,22.4686,1,1,1,0,1,1,0,1,1,1,1,1
11/6/2025 15:39,1.4291,1.1487,0.0313,1.14,1.25325,1.4291,1.1487,1.14,1.575,23.8532,2.1151,48.675,48.675,48.675,23.8532,2.1151,,,,46.5599,21.7381,22.2782,22.7045,22.4241,1,1,1,0,1,1,0,1,1,1,1,1
11/6/2025 15:44,1.4269,1.1484,0.0338,1.145,1.25215,1.4269,1.1484,1.145,1.6,23.8645,2.1133,48.3688,48.3688,48.3688,23.8645,2.1133,,,,46.2555,21.7512,22.2645,22.7161,22.4376,1,1,1,0,1,1,0,1,1,1,1,1
11/6/2025 15:49,1.4234,1.1487,0.0338,1.1587,1.25725,1.4234,1.1487,1.1587,1.625,23.8503,2.1169,48.575,48.575,48.575,23.8503,2.1169,,,,46.4581,21.7334,22.2253,22.7016,22.4269,1,1,1,0,1,1,0,1,1,1,1,1
11/6/2025 15:54,1.4303,1.1481,0.0338,1.1225,1.2426,1.4303,1.1481,1.1225,1.625,23.856,2.1205,48.6688,48.6688,48.6688,23.856,2.1205,,,,46.5483,21.7355,22.231,22.7079,22.4257,1,1,1,0,1,1,0,1,1,1,1,1
11/6/2025 15:59,1.4281,1.1481,0.0338,1.1188,1.23965,1.4281,1.1481,1.1188,1.625,23.8588,2.1169,48.5625,48.5625,48.5625,23.8588,2.1169,,,,46.4456,21.7419,22.2338,22.7107,22.4307,1,1,1,0,1,1,0,1,1,1,1,1
11/6/2025 16:04,1.4263,1.1484,0.0313,1.1263,1.245,1.4263,1.1484,1.1263,1.575,23.8503,2.1115,48.6813,48.6813,48.6813,23.8503,2.1115,,,,46.5698,21.7388,22.2753,22.7019,22.424,1,1,1,0,1,1,0,1,1,1,1,1
11/6/2025 16:09,1.4206,1.1469,0.0338,1.1738,1.2634,1.4206,1.1469,1.1738,1.6,23.9012,2.1133,48.625,48.625,48.625,23.9012,2.1133,,,,46.5117,21.7879,22.3012,22.7543,22.4806,1,1,1,0,1,1,0,1,1,1,1,1
11/6/2025 16:14,1.4281,1.1466,0.035,1.125,1.24155,1.4281,1.1466,1.125,1.575,23.8843,2.126,48.6688,48.6688,48.6688,23.8843,2.126,,,,46.5428,21.7583,22.3093,22.7377,22.4562,1,1,1,0,1,1,0,1,1,1,1,1
11/6/2025 16:19,1.4234,1.1475,0.0313,1.1675,1.26415,1.4234,1.1475,1.1675,1.6,23.873,2.1151,48.65,48.65,48.65,23.873,2.1151,,,,46.5349,21.7579,22.273,22.7255,22.4496,1,1,1,0,1,1,0,1,1,1,1,1
11/6/2025 16:24,1.4272,1.1459,0.0313,1.1213,1.24295,1.4272,1.1459,1.1213,1.675,23.8617,2.1151,48.5813,48.5813,48.5813,23.8617,2.1151,,,,46.4662,21.7466,22.1867,22.7158,22.4345,1,1,1,0,1,1,0,1,1,1,1,1
11/6/2025 16:29,1.4309,1.1478,0.0338,1.155,1.25915,1.4309,1.1478,1.155,1.65,23.8927,2.1169,48.7875,48.7875,48.7875,23.8927,2.1169,,,,46.6706,21.7758,22.2427,22.7449,22.4618,1,1,1,0,1,1,0,1,1,1,1,1
11/6/2025 16:34,1.4269,1.1463,0.0313,1.1487,1.2565,1.4269,1.1463,1.1487,1.65,23.8645,2.1115,48.3563,48.3563,48.3563,23.8645,2.1115,,,,46.2448,21.753,22.2145,22.7182,22.4376,1,1,1,0,1,1,0,1,1,1,1,1
11/6/2025 16:39,1.4338,1.1472,0.0362,1.1538,1.2576,1.4338,1.1472,1.1538,1.65,23.8758,2.1115,48.725,48.725,48.725,23.8758,2.1115,,,,46.6135,21.7643,22.2258,22.7286,22.442,1,1,1,0,1,1,0,1,1,1,1,1
11/6/2025 16:44,1.4338,1.1459,0.0338,1.145,1.2556,1.4338,1.1459,1.145,1.65,23.8758,2.1115,48.8063,48.8063,48.8063,23.8758,2.1115,,,,46.6948,21.7643,22.2258,22.7299,22.442,1,1,1,0,1,1,0,1,1,1,1,1
11/6/2025 16:49,1.4294,1.1475,0.0313,1.135,1.2509,1.4294,1.1475,1.135,1.775,23.856,2.1115,48.8125,48.8125,48.8125,23.856,2.1115,,,,46.701,21.7445,22.081,22.7085,22.4266,1,1,1,0,1,1,0,1,1,1,1,1
11/6/2025 16:54,1.4294,1.1466,0.0338,1.165,1.2634,1.4294,1.1466,1.165,1.725,23.8617,2.1151,48.7438,48.7438,48.7438,23.8617,2.1151,,,,46.6287,21.7466,22.1367,22.7151,22.4323,1,1,1,0,1,1,0,1,1,1,1,1
11/6/2025 16:59,1.4294,1.1463,0.0338,1.1413,1.25155,1.4294,1.1463,1.1413,1.725,23.856,2.1133,48.8313,48.8313,48.8313,23.856,2.1133,,,,46.718,21.7427,22.131,22.7097,22.4266,1,1,1,0,1,1,0,1,1,1,1,1
11/6/2025 17:04,1.4291,1.1459,0.0338,1.1487,1.2551,1.4291,1.1459,1.1487,1.725,23.839,2.1169,48.6125,48.6125,48.6125,23.839,2.1169,,,,46.4956,21.7221,22.114,22.6931,22.4099,1,1,1,0,1,1,0,1,1,1,1,1
11/6/2025 17:09,1.4238,1.1453,0.0362,1.1425,1.24695,1.4238,1.1453,1.1425,1.775,23.8758,2.1061,48.6688,48.6688,48.6688,23.8758,2.1061,,,,46.5627,21.7697,22.1008,22.7305,22.452,1,1,1,0,1,1,0,1,1,1,1,1
11/6/2025 17:14,1.4313,1.1453,0.035,1.1463,1.2538,1.4313,1.1453,1.1463,1.8,23.8701,2.1169,48.7375,48.7375,48.7375,23.8701,2.1169,,,,46.6206,21.7532,22.0701,22.7248,22.4388,1,1,1,0,1,1,0,1,1,1,1,1
11/6/2025 17:19,1.4291,1.1475,0.0338,1.1413,1.2514,1.4291,1.1475,1.1413,1.8,23.9097,2.1061,48.6938,48.6938,48.6938,23.9097,2.1061,,,,46.5877,21.8036,22.1097,22.7622,22.4806,1,1,1,0,1,1,0,1,1,1,1,1
11/6/2025 17:24,1.4291,1.1472,0.0338,1.1513,1.2564,1.4291,1.1472,1.1513,1.875,23.8221,2.1151,48.8563,48.8563,48.8563,23.8221,2.1151,,,,46.7412,21.707,21.9471,22.6749,22.393,1,1,1,0,1,1,0,1,1,1,1,1
11/6/2025 17:29,1.4288,1.1453,0.0313,1.1375,1.25185,1.4288,1.1453,1.1375,1.8,23.8758,2.1115,48.7688,48.7688,48.7688,23.8758,2.1115,,,,46.6573,21.7643,22.0758,22.7305,22.447,1,1,1,0,1,1,0,1,1,1,1,1
11/6/2025 17:34,1.4303,1.1469,0.0338,1.1463,1.2545,1.4303,1.1469,1.1463,1.8,23.8277,2.1151,48.6875,48.6875,48.6875,23.8277,2.1151,,,,46.5724,21.7126,22.0277,22.6808,22.3974,1,1,1,0,1,1,0,1,1,1,1,1
11/6/2025 17:39,1.4241,1.1472,0.0313,1.1325,1.247,1.4241,1.1472,1.1325,1.8,23.8617,2.1151,48.8688,48.8688,48.8688,23.8617,2.1151,,,,46.7537,21.7466,22.0617,22.7145,22.4376,1,1,1,0,1,1,0,1,1,1,1,1
11/6/2025 17:44,1.4331,1.1469,0.0288,1.135,1.25525,1.4331,1.1469,1.135,1.8,23.8503,2.1151,48.7813,48.7813,48.7813,23.8503,2.1151,,,,46.6662,21.7352,22.0503,22.7034,22.4172,1,1,1,0,1,1,0,1,1,1,1,1
11/6/2025 17:49,1.43,1.1478,0.035,1.1413,1.25065,1.43,1.1478,1.1413,1.775,23.8475,2.1151,48.725,48.725,48.725,23.8475,2.1151,,,,46.6099,21.7324,22.0725,22.6997,22.4175,1,1,1,0,1,1,0,1,1,1,1,1
11/6/2025 17:54,1.4319,1.1469,0.0313,1.1538,1.26155,1.4319,1.1469,1.1538,1.8,23.8786,2.1169,48.55,48.55,48.55,23.8786,2.1169,,,,46.4331,21.7617,22.0786,22.7317,22.4467,1,1,1,0,1,1,0,1,1,1,1,1
11/6/2025 17:59,1.4397,1.1447,0.0362,1.1225,1.2449,1.4397,1.1447,1.1225,1.8,23.8843,2.1097,48.9938,48.9938,48.9938,23.8843,2.1097,,,,46.8841,21.7746,22.0843,22.7396,22.4446,1,1,1,0,1,1,0,1,1,1,1,1
11/6/2025 18:04,1.43,1.1447,0.0313,1.1487,1.25805,1.43,1.1447,1.1487,1.85,23.8701,2.1133,48.7688,48.7688,48.7688,23.8701,2.1133,,,,46.6555,21.7568,22.0201,22.7254,22.4401,1,1,1,0,1,1,0,1,1,1,1,1
11/6/2025 18:09,1.4331,1.1469,0.0313,1.1325,1.2515,1.4331,1.1469,1.1325,1.8,23.8843,2.1133,48.6125,48.6125,48.6125,23.8843,2.1133,,,,46.4992,21.771,22.0843,22.7374,22.4512,1,1,1,0,1,1,0,1,1,1,1,1
11/6/2025 18:14,1.435,1.1466,0.0338,1.125,1.2462,1.435,1.1466,1.125,1.8,23.8786,2.1151,48.5688,48.5688,48.5688,23.8786,2.1151,,,,46.4537,21.7635,22.0786,22.732,22.4436,1,1,1,0,1,1,0,1,1,1,1,1
11/6/2025 18:19,1.4278,1.1463,0.0362,1.1587,1.25705,1.4278,1.1463,1.1587,1.8,23.873,2.1169,48.7625,48.7625,48.7625,23.873,2.1169,,,,46.6456,21.7561,22.073,22.7267,22.4452,1,1,1,0,1,1,0,1,1,1,1,1
11/6/2025 18:24,1.4338,1.1484,0.0313,1.1025,1.23685,1.4338,1.1484,1.1025,1.8,23.8758,2.1151,48.7313,48.7313,48.7313,23.8758,2.1151,,,,46.6162,21.7607,22.0758,22.7274,22.442,1,1,1,0,1,1,0,1,1,1,1,1
11/6/2025 18:29,1.4384,1.1456,0.0313,1.1463,1.26105,1.4384,1.1456,1.1463,1.775,23.8673,2.1151,48.9813,48.9813,48.9813,23.8673,2.1151,,,,46.8662,21.7522,22.0923,22.7217,22.4289,1,1,1,0,1,1,0,1,1,1,1,1
11/6/2025 18:34,1.4353,1.1453,0.0375,1.1425,1.2514,1.4353,1.1453,1.1425,1.85,23.8588,2.1223,48.975,48.975,48.975,23.8588,2.1223,,,,46.8527,21.7365,22.0088,22.7135,22.4235,1,1,1,0,1,1,0,1,1,1,1,1
11/6/2025 18:39,1.435,1.1459,0.03,1.1513,1.26315,1.435,1.1459,1.1513,1.8,23.873,2.1151,48.8125,48.8125,48.8125,23.873,2.1151,,,,46.6974,21.7579,22.073,22.7271,22.438,1,1,1,0,1,1,0,1,1,1,1,1
11/6/2025 18:44,1.4309,1.1453,0.03,1.14,1.25545,1.4309,1.1453,1.14,1.8,23.8814,2.1241,48.9375,48.9375,48.9375,23.8814,2.1241,,,,46.8134,21.7573,22.0814,22.7361,22.4505,1,1,1,0,1,1,0,1,1,1,1,1
11/6/2025 18:49,1.4325,1.1453,0.0313,1.12,1.24495,1.4325,1.1453,1.12,1.775,23.8277,2.1223,48.85,48.85,48.85,23.8277,2.1223,,,,46.7277,21.7054,22.0527,22.6824,22.3952,1,1,1,0,1,1,0,1,1,1,1,1
11/6/2025 18:54,1.4353,1.1463,0.0338,1.1313,1.2495,1.4353,1.1463,1.1313,1.775,23.8758,2.1169,48.775,48.775,48.775,23.8758,2.1169,,,,46.6581,21.7589,22.1008,22.7295,22.4405,1,1,1,0,1,1,0,1,1,1,1,1
11/6/2025 18:59,1.4347,1.1453,0.0338,1.155,1.26105,1.4347,1.1453,1.155,1.85,23.8503,2.1205,48.7875,48.7875,48.7875,23.8503,2.1205,,,,46.667,21.7298,22.0003,22.705,22.4156,1,1,1,0,1,1,0,1,1,1,1,1
11/6/2025 19:04,1.4359,1.145,0.0338,1.1475,1.2579,1.4359,1.145,1.1475,1.8,23.8645,2.1187,48.75,48.75,48.75,23.8645,2.1187,,,,46.6313,21.7458,22.0645,22.7195,22.4286,1,1,1,0,1,1,0,1,1,1,1,1
11/6/2025 19:09,1.4356,1.1431,0.0338,1.1188,1.2434,1.4356,1.1431,1.1188,1.85,23.8079,2.1133,48.6125,48.6125,48.6125,23.8079,2.1133,,,,46.4992,21.6946,21.9579,22.6648,22.3723,1,1,1,0,1,1,0,1,1,1,1,1
11/6/2025 19:14,1.4291,1.1463,0.0338,1.155,1.25825,1.4291,1.1463,1.155,1.775,23.8645,2.1097,48.6375,48.6375,48.6375,23.8645,2.1097,,,,46.5278,21.7548,22.0895,22.7182,22.4354,1,1,1,0,1,1,0,1,1,1,1,1
11/6/2025 19:19,1.4338,1.1459,0.0313,1.1225,1.24685,1.4338,1.1459,1.1225,1.85,23.8306,2.1151,48.6688,48.6688,48.6688,23.8306,2.1151,,,,46.5537,21.7155,21.9806,22.6847,22.3968,1,1,1,0,1,1,0,1,1,1,1,1
11/6/2025 19:24,1.4359,1.1456,0.0313,1.1138,1.24355,1.4359,1.1456,1.1138,1.85,23.8758,2.1115,48.6563,48.6563,48.6563,23.8758,2.1115,,,,46.5448,21.7643,22.0258,22.7302,22.4399,1,1,1,0,1,1,0,1,1,1,1,1
11/6/2025 19:29,1.4353,1.1466,0.03,1.165,1.27015,1.4353,1.1466,1.165,1.85,23.8306,2.1115,48.6875,48.6875,48.6875,23.8306,2.1115,,,,46.576,21.7191,21.9806,22.684,22.3953,1,1,1,0,1,1,0,1,1,1,1,1
11/6/2025 19:34,1.435,1.1472,0.035,1.1325,1.24875,1.435,1.1472,1.1325,1.775,23.8503,2.1151,48.8063,48.8063,48.8063,23.8503,2.1151,,,,46.6912,21.7352,22.0753,22.7031,22.4153,1,1,1,0,1,1,0,1,1,1,1,1
11/6/2025 19:39,1.4338,1.1484,0.0338,1.1387,1.25245,1.4338,1.1484,1.1387,1.8,23.8956,2.1133,48.8375,48.8375,48.8375,23.8956,2.1133,,,,46.7242,21.7823,22.0956,22.7472,22.4618,1,1,1,0,1,1,0,1,1,1,1,1
11/6/2025 19:44,1.4281,1.1459,0.0313,1.12,1.24275,1.4281,1.1459,1.12,1.8,23.8617,2.1187,48.975,48.975,48.975,23.8617,2.1187,,,,46.8563,21.743,22.0617,22.7158,22.4336,1,1,1,0,1,1,0,1,1,1,1,1
11/6/2025 19:49,1.4372,1.1456,0.0313,1.1325,1.25355,1.4372,1.1456,1.1325,1.85,23.8899,2.1151,48.6625,48.6625,48.6625,23.8899,2.1151,,,,46.5474,21.7748,22.0399,22.7443,22.4527,1,1,1,0,1,1,0,1,1,1,1,1
11/6/2025 19:54,1.4309,1.1463,0.0338,1.1463,1.2548,1.4309,1.1463,1.1463,1.85,23.8871,2.1187,48.7063,48.7063,48.7063,23.8871,2.1187,,,,46.5876,21.7684,22.0371,22.7408,22.4562,1,1,1,0,1,1,0,1,1,1,1,1
11/6/2025 19:59,1.43,1.145,0.0338,1.1313,1.24685,1.43,1.145,1.1313,1.85,23.8701,2.1151,48.7438,48.7438,48.7438,23.8701,2.1151,,,,46.6287,21.755,22.0201,22.7251,22.4401,1,1,1,0,1,1,0,1,1,1,1,1
11/6/2025 20:04,1.4328,1.1453,0.03,1.1463,1.25955,1.4328,1.1453,1.1463,1.775,23.8588,2.1151,48.5438,48.5438,48.5438,23.8588,2.1151,,,,46.4287,21.7437,22.0838,22.7135,22.426,1,1,1,0,1,1,0,1,1,1,1,1
11/6/2025 20:09,1.4359,1.1472,0.0313,1.1263,1.2498,1.4359,1.1472,1.1263,1.85,23.8475,2.1187,48.7125,48.7125,48.7125,23.8475,2.1187,,,,46.5938,21.7288,21.9975,22.7003,22.4116,1,1,1,0,1,1,0,1,1,1,1,1
11/6/2025 20:14,1.4347,1.1434,0.0362,1.1113,1.2368,1.4347,1.1434,1.1113,1.8,23.8645,2.1205,48.8375,48.8375,48.8375,23.8645,2.1205,,,,46.717,21.744,22.0645,22.7211,22.4298,1,1,1,0,1,1,0,1,1,1,1,1
11/6/2025 20:19,1.4381,1.1475,0.0338,1.1387,1.2546,1.4381,1.1475,1.1387,1.775,23.8871,2.1169,48.7375,48.7375,48.7375,23.8871,2.1169,,,,46.6206,21.7702,22.1121,22.7396,22.449,1,1,1,0,1,1,0,1,1,1,1,1
11/6/2025 20:24,1.4363,1.1478,0.0313,1.155,1.26435,1.4363,1.1478,1.155,1.85,23.8588,2.1025,48.625,48.625,48.625,23.8588,2.1025,,,,46.5225,21.7563,22.0088,22.711,22.4225,1,1,1,0,1,1,0,1,1,1,1,1
11/6/2025 20:29,1.4391,1.1456,0.0375,1.1275,1.2458,1.4391,1.1456,1.1275,1.85,23.856,2.1151,48.6188,48.6188,48.6188,23.856,2.1151,,,,46.5037,21.7409,22.006,22.7104,22.4169,1,1,1,0,1,1,0,1,1,1,1,1
11/6/2025 20:34,1.4403,1.145,0.0338,1.09,1.23135,1.4403,1.145,1.09,1.775,23.8645,2.1115,48.6563,48.6563,48.6563,23.8645,2.1115,,,,46.5448,21.753,22.0895,22.7195,22.4242,1,1,1,0,1,1,0,1,1,1,1,1
11/6/2025 20:39,1.4406,1.1478,0.035,1.1163,1.24345,1.4406,1.1478,1.1163,1.775,23.8758,2.1079,49.0313,49.0313,49.0313,23.8758,2.1079,,,,46.9234,21.7679,22.1008,22.728,22.4352,1,1,1,0,1,1,0,1,1,1,1,1
11/6/2025 20:44,1.4294,1.1453,0.035,1.1525,1.25595,1.4294,1.1453,1.1525,1.8,23.8814,2.1241,48.7563,48.7563,48.7563,23.8814,2.1241,,,,46.6322,21.7573,22.0814,22.7361,22.452,1,1,1,0,1,1,0,1,1,1,1,1
11/6/2025 20:49,1.4331,1.1453,0.03,1.1487,1.2609,1.4331,1.1453,1.1487,1.85,23.873,2.1115,48.6375,48.6375,48.6375,23.873,2.1115,,,,46.526,21.7615,22.023,22.7277,22.4399,1,1,1,0,1,1,0,1,1,1,1,1
11/6/2025 20:54,1.4294,1.1494,0.035,1.1463,1.25285,1.4294,1.1494,1.1463,1.775,23.8871,2.1169,48.8313,48.8313,48.8313,23.8871,2.1169,,,,46.7144,21.7702,22.1121,22.7377,22.4577,1,1,1,0,1,1,0,1,1,1,1,1
11/6/2025 20:59,1.4363,1.1453,0.0338,1.1487,1.2587,1.4363,1.1453,1.1487,1.725,23.8786,2.1169,48.8125,48.8125,48.8125,23.8786,2.1169,,,,46.6956,21.7617,22.1536,22.7333,22.4423,1,1,1,0,1,1,0,1,1,1,1,1
11/6/2025 21:04,1.4363,1.1456,0.0313,1.1275,1.2506,1.4363,1.1456,1.1275,1.675,23.8871,2.1133,48.6125,48.6125,48.6125,23.8871,2.1133,,,,46.4992,21.7738,22.2121,22.7415,22.4508,1,1,1,0,1,1,0,1,1,1,1,1
11/6/2025 21:09,1.4338,1.1478,0.0362,1.145,1.2532,1.4338,1.1478,1.145,1.75,23.8758,2.1133,48.85,48.85,48.85,23.8758,2.1133,,,,46.7367,21.7625,22.1258,22.728,22.442,1,1,1,0,1,1,0,1,1,1,1,1
11/6/2025 21:14,1.4366,1.145,0.0313,1.1287,1.25135,1.4366,1.145,1.1287,1.75,23.8758,2.1133,48.5813,48.5813,48.5813,23.8758,2.1133,,,,46.468,21.7625,22.1258,22.7308,22.4392,1,1,1,0,1,1,0,1,1,1,1,1
11/6/2025 21:19,1.4384,1.1447,0.0338,1.1513,1.26105,1.4384,1.1447,1.1513,1.725,23.9041,2.1151,48.8063,48.8063,48.8063,23.9041,2.1151,,,,46.6912,21.789,22.1791,22.7594,22.4657,1,1,1,0,1,1,0,1,1,1,1,1
11/6/2025 21:24,1.4369,1.1459,0.035,1.1163,1.2416,1.4369,1.1459,1.1163,1.8,23.8871,2.1115,48.7938,48.7938,48.7938,23.8871,2.1115,,,,46.6823,21.7756,22.0871,22.7412,22.4502,1,1,1,0,1,1,0,1,1,1,1,1
11/6/2025 21:29,1.4391,1.1459,0.035,1.1387,1.2539,1.4391,1.1459,1.1387,1.8,23.921,2.1097,48.6,48.6,48.6,23.921,2.1097,,,,46.4903,21.8113,22.121,22.7751,22.4819,1,1,1,0,1,1,0,1,1,1,1,1
11/6/2025 21:34,1.435,1.1444,0.0338,1.1387,1.25305,1.435,1.1444,1.1387,1.8,23.8786,2.1133,49.0188,49.0188,49.0188,23.8786,2.1133,,,,46.9055,21.7653,22.0786,22.7342,22.4436,1,1,1,0,1,1,0,1,1,1,1,1
11/6/2025 21:39,1.4331,1.1434,0.0338,1.1525,1.259,1.4331,1.1434,1.1525,1.675,23.9041,2.1115,48.8938,48.8938,48.8938,23.9041,2.1115,,,,46.7823,21.7926,22.2291,22.7607,22.471,1,1,1,0,1,1,0,1,1,1,1,1
11/6/2025 21:44,1.4325,1.1422,0.035,1.1613,1.2619,1.4325,1.1422,1.1613,1.675,23.8786,2.1151,48.7813,48.7813,48.7813,23.8786,2.1151,,,,46.6662,21.7635,22.2036,22.7364,22.4461,1,1,1,0,1,1,0,1,1,1,1,1
11/6/2025 21:49,1.4328,1.1444,0.0338,1.175,1.2701,1.4328,1.1444,1.175,1.725,23.8843,2.1115,48.7313,48.7313,48.7313,23.8843,2.1115,,,,46.6198,21.7728,22.1593,22.7399,22.4515,1,1,1,0,1,1,0,1,1,1,1,1
11/6/2025 21:54,1.4425,1.145,0.0338,1.1475,1.2612,1.4425,1.145,1.1475,1.75,23.9041,2.1115,48.9125,48.9125,48.9125,23.9041,2.1115,,,,46.801,21.7926,22.1541,22.7591,22.4616,1,1,1,0,1,1,0,1,1,1,1,1
11/6/2025 21:59,1.4369,1.1456,0.0362,1.165,1.26475,1.4369,1.1456,1.165,1.775,23.8503,2.1115,48.8438,48.8438,48.8438,23.8503,2.1115,,,,46.7323,21.7388,22.0753,22.7047,22.4134,1,1,1,0,1,1,0,1,1,1,1,1
11/6/2025 22:04,1.4388,1.1447,0.0338,1.1838,1.2775,1.4388,1.1447,1.1838,1.8,23.8645,2.1079,48.8125,48.8125,48.8125,23.8645,2.1079,,,,46.7046,21.7566,22.0645,22.7198,22.4257,1,1,1,0,1,1,0,1,1,1,1,1
11/6/2025 22:09,1.4331,1.1456,0.0313,1.1387,1.2546,1.4331,1.1456,1.1387,1.775,23.8814,2.1151,48.5313,48.5313,48.5313,23.8814,2.1151,,,,46.4162,21.7663,22.1064,22.7358,22.4483,1,1,1,0,1,1,0,1,1,1,1,1
11/6/2025 22:14,1.4391,1.1459,0.0338,1.1325,1.252,1.4391,1.1459,1.1325,1.85,23.8475,2.1097,48.8188,48.8188,48.8188,23.8475,2.1097,,,,46.7091,21.7378,21.9975,22.7016,22.4084,1,1,1,0,1,1,0,1,1,1,1,1
11/6/2025 22:19,1.4406,1.145,0.0338,1.12,1.2465,1.4406,1.145,1.12,1.725,23.856,2.1187,48.8563,48.8563,48.8563,23.856,2.1187,,,,46.7376,21.7373,22.131,22.711,22.4154,1,1,1,0,1,1,0,1,1,1,1,1
11/6/2025 22:24,1.4334,1.1434,0.035,1.1575,1.26045,1.4334,1.1434,1.1575,1.675,23.8899,2.1079,48.5375,48.5375,48.5375,23.8899,2.1079,,,,46.4296,21.782,22.2149,22.7465,22.4565,1,1,1,0,1,1,0,1,1,1,1,1
11/6/2025 22:29,1.4322,1.1447,0.0338,1.1225,1.24355,1.4322,1.1447,1.1225,1.775,23.8814,2.1151,48.6813,48.6813,48.6813,23.8814,2.1151,,,,46.5662,21.7663,22.1064,22.7367,22.4492,1,1,1,0,1,1,0,1,1,1,1,1
11/6/2025 22:34,1.4378,1.1413,0.0313,1.1725,1.27385,1.4378,1.1413,1.1725,1.8,23.8617,2.1169,48.875,48.875,48.875,23.8617,2.1169,,,,46.7581,21.7448,22.0617,22.7204,22.4239,1,1,1,0,1,1,0,1,1,1,1,1
11/6/2025 22:39,1.4416,1.1453,0.035,1.14,1.2558,1.4416,1.1453,1.14,1.775,23.8532,2.1151,48.6313,48.6313,48.6313,23.8532,2.1151,,,,46.5162,21.7381,22.0782,22.7079,22.4116,1,1,1,0,1,1,0,1,1,1,1,1
11/6/2025 22:44,1.4422,1.1441,0.0362,1.1475,1.25865,1.4422,1.1441,1.1475,1.775,23.8758,2.1133,48.6,48.6,48.6,23.8758,2.1133,,,,46.4867,21.7625,22.1008,22.7317,22.4336,1,1,1,0,1,1,0,1,1,1,1,1
11/6/2025 22:49,1.4391,1.1444,0.035,1.1938,1.28145,1.4391,1.1444,1.1938,1.775,23.839,2.1061,48.8563,48.8563,48.8563,23.839,2.1061,,,,46.7502,21.7329,22.064,22.6946,22.3999,1,1,1,0,1,1,0,1,1,1,1,1
11/6/2025 22:54,1.4356,1.1444,0.0288,1.125,1.2515,1.4356,1.1444,1.125,1.775,23.8475,2.1133,48.9188,48.9188,48.9188,23.8475,2.1133,,,,46.8055,21.7342,22.0725,22.7031,22.4119,1,1,1,0,1,1,0,1,1,1,1,1
11/6/2025 22:59,1.4378,1.1466,0.0313,1.1138,1.2445,1.4378,1.1466,1.1138,1.775,23.8503,2.1133,48.75,48.75,48.75,23.8503,2.1133,,,,46.6367,21.737,22.0753,22.7037,22.4125,1,1,1,0,1,1,0,1,1,1,1,1
11/6/2025 23:04,1.4428,1.1441,0.035,1.1413,1.25705,1.4428,1.1441,1.1413,1.8,23.8503,2.1115,48.9938,48.9938,48.9938,23.8503,2.1115,,,,46.8823,21.7388,22.0503,22.7062,22.4075,1,1,1,0,1,1,0,1,1,1,1,1
11/6/2025 23:09,1.435,1.1425,0.0362,1.14,1.2513,1.435,1.1425,1.14,1.8,23.873,2.1169,48.9125,48.9125,48.9125,23.873,2.1169,,,,46.7956,21.7561,22.073,22.7305,22.438,1,1,1,0,1,1,0,1,1,1,1,1
11/6/2025 23:14,1.4438,1.1428,0.04,1.1275,1.24565,1.4438,1.1428,1.1275,1.775,23.8617,2.1133,49.0313,49.0313,49.0313,23.8617,2.1133,,,,46.918,21.7484,22.0867,22.7189,22.4179,1,1,1,0,1,1,0,1,1,1,1,1
11/6/2025 23:19,1.4422,1.1428,0.0338,1.1587,1.26665,1.4422,1.1428,1.1587,1.775,23.8645,2.1133,48.8,48.8,48.8,23.8645,2.1133,,,,46.6867,21.7512,22.0895,22.7217,22.4223,1,1,1,0,1,1,0,1,1,1,1,1
11/6/2025 23:24,1.44,1.1447,0.035,1.1425,1.25625,1.44,1.1447,1.1425,1.75,23.8814,2.1133,49.0813,49.0813,49.0813,23.8814,2.1133,,,,46.968,21.7681,22.1314,22.7367,22.4414,1,1,1,0,1,1,0,1,1,1,1,1
11/6/2025 23:29,1.4391,1.1459,0.0338,1.1487,1.2601,1.4391,1.1459,1.1487,1.775,23.8956,2.1097,48.8188,48.8188,48.8188,23.8956,2.1097,,,,46.7091,21.7859,22.1206,22.7497,22.4565,1,1,1,0,1,1,0,1,1,1,1,1
11/6/2025 23:34,1.4394,1.1444,0.04,1.1313,1.24535,1.4394,1.1444,1.1313,1.775,23.8786,2.1079,48.8375,48.8375,48.8375,23.8786,2.1079,,,,46.7296,21.7707,22.1036,22.7342,22.4392,1,1,1,0,1,1,0,1,1,1,1,1
11/6/2025 23:39,1.4322,1.1419,0.035,1.1225,1.24235,1.4322,1.1419,1.1225,1.775,23.8871,2.1151,48.7688,48.7688,48.7688,23.8871,2.1151,,,,46.6537,21.772,22.1121,22.7452,22.4549,1,1,1,0,1,1,0,1,1,1,1,1
11/6/2025 23:44,1.4397,1.1428,0.035,1.125,1.24735,1.4397,1.1428,1.125,1.9,23.8758,2.1097,48.7875,48.7875,48.7875,23.8758,2.1097,,,,46.6778,21.7661,21.9758,22.733,22.4361,1,1,1,0,1,1,0,1,1,1,1,1
11/6/2025 23:49,1.4381,1.1447,0.0362,1.175,1.27035,1.4381,1.1447,1.175,1.775,23.8701,2.1187,48.825,48.825,48.825,23.8701,2.1187,,,,46.7063,21.7514,22.0951,22.7254,22.432,1,1,1,0,1,1,0,1,1,1,1,1
11/6/2025 23:54,1.4441,1.1456,0.0338,1.1287,1.2526,1.4441,1.1456,1.1287,1.85,23.8786,2.1097,48.8,48.8,48.8,23.8786,2.1097,,,,46.6903,21.7689,22.0286,22.733,22.4345,1,1,1,0,1,1,0,1,1,1,1,1
11/6/2025 23:59,1.4378,1.1444,0.0362,1.1513,1.25835,1.4378,1.1444,1.1513,1.775,23.8814,2.1097,48.7688,48.7688,48.7688,23.8814,2.1097,,,,46.6591,21.7717,22.1064,22.737,22.4436,1,1,1,0,1,1,0,1,1,1,1,1
11/7/2025 0:04,1.4403,1.1456,0.03,1.1413,1.2608,1.4403,1.1456,1.1413,1.8,23.8673,2.1061,48.8125,48.8125,48.8125,23.8673,2.1061,,,,46.7064,21.7612,22.0673,22.7217,22.427,1,1,1,0,1,1,0,1,1,1,1,1
11/7/2025 0:09,1.4397,1.1472,0.0375,1.1275,1.2461,1.4397,1.1472,1.1275,1.775,23.8927,2.1115,48.675,48.675,48.675,23.8927,2.1115,,,,46.5635,21.7812,22.1177,22.7455,22.453,1,1,1,0,1,1,0,1,1,1,1,1
11/7/2025 0:14,1.4378,1.1431,0.0375,1.1475,1.25515,1.4378,1.1431,1.1475,1.8,23.8843,2.1043,48.7813,48.7813,48.7813,23.8843,2.1043,,,,46.677,21.78,22.0843,22.7412,22.4465,1,1,1,0,1,1,0,1,1,1,1,1
11/7/2025 0:19,1.4344,1.1438,0.0313,1.16,1.2659,1.4344,1.1438,1.16,1.775,23.8532,2.1043,48.575,48.575,48.575,23.8532,2.1043,,,,46.4707,21.7489,22.0782,22.7094,22.4188,1,1,1,0,1,1,0,1,1,1,1,1
11/7/2025 0:24,1.4425,1.1456,0.0338,1.135,1.25495,1.4425,1.1456,1.135,1.775,23.8532,2.1151,48.9063,48.9063,48.9063,23.8532,2.1151,,,,46.7912,21.7381,22.0782,22.7076,22.4107,1,1,1,0,1,1,0,1,1,1,1,1
11/7/2025 0:29,1.4384,1.1425,0.035,1.125,1.2467,1.4384,1.1425,1.125,1.775,23.873,2.1115,48.7313,48.7313,48.7313,23.873,2.1115,,,,46.6198,21.7615,22.098,22.7305,22.4346,1,1,1,0,1,1,0,1,1,1,1,1
11/7/2025 0:34,1.4459,1.1434,0.03,1.1463,1.2661,1.4459,1.1434,1.1463,1.725,23.839,2.1133,49.025,49.025,49.025,23.839,2.1133,,,,46.9117,21.7257,22.114,22.6956,22.3931,1,1,1,0,1,1,0,1,1,1,1,1
11/7/2025 0:39,1.4313,1.1447,0.0288,1.145,1.25935,1.4313,1.1447,1.145,1.725,23.8701,2.1151,48.6875,48.6875,48.6875,23.8701,2.1151,,,,46.5724,21.755,22.1451,22.7254,22.4388,1,1,1,0,1,1,0,1,1,1,1,1
11/7/2025 0:44,1.4359,1.1438,0.03,1.1275,1.2517,1.4359,1.1438,1.1275,1.725,23.8758,2.1151,48.825,48.825,48.825,23.8758,2.1151,,,,46.7099,21.7607,22.1508,22.732,22.4399,1,1,1,0,1,1,0,1,1,1,1,1
11/7/2025 0:49,1.4378,1.1447,0.0338,1.145,1.2576,1.4378,1.1447,1.145,1.675,23.8899,2.1061,48.325,48.325,48.325,23.8899,2.1061,,,,46.2189,21.7838,22.2149,22.7452,22.4521,1,1,1,0,1,1,0,1,1,1,1,1
11/7/2025 0:54,1.4341,1.1425,0.0375,1.1413,1.2502,1.4341,1.1425,1.1413,1.675,23.8758,2.1133,48.8625,48.8625,48.8625,23.8758,2.1133,,,,46.7492,21.7625,22.2008,22.7333,22.4417,1,1,1,0,1,1,0,1,1,1,1,1
11/7/2025 0:59,1.4397,1.1444,0.035,1.1575,1.2636,1.4397,1.1444,1.1575,1.725,23.8843,2.1043,48.5563,48.5563,48.5563,23.8843,2.1043,,,,46.452,21.78,22.1593,22.7399,22.4446,1,1,1,0,1,1,0,1,1,1,1,1
11/7/2025 1:04,0.0409,1.1419,0.0262,0.0638,0.02615,0.0409,1.1419,0.0638,1.725,0.0028,-0.0054,-0.1125,-0.1125,-0.1125,0.0028,0.0054,,,,-0.1179,-0.0026,-1.7222,-1.1391,-0.0381,1,1,1,0,1,1,0,1,1,1,1,1
11/7/2025 1:09,-0.0025,1.1441,0,0,-0.00125,-0.0025,1.1441,0,1.675,0.0028,-0.0054,0.1438,0.1438,0.1438,0.0028,0.0054,,,,0.1384,-0.0026,-1.6722,-1.1413,0.0053,1,1,1,0,1,1,0,1,1,1,1,1
11/7/2025 8:27,1.4578,1.0813,0.0375,1.1425,1.26265,1.4578,1.0813,1.1425,1.75,23.1634,2.0989,43.7625,43.7625,43.7625,23.1634,2.0989,,,,41.6636,21.0645,21.4134,22.0821,21.7056,1,1,1,0,1,1,0,1,1,1,1,1
11/7/2025 8:32,1.4431,1.1806,0.035,1.16,1.26655,1.4431,1.1806,1.16,1.8,23.9238,2.0212,49.075,49.075,49.075,23.9238,2.0212,,,,47.0538,21.9026,22.1238,22.7432,22.4807,1,1,1,0,1,1,0,1,1,1,1,1
11/7/2025 8:37,1.4422,1.155,0.0338,1.155,1.2648,1.4422,1.155,1.155,1.75,23.9323,2.0266,48.9563,48.9563,48.9563,23.9323,2.0266,,,,46.9297,21.9057,22.1823,22.7773,22.4901,1,1,1,0,1,1,0,1,1,1,1,1
11/7/2025 8:42,1.4541,1.1431,0.0338,1.135,1.26075,1.4541,1.1431,1.135,1.775,23.8984,2.0411,48.8,48.8,48.8,23.8984,2.0411,,,,46.7589,21.8573,22.1234,22.7553,22.4443,1,1,1,0,1,1,0,1,1,1,1,1
11/7/2025 8:47,1.4547,1.1369,0.035,1.145,1.26485,1.4547,1.1369,1.145,1.8,23.9182,2.0663,48.8125,48.8125,48.8125,23.9182,2.0663,,,,46.7462,21.8519,22.1182,22.7813,22.4635,1,1,1,0,1,1,0,1,1,1,1,1
11/7/2025 8:52,1.4509,1.1372,0.04,1.16,1.26545,1.4509,1.1372,1.16,1.75,23.8871,2.0736,48.925,48.925,48.925,23.8871,2.0736,,,,46.8514,21.8135,22.1371,22.7499,22.4362,1,1,1,0,1,1,0,1,1,1,1,1
11/7/2025 8:57,1.4441,1.1372,0.0362,1.1338,1.25275,1.4441,1.1372,1.1338,1.75,23.8475,2.079,48.8438,48.8438,48.8438,23.8475,2.079,,,,46.7648,21.7685,22.0975,22.7103,22.4034,1,1,1,0,1,1,0,1,1,1,1,1
11/7/2025 9:02,1.4469,1.1359,0.035,1.1813,1.2791,1.4469,1.1359,1.1813,1.775,23.8814,2.0826,48.925,48.925,48.925,23.8814,2.0826,,,,46.8424,21.7988,22.1064,22.7455,22.4345,1,1,1,0,1,1,0,1,1,1,1,1
11/7/2025 9:07,1.4409,1.1369,0.0375,1.1788,1.27235,1.4409,1.1369,1.1788,1.8,23.856,2.0826,48.9,48.9,48.9,23.856,2.0826,,,,46.8174,21.7734,22.056,22.7191,22.4151,1,1,1,0,1,1,0,1,1,1,1,1
11/7/2025 9:12,1.4509,1.1381,0.0338,1.1387,1.261,1.4509,1.1381,1.1387,1.75,23.8475,2.0808,48.85,48.85,48.85,23.8475,2.0808,,,,46.7692,21.7667,22.0975,22.7094,22.3966,1,1,1,0,1,1,0,1,1,1,1,1
11/7/2025 9:17,1.44,1.1391,0.035,1.1638,1.2669,1.44,1.1391,1.1638,1.775,23.8984,2.0898,48.9313,48.9313,48.9313,23.8984,2.0898,,,,46.8415,21.8086,22.1234,22.7593,22.4584,1,1,1,0,1,1,0,1,1,1,1,1
11/7/2025 9:22,1.4441,1.1363,0.0375,1.12,1.24455,1.4441,1.1363,1.12,1.75,23.8645,2.0808,49.0875,49.0875,49.0875,23.8645,2.0808,,,,47.0067,21.7837,22.1145,22.7282,22.4204,1,1,1,0,1,1,0,1,1,1,1,1
11/7/2025 9:27,1.4497,1.1363,0.035,1.145,1.26235,1.4497,1.1363,1.145,1.75,23.8814,2.088,48.8875,48.8875,48.8875,23.8814,2.088,,,,46.7995,21.7934,22.1314,22.7451,22.4317,1,1,1,0,1,1,0,1,1,1,1,1
11/7/2025 9:32,1.4416,1.1353,0.0375,1.1538,1.2602,1.4416,1.1353,1.1538,1.8,23.8984,2.088,48.8438,48.8438,48.8438,23.8984,2.088,,,,46.7558,21.8104,22.0984,22.7631,22.4568,1,1,1,0,1,1,0,1,1,1,1,1
11/7/2025 9:37,1.4403,1.1366,0.04,1.1638,1.26205,1.4403,1.1366,1.1638,1.75,23.8645,2.0826,49.025,49.025,49.025,23.8645,2.0826,,,,46.9424,21.7819,22.1145,22.7279,22.4242,1,1,1,0,1,1,0,1,1,1,1,1
11/7/2025 9:42,1.4425,1.1353,0.0362,1.1713,1.2707,1.4425,1.1353,1.1713,1.75,23.8956,2.0844,48.8563,48.8563,48.8563,23.8956,2.0844,,,,46.7719,21.8112,22.1456,22.7603,22.4531,1,1,1,0,1,1,0,1,1,1,1,1
11/7/2025 9:47,1.4484,1.1375,0.0338,1.165,1.2729,1.4484,1.1375,1.165,1.75,23.8617,2.0826,48.8375,48.8375,48.8375,23.8617,2.0826,,,,46.7549,21.7791,22.1117,22.7242,22.4133,1,1,1,0,1,1,0,1,1,1,1,1
11/7/2025 9:52,1.4406,1.1387,0.035,1.1875,1.27905,1.4406,1.1387,1.1875,1.65,23.8673,2.0844,48.7125,48.7125,48.7125,23.8673,2.0844,,,,46.6281,21.7829,22.2173,22.7286,22.4267,1,1,1,0,1,1,0,1,1,1,1,1
11/7/2025 9:57,1.4428,1.1381,0.0375,1.14,1.2539,1.4428,1.1381,1.14,1.725,23.8532,2.0862,48.8625,48.8625,48.8625,23.8532,2.0862,,,,46.7763,21.767,22.1282,22.7151,22.4104,1,1,1,0,1,1,0,1,1,1,1,1
11/7/2025 10:02,1.4419,1.1397,0.0313,1.145,1.26215,1.4419,1.1397,1.145,1.675,23.8588,2.0808,48.8688,48.8688,48.8688,23.8588,2.0808,,,,46.788,21.778,22.1838,22.7191,22.4169,1,1,1,0,1,1,0,1,1,1,1,1
11/7/2025 10:07,1.4344,1.1363,0.0338,1.1425,1.25465,1.4344,1.1363,1.1425,1.675,23.8475,2.0844,48.8,48.8,48.8,23.8475,2.0844,,,,46.7156,21.7631,22.1725,22.7112,22.4131,1,1,1,0,1,1,0,1,1,1,1,1
11/7/2025 10:12,1.4425,1.1391,0.03,1.1575,1.27,1.4425,1.1391,1.1575,1.725,23.8645,2.088,48.8813,48.8813,48.8813,23.8645,2.088,,,,46.7933,21.7765,22.1395,22.7254,22.422,1,1,1,0,1,1,0,1,1,1,1,1
11/7/2025 10:17,1.4394,1.1425,0.0362,1.1538,1.2604,1.4394,1.1425,1.1538,1.725,23.8532,2.0862,48.6938,48.6938,48.6938,23.8532,2.0862,,,,46.6076,21.767,22.1282,22.7107,22.4138,1,1,1,0,1,1,0,1,1,1,1,1
11/7/2025 10:22,1.4384,1.1378,0.0338,1.1313,1.25105,1.4384,1.1378,1.1313,1.675,23.8786,2.0844,48.6938,48.6938,48.6938,23.8786,2.0844,,,,46.6094,21.7942,22.2036,22.7408,22.4402,1,1,1,0,1,1,0,1,1,1,1,1
11/7/2025 10:27,1.4369,1.1403,0.035,1.1513,1.2591,1.4369,1.1403,1.1513,1.65,23.8843,2.0862,48.675,48.675,48.675,23.8843,2.0862,,,,46.5888,21.7981,22.2343,22.744,22.4474,1,1,1,0,1,1,0,1,1,1,1,1
11/7/2025 10:32,1.4403,1.14,0.0362,1.17,1.26895,1.4403,1.14,1.17,1.65,23.8617,2.0844,48.8438,48.8438,48.8438,23.8617,2.0844,,,,46.7594,21.7773,22.2117,22.7217,22.4214,1,1,1,0,1,1,0,1,1,1,1,1
11/7/2025 10:37,1.4325,1.1378,0.035,1.155,1.25875,1.4325,1.1378,1.155,1.6,23.8814,2.088,48.9375,48.9375,48.9375,23.8814,2.088,,,,46.8495,21.7934,22.2814,22.7436,22.4489,1,1,1,0,1,1,0,1,1,1,1,1
11/7/2025 10:42,1.4334,1.1413,0.0338,1.1587,1.26225,1.4334,1.1413,1.1587,1.6,23.856,2.0898,48.7938,48.7938,48.7938,23.856,2.0898,,,,46.704,21.7662,22.256,22.7147,22.4226,1,1,1,0,1,1,0,1,1,1,1,1
11/7/2025 10:47,1.4394,1.14,0.0375,1.1863,1.27535,1.4394,1.14,1.1863,1.625,23.8814,2.088,48.9688,48.9688,48.9688,23.8814,2.088,,,,46.8808,21.7934,22.2564,22.7414,22.442,1,1,1,0,1,1,0,1,1,1,1,1
11/7/2025 10:52,1.4369,1.1406,0.035,1.1338,1.25035,1.4369,1.1406,1.1338,1.675,23.8871,2.0916,48.7188,48.7188,48.7188,23.8871,2.0916,,,,46.6272,21.7955,22.2121,22.7465,22.4502,1,1,1,0,1,1,0,1,1,1,1,1
11/7/2025 10:57,1.4306,1.1366,0.035,1.155,1.2578,1.4306,1.1366,1.155,1.65,23.8673,2.0808,48.7125,48.7125,48.7125,23.8673,2.0808,,,,46.6317,21.7865,22.2173,22.7307,22.4367,1,1,1,0,1,1,0,1,1,1,1,1
11/7/2025 11:02,1.4372,1.1372,0.0375,1.1475,1.25485,1.4372,1.1372,1.1475,1.65,23.856,2.0898,48.75,48.75,48.75,23.856,2.0898,,,,46.6602,21.7662,22.206,22.7188,22.4188,1,1,1,0,1,1,0,1,1,1,1,1
11/7/2025 11:07,1.4363,1.1391,0.0338,1.1413,1.255,1.4363,1.1391,1.1413,1.625,23.8617,2.0898,48.6438,48.6438,48.6438,23.8617,2.0898,,,,46.554,21.7719,22.2367,22.7226,22.4254,1,1,1,0,1,1,0,1,1,1,1,1
11/7/2025 11:12,1.4341,1.1366,0.035,1.1575,1.2608,1.4341,1.1366,1.1575,1.625,23.856,2.079,48.8688,48.8688,48.8688,23.856,2.079,,,,46.7898,21.777,22.231,22.7194,22.4219,1,1,1,0,1,1,0,1,1,1,1,1
11/7/2025 11:17,1.4309,1.1378,0.035,1.165,1.26295,1.4309,1.1378,1.165,1.625,23.8617,2.0953,48.7063,48.7063,48.7063,23.8617,2.0953,,,,46.611,21.7664,22.2367,22.7239,22.4308,1,1,1,0,1,1,0,1,1,1,1,1
11/7/2025 11:22,1.4406,1.1394,0.0338,1.1413,1.25715,1.4406,1.1394,1.1413,1.65,23.8532,2.0844,48.6563,48.6563,48.6563,23.8532,2.0844,,,,46.5719,21.7688,22.2032,22.7138,22.4126,1,1,1,0,1,1,0,1,1,1,1,1
11/7/2025 11:27,1.4344,1.1406,0.0362,1.1475,1.25475,1.4344,1.1406,1.1475,1.625,23.8503,2.0916,48.7,48.7,48.7,23.8503,2.0916,,,,46.6084,21.7587,22.2253,22.7097,22.4159,1,1,1,0,1,1,0,1,1,1,1,1
11/7/2025 11:32,1.4422,1.1403,0.0338,1.1163,1.24545,1.4422,1.1403,1.1163,1.65,23.8334,2.0916,48.625,48.625,48.625,23.8334,2.0916,,,,46.5334,21.7418,22.1834,22.6931,22.3912,1,1,1,0,1,1,0,1,1,1,1,1
11/7/2025 11:37,1.4434,1.1375,0.035,1.145,1.2592,1.4434,1.1375,1.145,1.625,23.8588,2.0898,48.8875,48.8875,48.8875,23.8588,2.0898,,,,46.7977,21.769,22.2338,22.7213,22.4154,1,1,1,0,1,1,0,1,1,1,1,1
11/7/2025 11:42,1.4397,1.14,0.0313,1.1325,1.2548,1.4397,1.14,1.1325,1.675,23.8334,2.0862,48.7375,48.7375,48.7375,23.8334,2.0862,,,,46.6513,21.7472,22.1584,22.6934,22.3937,1,1,1,0,1,1,0,1,1,1,1,1
11/7/2025 11:47,1.4369,1.1434,0.035,1.1613,1.2641,1.4369,1.1434,1.1613,1.65,23.8814,2.0916,48.7438,48.7438,48.7438,23.8814,2.0916,,,,46.6522,21.7898,22.2314,22.738,22.4445,1,1,1,0,1,1,0,1,1,1,1,1
11/7/2025 11:52,1.4322,1.1413,0.035,1.1325,1.24735,1.4322,1.1413,1.1325,1.725,23.8503,2.088,48.8063,48.8063,48.8063,23.8503,2.088,,,,46.7183,21.7623,22.1253,22.709,22.4181,1,1,1,0,1,1,0,1,1,1,1,1
11/7/2025 11:57,1.4334,1.1391,0.0362,1.125,1.243,1.4334,1.1391,1.125,1.675,23.8645,2.0934,48.7063,48.7063,48.7063,23.8645,2.0934,,,,46.6129,21.7711,22.1895,22.7254,22.4311,1,1,1,0,1,1,0,1,1,1,1,1
11/7/2025 12:02,1.4359,1.1422,0.0362,1.125,1.24425,1.4359,1.1422,1.125,1.725,23.8673,2.0934,48.5813,48.5813,48.5813,23.8673,2.0934,,,,46.4879,21.7739,22.1423,22.7251,22.4314,1,1,1,0,1,1,0,1,1,1,1,1
11/7/2025 12:07,1.4356,1.1394,0.035,1.1263,1.24595,1.4356,1.1394,1.1263,1.625,23.873,2.0934,48.7438,48.7438,48.7438,23.873,2.0934,,,,46.6504,21.7796,22.248,22.7336,22.4374,1,1,1,0,1,1,0,1,1,1,1,1
11/7/2025 12:12,1.4294,1.1394,0.0338,1.1513,1.25655,1.4294,1.1394,1.1513,1.625,23.8786,2.0953,48.8063,48.8063,48.8063,23.8786,2.0953,,,,46.711,21.7833,22.2536,22.7392,22.4492,1,1,1,0,1,1,0,1,1,1,1,1
11/7/2025 12:17,1.4341,1.1409,0.035,1.1313,1.2477,1.4341,1.1409,1.1313,1.625,23.8588,2.0989,48.5438,48.5438,48.5438,23.8588,2.0989,,,,46.4449,21.7599,22.2338,22.7179,22.4247,1,1,1,0,1,1,0,1,1,1,1,1
11/7/2025 12:22,1.4263,1.1441,0.0413,1.1275,1.2356,1.4263,1.1441,1.1275,1.675,23.8701,2.0916,48.6563,48.6563,48.6563,23.8701,2.0916,,,,46.5647,21.7785,22.1951,22.726,22.4438,1,1,1,0,1,1,0,1,1,1,1,1
11/7/2025 12:27,1.4328,1.1394,0.0338,1.1575,1.26135,1.4328,1.1394,1.1575,1.675,23.8673,2.0989,48.7188,48.7188,48.7188,23.8673,2.0989,,,,46.6199,21.7684,22.1923,22.7279,22.4345,1,1,1,0,1,1,0,1,1,1,1,1
11/7/2025 12:32,1.4309,1.1409,0.0338,1.1313,1.2473,1.4309,1.1409,1.1313,1.625,23.8588,2.1025,48.8125,48.8125,48.8125,23.8588,2.1025,,,,46.71,21.7563,22.2338,22.7179,22.4279,1,1,1,0,1,1,0,1,1,1,1,1
11/7/2025 12:37,1.4372,1.1416,0.0338,1.1587,1.26415,1.4372,1.1416,1.1587,1.625,23.8532,2.0989,48.8375,48.8375,48.8375,23.8532,2.0989,,,,46.7386,21.7543,22.2282,22.7116,22.416,1,1,1,0,1,1,0,1,1,1,1,1
11/7/2025 12:42,1.4372,1.1397,0.0362,1.14,1.2524,1.4372,1.1397,1.14,1.675,23.8758,2.0953,48.825,48.825,48.825,23.8758,2.0953,,,,46.7297,21.7805,22.2008,22.7361,22.4386,1,1,1,0,1,1,0,1,1,1,1,1
11/7/2025 12:47,1.4272,1.1387,0.035,1.135,1.2461,1.4272,1.1387,1.135,1.625,23.8588,2.1007,48.6813,48.6813,48.6813,23.8588,2.1007,,,,46.5806,21.7581,22.2338,22.7201,22.4316,1,1,1,0,1,1,0,1,1,1,1,1
11/7/2025 12:52,1.4284,1.1416,0.03,1.14,1.2542,1.4284,1.1416,1.14,1.6,23.8645,2.0989,48.6875,48.6875,48.6875,23.8645,2.0989,,,,46.5886,21.7656,22.2645,22.7229,22.4361,1,1,1,0,1,1,0,1,1,1,1,1
11/7/2025 12:57,1.4269,1.1403,0.035,1.1575,1.2572,1.4269,1.1403,1.1575,1.625,23.8786,2.0971,48.6125,48.6125,48.6125,23.8786,2.0971,,,,46.5154,21.7815,22.2536,22.7383,22.4517,1,1,1,0,1,1,0,1,1,1,1,1
11/7/2025 13:02,1.4316,1.1419,0.0362,1.12,1.2396,1.4316,1.1419,1.12,1.575,23.8475,2.0989,48.85,48.85,48.85,23.8475,2.0989,,,,46.7511,21.7486,22.2725,22.7056,22.4159,1,1,1,0,1,1,0,1,1,1,1,1
11/7/2025 13:07,1.4291,1.1419,0.04,1.1325,1.2408,1.4291,1.1419,1.1325,1.625,23.8843,2.0989,48.6688,48.6688,48.6688,23.8843,2.0989,,,,46.5699,21.7854,22.2593,22.7424,22.4552,1,1,1,0,1,1,0,1,1,1,1,1
11/7/2025 13:12,1.4263,1.1416,0.0313,1.1138,1.23875,1.4263,1.1416,1.1138,1.575,23.8475,2.1025,48.5875,48.5875,48.5875,23.8475,2.1025,,,,46.485,21.745,22.2725,22.7059,22.4212,1,1,1,0,1,1,0,1,1,1,1,1
11/7/2025 13:17,1.4313,1.1419,0.0338,1.1338,1.24875,1.4313,1.1419,1.1338,1.575,23.8617,2.0971,48.6375,48.6375,48.6375,23.8617,2.0971,,,,46.5404,21.7646,22.2867,22.7198,22.4304,1,1,1,0,1,1,0,1,1,1,1,1
11/7/2025 13:22,1.4297,1.1403,0.04,1.1475,1.2486,1.4297,1.1403,1.1475,1.6,23.873,2.1061,48.7375,48.7375,48.7375,23.873,2.1061,,,,46.6314,21.7669,22.273,22.7327,22.4433,1,1,1,0,1,1,0,1,1,1,1,1
11/7/2025 13:27,1.4278,1.1409,0.0338,1.105,1.2326,1.4278,1.1409,1.105,1.6,23.8617,2.1007,48.7313,48.7313,48.7313,23.8617,2.1007,,,,46.6306,21.761,22.2617,22.7208,22.4339,1,1,1,0,1,1,0,1,1,1,1,1
11/7/2025 13:32,1.4309,1.1434,0.03,1.1075,1.2392,1.4309,1.1434,1.1075,1.6,23.8645,2.1025,48.625,48.625,48.625,23.8645,2.1025,,,,46.5225,21.762,22.2645,22.7211,22.4336,1,1,1,0,1,1,0,1,1,1,1,1
11/7/2025 13:37,1.4309,1.1441,0.0362,1.14,1.24925,1.4309,1.1441,1.14,1.625,23.8617,2.1043,48.7563,48.7563,48.7563,23.8617,2.1043,,,,46.652,21.7574,22.2367,22.7176,22.4308,1,1,1,0,1,1,0,1,1,1,1,1
11/7/2025 13:42,1.4316,1.1469,0.0362,1.145,1.2521,1.4316,1.1469,1.145,1.625,23.8306,2.0971,48.6563,48.6563,48.6563,23.8306,2.0971,,,,46.5592,21.7335,22.2056,22.6837,22.399,1,1,1,0,1,1,0,1,1,1,1,1
11/7/2025 13:47,1.425,1.1413,0.035,1.0988,1.2269,1.425,1.1413,1.0988,1.625,23.8447,2.1079,48.775,48.775,48.775,23.8447,2.1079,,,,46.6671,21.7368,22.2197,22.7034,22.4197,1,1,1,0,1,1,0,1,1,1,1,1
11/7/2025 13:52,1.4338,1.1441,0.0313,1.1538,1.2625,1.4338,1.1441,1.1538,1.575,23.839,2.1007,48.725,48.725,48.725,23.839,2.1007,,,,46.6243,21.7383,22.264,22.6949,22.4052,1,1,1,0,1,1,0,1,1,1,1,1
11/7/2025 13:57,1.4263,1.1434,0.035,1.1275,1.2419,1.4263,1.1434,1.1275,1.6,23.8475,2.1025,48.6125,48.6125,48.6125,23.8475,2.1025,,,,46.51,21.745,22.2475,22.7041,22.4212,1,1,1,0,1,1,0,1,1,1,1,1
11/7/2025 14:02,1.4334,1.1416,0.035,1.135,1.2492,1.4334,1.1416,1.135,1.625,23.8588,2.1061,49.0313,49.0313,49.0313,23.8588,2.1061,,,,46.9252,21.7527,22.2338,22.7172,22.4254,1,1,1,0,1,1,0,1,1,1,1,1
11/7/2025 14:07,1.4347,1.1422,0.035,1.1663,1.2655,1.4347,1.1422,1.1663,1.6,23.8843,2.1097,48.5813,48.5813,48.5813,23.8843,2.1097,,,,46.4716,21.7746,22.2843,22.7421,22.4496,1,1,1,0,1,1,0,1,1,1,1,1
11/7/2025 14:12,1.4338,1.1431,0.0338,1.12,1.2431,1.4338,1.1431,1.12,1.575,23.8503,2.1043,48.7313,48.7313,48.7313,23.8503,2.1043,,,,46.627,21.746,22.2753,22.7072,22.4165,1,1,1,0,1,1,0,1,1,1,1,1
11/7/2025 14:17,1.4291,1.1438,0.035,1.1325,1.2458,1.4291,1.1438,1.1325,1.6,23.8532,2.1079,48.75,48.75,48.75,23.8532,2.1079,,,,46.6421,21.7453,22.2532,22.7094,22.4241,1,1,1,0,1,1,0,1,1,1,1,1
11/7/2025 14:22,1.4313,1.1428,0.0338,1.1013,1.2325,1.4313,1.1428,1.1013,1.6,23.8814,2.1043,48.5938,48.5938,48.5938,23.8814,2.1043,,,,46.4895,21.7771,22.2814,22.7386,22.4501,1,1,1,0,1,1,0,1,1,1,1,1
11/7/2025 14:27,1.4388,1.1453,0.0313,1.1375,1.25685,1.4388,1.1453,1.1375,1.6,23.8447,2.1061,48.65,48.65,48.65,23.8447,2.1061,,,,46.5439,21.7386,22.2447,22.6994,22.4059,1,1,1,0,1,1,0,1,1,1,1,1
11/7/2025 14:32,1.4297,1.1422,0.0338,1.1325,1.2473,1.4297,1.1422,1.1325,1.625,23.8673,2.1007,48.7,48.7,48.7,23.8673,2.1007,,,,46.5993,21.7666,22.2423,22.7251,22.4376,1,1,1,0,1,1,0,1,1,1,1,1
11/7/2025 14:37,1.4281,1.1416,0.0313,1.165,1.26525,1.4281,1.1416,1.165,1.6,23.8673,2.1133,48.8125,48.8125,48.8125,23.8673,2.1133,,,,46.6992,21.754,22.2673,22.7257,22.4392,1,1,1,0,1,1,0,1,1,1,1,1
11/7/2025 14:42,1.4366,1.1441,0.035,1.1513,1.25895,1.4366,1.1441,1.1513,1.6,23.8475,2.1115,48.7938,48.7938,48.7938,23.8475,2.1115,,,,46.6823,21.736,22.2475,22.7034,22.4109,1,1,1,0,1,1,0,1,1,1,1,1
11/7/2025 14:47,1.4288,1.1428,0.0313,1.1413,1.25375,1.4288,1.1428,1.1413,1.625,23.8758,2.1043,48.5938,48.5938,48.5938,23.8758,2.1043,,,,46.4895,21.7715,22.2508,22.733,22.447,1,1,1,0,1,1,0,1,1,1,1,1
11/7/2025 14:52,1.4263,1.1444,0.0338,1.1375,1.2481,1.4263,1.1444,1.1375,1.6,23.8701,2.1079,48.9625,48.9625,48.9625,23.8701,2.1079,,,,46.8546,21.7622,22.2701,22.7257,22.4438,1,1,1,0,1,1,0,1,1,1,1,1
11/7/2025 14:57,1.4341,1.1438,0.0338,1.1113,1.2389,1.4341,1.1438,1.1113,1.6,23.8758,2.1061,48.675,48.675,48.675,23.8758,2.1061,,,,46.5689,21.7697,22.2758,22.732,22.4417,1,1,1,0,1,1,0,1,1,1,1,1
11/7/2025 15:02,1.4356,1.1456,0.0338,1.14,1.254,1.4356,1.1456,1.14,1.575,23.8532,2.1079,48.6625,48.6625,48.6625,23.8532,2.1079,,,,46.5546,21.7453,22.2782,22.7076,22.4176,1,1,1,0,1,1,0,1,1,1,1,1
11/7/2025 15:07,1.4359,1.1472,0.035,1.12,1.24295,1.4359,1.1472,1.12,1.625,23.8701,2.1061,48.925,48.925,48.925,23.8701,2.1061,,,,46.8189,21.764,22.2451,22.7229,22.4342,1,1,1,0,1,1,0,1,1,1,1,1
11/7/2025 15:12,1.43,1.1453,0.035,1.1487,1.25435,1.43,1.1453,1.1487,1.6,23.856,2.1097,48.6188,48.6188,48.6188,23.856,2.1097,,,,46.5091,21.7463,22.256,22.7107,22.426,1,1,1,0,1,1,0,1,1,1,1,1
11/7/2025 15:17,1.4338,1.1444,0.035,1.105,1.2344,1.4338,1.1444,1.105,1.6,23.8532,2.1133,48.8,48.8,48.8,23.8532,2.1133,,,,46.6867,21.7399,22.2532,22.7088,22.4194,1,1,1,0,1,1,0,1,1,1,1,1
11/7/2025 15:22,1.4325,1.1438,0.0338,1.1313,1.2481,1.4325,1.1438,1.1313,1.625,23.8532,2.1079,48.65,48.65,48.65,23.8532,2.1079,,,,46.5421,21.7453,22.2282,22.7094,22.4207,1,1,1,0,1,1,0,1,1,1,1,1
11/7/2025 15:27,1.4353,1.1444,0.0313,1.175,1.27385,1.4353,1.1444,1.175,1.625,23.839,2.1061,48.8125,48.8125,48.8125,23.839,2.1061,,,,46.7064,21.7329,22.214,22.6946,22.4037,1,1,1,0,1,1,0,1,1,1,1,1
11/7/2025 15:32,1.4278,1.1456,0.035,1.125,1.2414,1.4278,1.1456,1.125,1.575,23.8588,2.1151,48.8188,48.8188,48.8188,23.8588,2.1151,,,,46.7037,21.7437,22.2838,22.7132,22.431,1,1,1,0,1,1,0,1,1,1,1,1
11/7/2025 15:37,1.4356,1.1466,0.0313,1.1287,1.25085,1.4356,1.1466,1.1287,1.6,23.8758,2.1043,48.7563,48.7563,48.7563,23.8758,2.1043,,,,46.652,21.7715,22.2758,22.7292,22.4402,1,1,1,0,1,1,0,1,1,1,1,1
11/7/2025 15:42,1.4331,1.1441,0.0338,1.1538,1.25965,1.4331,1.1441,1.1538,1.6,23.8673,2.1061,48.6,48.6,48.6,23.8673,2.1061,,,,46.4939,21.7612,22.2673,22.7232,22.4342,1,1,1,0,1,1,0,1,1,1,1,1
11/7/2025 15:47,1.4294,1.1459,0.0338,1.1213,1.24155,1.4294,1.1459,1.1213,1.6,23.8419,2.1079,48.925,48.925,48.925,23.8419,2.1079,,,,46.8171,21.734,22.2419,22.696,22.4125,1,1,1,0,1,1,0,1,1,1,1,1
11/7/2025 15:52,1.4272,1.1425,0.0362,1.1263,1.24055,1.4272,1.1425,1.1263,1.6,23.839,2.1097,48.7375,48.7375,48.7375,23.839,2.1097,,,,46.6278,21.7293,22.239,22.6965,22.4118,1,1,1,0,1,1,0,1,1,1,1,1
11/7/2025 15:57,1.4313,1.1434,0.0313,1.1188,1.24375,1.4313,1.1434,1.1188,1.625,23.8277,2.1097,48.4125,48.4125,48.4125,23.8277,2.1097,,,,46.3028,21.718,22.2027,22.6843,22.3964,1,1,1,0,1,1,0,1,1,1,1,1
11/7/2025 16:02,1.4303,1.1456,0.0338,1.1188,1.24075,1.4303,1.1456,1.1188,1.6,23.8758,2.1079,48.7313,48.7313,48.7313,23.8758,2.1079,,,,46.6234,21.7679,22.2758,22.7302,22.4455,1,1,1,0,1,1,0,1,1,1,1,1
11/7/2025 16:07,1.4325,1.145,0.0338,1.1587,1.2618,1.4325,1.145,1.1587,1.575,23.8108,2.1061,48.5188,48.5188,48.5188,23.8108,2.1061,,,,46.4127,21.7047,22.2358,22.6658,22.3783,1,1,1,0,1,1,0,1,1,1,1,1
11/7/2025 16:12,1.4369,1.1438,0.0362,1.1213,1.2429,1.4369,1.1438,1.1213,1.575,23.8617,2.1115,48.7625,48.7625,48.7625,23.8617,2.1115,,,,46.651,21.7502,22.2867,22.7179,22.4248,1,1,1,0,1,1,0,1,1,1,1,1
11/7/2025 16:17,1.43,1.1434,0.0338,1.1325,1.24745,1.43,1.1434,1.1325,1.6,23.8758,2.1061,48.8063,48.8063,48.8063,23.8758,2.1061,,,,46.7002,21.7697,22.2758,22.7324,22.4458,1,1,1,0,1,1,0,1,1,1,1,1
11/7/2025 16:22,1.4284,1.1444,0.035,1.1413,1.24985,1.4284,1.1444,1.1413,1.6,23.8503,2.1115,48.7125,48.7125,48.7125,23.8503,2.1115,,,,46.601,21.7388,22.2503,22.7059,22.4219,1,1,1,0,1,1,0,1,1,1,1,1
11/7/2025 16:27,1.4284,1.1431,0.04,1.1325,1.24045,1.4284,1.1431,1.1325,1.575,23.8447,2.1097,48.5125,48.5125,48.5125,23.8447,2.1097,,,,46.4028,21.735,22.2697,22.7016,22.4163,1,1,1,0,1,1,0,1,1,1,1,1
11/7/2025 16:32,1.4344,1.1444,0.035,1.12,1.2422,1.4344,1.1444,1.12,1.625,23.8532,2.1115,48.7563,48.7563,48.7563,23.8532,2.1115,,,,46.6448,21.7417,22.2282,22.7088,22.4188,1,1,1,0,1,1,0,1,1,1,1,1
11/7/2025 16:37,1.4325,1.1447,0.0362,1.1213,1.2407,1.4325,1.1447,1.1213,1.6,23.856,2.1097,48.5688,48.5688,48.5688,23.856,2.1097,,,,46.4591,21.7463,22.256,22.7113,22.4235,1,1,1,0,1,1,0,1,1,1,1,1
11/7/2025 16:42,1.4253,1.1453,0.0375,1.1025,1.2264,1.4253,1.1453,1.1025,1.65,23.8617,2.1115,48.5688,48.5688,48.5688,23.8617,2.1115,,,,46.4573,21.7502,22.2117,22.7164,22.4364,1,1,1,0,1,1,0,1,1,1,1,1
11/7/2025 16:47,1.4331,1.1441,0.0288,1.1163,1.2459,1.4331,1.1441,1.1163,1.675,23.8814,2.1115,48.6125,48.6125,48.6125,23.8814,2.1115,,,,46.501,21.7699,22.2064,22.7373,22.4483,1,1,1,0,1,1,0,1,1,1,1,1
11/7/2025 16:52,1.43,1.1469,0.0338,1.155,1.2587,1.43,1.1469,1.155,1.65,23.8645,2.1169,48.7313,48.7313,48.7313,23.8645,2.1169,,,,46.6144,21.7476,22.2145,22.7176,22.4345,1,1,1,0,1,1,0,1,1,1,1,1
11/7/2025 16:57,1.4322,1.1444,0.0338,1.1788,1.2717,1.4322,1.1444,1.1788,1.75,23.9267,2.1097,48.6,48.6,48.6,23.9267,2.1097,,,,46.4903,21.817,22.1767,22.7823,22.4945,1,1,1,0,1,1,0,1,1,1,1,1
11/7/2025 17:02,1.4316,1.1438,0.0338,1.175,1.2695,1.4316,1.1438,1.175,1.725,23.8786,2.1151,48.7063,48.7063,48.7063,23.8786,2.1151,,,,46.5912,21.7635,22.1536,22.7348,22.447,1,1,1,0,1,1,0,1,1,1,1,1
11/7/2025 17:07,1.435,1.1441,0.0338,1.1063,1.23685,1.435,1.1441,1.1063,1.75,23.8984,2.1061,48.9375,48.9375,48.9375,23.8984,2.1061,,,,46.8314,21.7923,22.1484,22.7543,22.4634,1,1,1,0,1,1,0,1,1,1,1,1
11/7/2025 17:12,1.4313,1.1438,0.0313,1.1525,1.2606,1.4313,1.1438,1.1525,1.725,23.9041,2.1151,48.5313,48.5313,48.5313,23.9041,2.1151,,,,46.4162,21.789,22.1791,22.7603,22.4728,1,1,1,0,1,1,0,1,1,1,1,1
11/7/2025 17:17,1.4381,1.1434,0.0338,1.1188,1.24465,1.4381,1.1434,1.1188,1.75,23.873,2.1061,48.7813,48.7813,48.7813,23.873,2.1061,,,,46.6752,21.7669,22.123,22.7296,22.4349,1,1,1,0,1,1,0,1,1,1,1,1
11/7/2025 17:22,1.4281,1.1444,0.035,1.1525,1.2553,1.4281,1.1444,1.1525,1.75,23.8673,2.1097,48.7188,48.7188,48.7188,23.8673,2.1097,,,,46.6091,21.7576,22.1173,22.7229,22.4392,1,1,1,0,1,1,0,1,1,1,1,1
11/7/2025 17:27,1.4366,1.1425,0.03,1.1075,1.24205,1.4366,1.1425,1.1075,1.725,23.8645,2.1097,48.5438,48.5438,48.5438,23.8645,2.1097,,,,46.4341,21.7548,22.1395,22.722,22.4279,1,1,1,0,1,1,0,1,1,1,1,1
11/7/2025 17:32,1.4372,1.1456,0.0375,1.1638,1.263,1.4372,1.1456,1.1638,1.725,23.8362,2.1061,48.3688,48.3688,48.3688,23.8362,2.1061,,,,46.2627,21.7301,22.1112,22.6906,22.399,1,1,1,0,1,1,0,1,1,1,1,1
11/7/2025 17:37,1.4328,1.1444,0.035,1.1513,1.25705,1.4328,1.1444,1.1513,1.775,23.8645,2.1097,48.9125,48.9125,48.9125,23.8645,2.1097,,,,46.8028,21.7548,22.0895,22.7201,22.4317,1,1,1,0,1,1,0,1,1,1,1,1
11/7/2025 17:42,1.4359,1.1438,0.0313,1.1138,1.24355,1.4359,1.1438,1.1138,1.775,23.8334,2.1079,48.6375,48.6375,48.6375,23.8334,2.1079,,,,46.5296,21.7255,22.0584,22.6896,22.3975,1,1,1,0,1,1,0,1,1,1,1,1
11/7/2025 17:47,1.4353,1.1431,0.035,1.145,1.25515,1.4353,1.1431,1.145,1.75,23.9012,2.1115,48.7875,48.7875,48.7875,23.9012,2.1115,,,,46.676,21.7897,22.1512,22.7581,22.4659,1,1,1,0,1,1,0,1,1,1,1,1
11/7/2025 17:52,1.4303,1.1444,0.0338,1.1575,1.2601,1.4303,1.1444,1.1575,1.775,23.8956,2.1097,48.7438,48.7438,48.7438,23.8956,2.1097,,,,46.6341,21.7859,22.1206,22.7512,22.4653,1,1,1,0,1,1,0,1,1,1,1,1
11/7/2025 17:57,1.4356,1.1438,0.0338,1.1663,1.26715,1.4356,1.1438,1.1663,1.75,23.8588,2.1133,48.65,48.65,48.65,23.8588,2.1133,,,,46.5367,21.7455,22.1088,22.715,22.4232,1,1,1,0,1,1,0,1,1,1,1,1
11/7/2025 18:02,1.4316,1.1422,0.03,1.1487,1.26015,1.4316,1.1422,1.1487,1.725,23.8475,2.1079,48.8875,48.8875,48.8875,23.8475,2.1079,,,,46.7796,21.7396,22.1225,22.7053,22.4159,1,1,1,0,1,1,0,1,1,1,1,1
11/7/2025 18:07,1.4372,1.1463,0.0362,1.1425,1.25365,1.4372,1.1463,1.1425,1.775,23.8645,2.1079,48.7063,48.7063,48.7063,23.8645,2.1079,,,,46.5984,21.7566,22.0895,22.7182,22.4273,1,1,1,0,1,1,0,1,1,1,1,1
11/7/2025 18:12,1.4363,1.1434,0.03,1.1313,1.2538,1.4363,1.1434,1.1313,1.75,23.8701,2.1043,48.8313,48.8313,48.8313,23.8701,2.1043,,,,46.727,21.7658,22.1201,22.7267,22.4338,1,1,1,0,1,1,0,1,1,1,1,1
11/7/2025 18:17,1.4384,1.1419,0.0338,1.1063,1.23855,1.4384,1.1419,1.1063,1.725,23.8532,2.1043,48.7625,48.7625,48.7625,23.8532,2.1043,,,,46.6582,21.7489,22.1282,22.7113,22.4148,1,1,1,0,1,1,0,1,1,1,1,1
11/7/2025 18:22,1.425,1.1444,0.035,1.135,1.245,1.425,1.1444,1.135,1.725,23.8758,2.1079,48.6438,48.6438,48.6438,23.8758,2.1079,,,,46.5359,21.7679,22.1508,22.7314,22.4508,1,1,1,0,1,1,0,1,1,1,1,1
11/7/2025 18:27,1.4322,1.1438,0.035,1.1075,1.23485,1.4322,1.1438,1.1075,1.75,23.8786,2.1115,48.5563,48.5563,48.5563,23.8786,2.1115,,,,46.4448,21.7671,22.1286,22.7348,22.4464,1,1,1,0,1,1,0,1,1,1,1,1
11/7/2025 18:32,1.4284,1.1459,0.0338,1.16,1.2604,1.4284,1.1459,1.16,1.75,23.8447,2.1097,48.9375,48.9375,48.9375,23.8447,2.1097,,,,46.8278,21.735,22.0947,22.6988,22.4163,1,1,1,0,1,1,0,1,1,1,1,1
11/7/2025 18:37,1.4344,1.1428,0.0313,1.1487,1.26025,1.4344,1.1428,1.1487,1.8,23.8758,2.1079,48.8375,48.8375,48.8375,23.8758,2.1079,,,,46.7296,21.7679,22.0758,22.733,22.4414,1,1,1,0,1,1,0,1,1,1,1,1
11/7/2025 18:42,1.4306,1.1441,0.03,1.1287,1.24965,1.4306,1.1441,1.1287,1.725,23.856,2.1043,48.6688,48.6688,48.6688,23.856,2.1043,,,,46.5645,21.7517,22.131,22.7119,22.4254,1,1,1,0,1,1,0,1,1,1,1,1
11/7/2025 18:47,1.4338,1.1453,0.0313,1.1413,1.25625,1.4338,1.1453,1.1413,1.775,23.856,2.1151,48.775,48.775,48.775,23.856,2.1151,,,,46.6599,21.7409,22.081,22.7107,22.4222,1,1,1,0,1,1,0,1,1,1,1,1
11/7/2025 18:52,1.4403,1.1441,0.0313,1.1325,1.2551,1.4403,1.1441,1.1325,1.725,23.8588,2.1133,48.6688,48.6688,48.6688,23.8588,2.1133,,,,46.5555,21.7455,22.1338,22.7147,22.4185,1,1,1,0,1,1,0,1,1,1,1,1
11/7/2025 18:57,1.4456,1.1463,0.0338,1.1375,1.25775,1.4456,1.1463,1.1375,1.725,23.8588,2.1079,48.6938,48.6938,48.6938,23.8588,2.1079,,,,46.5859,21.7509,22.1338,22.7125,22.4132,1,1,1,0,1,1,0,1,1,1,1,1
11/7/2025 19:02,1.4391,1.1434,0.0338,1.12,1.24575,1.4391,1.1434,1.12,1.775,23.8532,2.1151,48.6938,48.6938,48.6938,23.8532,2.1151,,,,46.5787,21.7381,22.0782,22.7098,22.4141,1,1,1,0,1,1,0,1,1,1,1,1
11/7/2025 19:07,1.4369,1.1459,0.035,1.1088,1.23785,1.4369,1.1459,1.1088,1.75,23.8447,2.1043,48.625,48.625,48.625,23.8447,2.1043,,,,46.5207,21.7404,22.0947,22.6988,22.4078,1,1,1,0,1,1,0,1,1,1,1,1
11/7/2025 19:12,1.4359,1.1428,0.035,1.1338,1.24985,1.4359,1.1428,1.1338,1.8,23.8899,2.1115,48.825,48.825,48.825,23.8899,2.1115,,,,46.7135,21.7784,22.0899,22.7471,22.454,1,1,1,0,1,1,0,1,1,1,1,1
11/7/2025 19:17,1.4419,1.1438,0.0338,1.105,1.23965,1.4419,1.1438,1.105,1.8,23.8588,2.1097,48.9063,48.9063,48.9063,23.8588,2.1097,,,,46.7966,21.7491,22.0588,22.715,22.4169,1,1,1,0,1,1,0,1,1,1,1,1
11/7/2025 19:22,1.4388,1.1406,0.0313,1.1387,1.25745,1.4388,1.1406,1.1387,1.85,23.856,2.1079,48.6313,48.6313,48.6313,23.856,2.1079,,,,46.5234,21.7481,22.006,22.7154,22.4172,1,1,1,0,1,1,0,1,1,1,1,1
11/7/2025 19:27,1.4369,1.1431,0.03,1.1413,1.2591,1.4369,1.1431,1.1413,1.775,23.873,2.1061,48.9188,48.9188,48.9188,23.873,2.1061,,,,46.8127,21.7669,22.098,22.7299,22.4361,1,1,1,0,1,1,0,1,1,1,1,1
11/7/2025 19:32,1.4372,1.1447,0.0362,1.125,1.2449,1.4372,1.1447,1.125,1.75,23.8475,2.1061,48.8188,48.8188,48.8188,23.8475,2.1061,,,,46.7127,21.7414,22.0975,22.7028,22.4103,1,1,1,0,1,1,0,1,1,1,1,1
11/7/2025 19:37,1.4334,1.1444,0.0338,1.125,1.2454,1.4334,1.1444,1.125,1.725,23.8814,2.1097,48.75,48.75,48.75,23.8814,2.1097,,,,46.6403,21.7717,22.1564,22.737,22.448,1,1,1,0,1,1,0,1,1,1,1,1
11/7/2025 19:42,1.4391,1.1441,0.0362,1.1213,1.244,1.4391,1.1441,1.1213,1.8,23.8956,2.0989,48.7438,48.7438,48.7438,23.8956,2.0989,,,,46.6449,21.7967,22.0956,22.7515,22.4565,1,1,1,0,1,1,0,1,1,1,1,1
11/7/2025 19:47,1.4444,1.1422,0.0338,1.125,1.2509,1.4444,1.1422,1.125,1.8,23.8588,2.1097,48.8188,48.8188,48.8188,23.8588,2.1097,,,,46.7091,21.7491,22.0588,22.7166,22.4144,1,1,1,0,1,1,0,1,1,1,1,1
11/7/2025 19:52,1.4416,1.1428,0.0375,1.1463,1.25645,1.4416,1.1428,1.1463,1.775,23.8645,2.1097,48.675,48.675,48.675,23.8645,2.1097,,,,46.5653,21.7548,22.0895,22.7217,22.4229,1,1,1,0,1,1,0,1,1,1,1,1
11/7/2025 19:57,1.4347,1.1453,0.0338,1.1425,1.2548,1.4347,1.1453,1.1425,1.8,23.873,2.1061,48.7563,48.7563,48.7563,23.873,2.1061,,,,46.6502,21.7669,22.073,22.7277,22.4383,1,1,1,0,1,1,0,1,1,1,1,1
11/7/2025 20:02,1.4431,1.1441,0.035,1.1338,1.25345,1.4431,1.1441,1.1338,1.85,23.8645,2.1097,48.8625,48.8625,48.8625,23.8645,2.1097,,,,46.7528,21.7548,22.0145,22.7204,22.4214,1,1,1,0,1,1,0,1,1,1,1,1
11/7/2025 20:07,1.4353,1.1444,0.035,1.1475,1.2564,1.4353,1.1444,1.1475,1.8,23.8277,2.1133,48.7875,48.7875,48.7875,23.8277,2.1133,,,,46.6742,21.7144,22.0277,22.6833,22.3924,1,1,1,0,1,1,0,1,1,1,1,1
11/7/2025 20:12,1.4372,1.1428,0.03,1.1387,1.25795,1.4372,1.1428,1.1387,1.725,23.8617,2.1133,48.725,48.725,48.725,23.8617,2.1133,,,,46.6117,21.7484,22.1367,22.7189,22.4245,1,1,1,0,1,1,0,1,1,1,1,1
11/7/2025 20:17,1.4372,1.1444,0.0338,1.1463,1.25795,1.4372,1.1444,1.1463,1.8,23.8786,2.1133,48.9,48.9,48.9,23.8786,2.1133,,,,46.7867,21.7653,22.0786,22.7342,22.4414,1,1,1,0,1,1,0,1,1,1,1,1
11/7/2025 20:22,1.43,1.1434,0.0338,1.1163,1.23935,1.43,1.1434,1.1163,1.75,23.8673,2.1061,48.6938,48.6938,48.6938,23.8673,2.1061,,,,46.5877,21.7612,22.1173,22.7239,22.4373,1,1,1,0,1,1,0,1,1,1,1,1
11/7/2025 20:27,1.4297,1.1416,0.0338,1.14,1.25105,1.4297,1.1416,1.14,1.725,23.8786,2.1115,48.5188,48.5188,48.5188,23.8786,2.1115,,,,46.4073,21.7671,22.1536,22.737,22.4489,1,1,1,0,1,1,0,1,1,1,1,1
11/7/2025 20:32,1.4325,1.1419,0.0338,1.1375,1.2512,1.4325,1.1419,1.1375,1.75,23.8984,2.1115,48.8188,48.8188,48.8188,23.8984,2.1115,,,,46.7073,21.7869,22.1484,22.7565,22.4659,1,1,1,0,1,1,0,1,1,1,1,1
11/7/2025 20:37,1.4375,1.145,0.035,1.1163,1.2419,1.4375,1.145,1.1163,1.725,23.873,2.1133,48.8563,48.8563,48.8563,23.873,2.1133,,,,46.743,21.7597,22.148,22.728,22.4355,1,1,1,0,1,1,0,1,1,1,1,1
11/7/2025 20:42,1.4425,1.1428,0.03,1.1375,1.26,1.4425,1.1428,1.1375,1.725,23.8306,2.1187,48.9938,48.9938,48.9938,23.8306,2.1187,,,,46.8751,21.7119,22.1056,22.6878,22.3881,1,1,1,0,1,1,0,1,1,1,1,1
11/7/2025 20:47,1.4356,1.1434,0.0338,1.12,1.244,1.4356,1.1434,1.12,1.725,23.856,2.1115,48.7375,48.7375,48.7375,23.856,2.1115,,,,46.626,21.7445,22.131,22.7126,22.4204,1,1,1,0,1,1,0,1,1,1,1,1
11/7/2025 20:52,1.4394,1.1419,0.0338,1.1487,1.26025,1.4394,1.1419,1.1487,1.75,23.8617,2.1097,48.8438,48.8438,48.8438,23.8617,2.1097,,,,46.7341,21.752,22.1117,22.7198,22.4223,1,1,1,0,1,1,0,1,1,1,1,1
11/7/2025 20:57,1.4406,1.1425,0.035,1.1338,1.2522,1.4406,1.1425,1.1338,1.775,23.8701,2.1115,48.8625,48.8625,48.8625,23.8701,2.1115,,,,46.751,21.7586,22.0951,22.7276,22.4295,1,1,1,0,1,1,0,1,1,1,1,1
11/7/2025 21:02,1.4403,1.1456,0.035,1.1338,1.25205,1.4403,1.1456,1.1338,1.725,23.8673,2.1115,48.8375,48.8375,48.8375,23.8673,2.1115,,,,46.726,21.7558,22.1423,22.7217,22.427,1,1,1,0,1,1,0,1,1,1,1,1
11/7/2025 21:07,1.4453,1.1434,0.0313,1.1287,1.2557,1.4453,1.1434,1.1287,1.75,23.8758,2.1097,48.8625,48.8625,48.8625,23.8758,2.1097,,,,46.7528,21.7661,22.1258,22.7324,22.4305,1,1,1,0,1,1,0,1,1,1,1,1
11/7/2025 21:12,1.4412,1.1456,0.035,1.1413,1.25625,1.4412,1.1456,1.1413,1.725,23.8447,2.1061,49,49,49,23.8447,2.1061,,,,46.8939,21.7386,22.1197,22.6991,22.4035,1,1,1,0,1,1,0,1,1,1,1,1
11/7/2025 21:17,1.4409,1.1438,0.0338,1.1275,1.2504,1.4409,1.1438,1.1275,1.85,23.9041,2.1133,49.125,49.125,49.125,23.9041,2.1133,,,,47.0117,21.7908,22.0541,22.7603,22.4632,1,1,1,0,1,1,0,1,1,1,1,1
11/7/2025 21:22,1.4441,1.145,0.03,1.1338,1.25895,1.4441,1.145,1.1338,1.775,23.9125,2.1169,48.7875,48.7875,48.7875,23.9125,2.1169,,,,46.6706,21.7956,22.1375,22.7675,22.4684,1,1,1,0,1,1,0,1,1,1,1,1
11/7/2025 21:27,1.4363,1.1425,0.03,1.1225,1.2494,1.4363,1.1425,1.1225,1.8,23.8758,2.1115,49.0063,49.0063,49.0063,23.8758,2.1115,,,,46.8948,21.7643,22.0758,22.7333,22.4395,1,1,1,0,1,1,0,1,1,1,1,1
11/7/2025 21:32,1.4384,1.1434,0.0338,1.1375,1.25415,1.4384,1.1434,1.1375,1.85,23.8843,2.1079,48.8875,48.8875,48.8875,23.8843,2.1079,,,,46.7796,21.7764,22.0343,22.7409,22.4459,1,1,1,0,1,1,0,1,1,1,1,1
11/7/2025 21:37,1.4406,1.1444,0.0338,1.1375,1.25525,1.4406,1.1444,1.1375,1.8,23.8617,2.1079,48.675,48.675,48.675,23.8617,2.1079,,,,46.5671,21.7538,22.0617,22.7173,22.4211,1,1,1,0,1,1,0,1,1,1,1,1
11/7/2025 21:42,1.4456,1.1428,0.0338,1.1225,1.25025,1.4456,1.1428,1.1225,1.85,23.8362,2.1079,48.875,48.875,48.875,23.8362,2.1079,,,,46.7671,21.7283,21.9862,22.6934,22.3906,1,1,1,0,1,1,0,1,1,1,1,1
11/7/2025 21:47,1.4428,1.1422,0.0313,1.1287,1.25445,1.4428,1.1422,1.1287,1.775,23.8645,2.1097,48.9125,48.9125,48.9125,23.8645,2.1097,,,,46.8028,21.7548,22.0895,22.7223,22.4217,1,1,1,0,1,1,0,1,1,1,1,1
11/7/2025 21:52,1.4397,1.1434,0.03,1.135,1.25735,1.4397,1.1434,1.135,1.75,23.8758,2.1115,48.8688,48.8688,48.8688,23.8758,2.1115,,,,46.7573,21.7643,22.1258,22.7324,22.4361,1,1,1,0,1,1,0,1,1,1,1,1
11/7/2025 21:57,1.4463,1.1438,0.035,1.155,1.26565,1.4463,1.1438,1.155,1.75,23.856,2.1115,48.7313,48.7313,48.7313,23.856,2.1115,,,,46.6198,21.7445,22.106,22.7122,22.4097,1,1,1,0,1,1,0,1,1,1,1,1
11/7/2025 22:02,1.4419,1.1416,0.0338,1.14,1.25715,1.4419,1.1416,1.14,1.725,23.8588,2.1079,48.725,48.725,48.725,23.8588,2.1079,,,,46.6171,21.7509,22.1338,22.7172,22.4169,1,1,1,0,1,1,0,1,1,1,1,1
11/7/2025 22:07,1.4409,1.1425,0.0362,1.1225,1.2455,1.4409,1.1425,1.1225,1.75,23.8786,2.1007,48.8063,48.8063,48.8063,23.8786,2.1007,,,,46.7056,21.7779,22.1286,22.7361,22.4377,1,1,1,0,1,1,0,1,1,1,1,1
11/7/2025 22:12,1.4334,1.1434,0.0338,1.1213,1.24355,1.4334,1.1434,1.1213,1.75,23.8503,2.1169,49.0563,49.0563,49.0563,23.8503,2.1169,,,,46.9394,21.7334,22.1003,22.7069,22.4169,1,1,1,0,1,1,0,1,1,1,1,1
11/7/2025 22:17,1.4447,1.1434,0.035,1.1375,1.2561,1.4447,1.1434,1.1375,1.725,23.8221,2.0989,48.6188,48.6188,48.6188,23.8221,2.0989,,,,46.5199,21.7232,22.0971,22.6787,22.3774,1,1,1,0,1,1,0,1,1,1,1,1
11/7/2025 22:22,1.4425,1.1419,0.0313,1.1575,1.2687,1.4425,1.1419,1.1575,1.725,23.856,2.1115,49.1813,49.1813,49.1813,23.856,2.1115,,,,47.0698,21.7445,22.131,22.7141,22.4135,1,1,1,0,1,1,0,1,1,1,1,1
11/7/2025 22:27,1.4463,1.1441,0.0338,1.1525,1.2656,1.4463,1.1441,1.1525,1.725,23.8645,2.1115,48.6375,48.6375,48.6375,23.8645,2.1115,,,,46.526,21.753,22.1395,22.7204,22.4182,1,1,1,0,1,1,0,1,1,1,1,1
11/7/2025 22:32,1.4388,1.1428,0.0362,1.1425,1.25445,1.4388,1.1428,1.1425,1.725,23.8475,2.1097,48.85,48.85,48.85,23.8475,2.1097,,,,46.7403,21.7378,22.1225,22.7047,22.4087,1,1,1,0,1,1,0,1,1,1,1,1
11/7/2025 22:37,1.4441,1.1441,0.035,1.1487,1.2614,1.4441,1.1441,1.1487,1.75,23.8843,2.1061,48.7688,48.7688,48.7688,23.8843,2.1061,,,,46.6627,21.7782,22.1343,22.7402,22.4402,1,1,1,0,1,1,0,1,1,1,1,1
11/7/2025 22:42,1.4363,1.1406,0.0362,1.1413,1.2526,1.4363,1.1406,1.1413,1.725,23.8701,2.1133,49.0438,49.0438,49.0438,23.8701,2.1133,,,,46.9305,21.7568,22.1451,22.7295,22.4338,1,1,1,0,1,1,0,1,1,1,1,1
11/7/2025 22:47,1.4453,1.1406,0.0338,1.1675,1.2726,1.4453,1.1406,1.1675,1.775,23.8786,2.1097,48.8063,48.8063,48.8063,23.8786,2.1097,,,,46.6966,21.7689,22.1036,22.738,22.4333,1,1,1,0,1,1,0,1,1,1,1,1
11/7/2025 22:52,1.4488,1.1416,0.0338,1.1338,1.2575,1.4488,1.1416,1.1338,1.725,23.8701,2.1151,48.9125,48.9125,48.9125,23.8701,2.1151,,,,46.7974,21.755,22.1451,22.7285,22.4213,1,1,1,0,1,1,0,1,1,1,1,1
11/7/2025 22:57,1.4412,1.1409,0.0338,1.1263,1.24995,1.4412,1.1409,1.1263,1.725,23.873,2.1079,48.8563,48.8563,48.8563,23.873,2.1079,,,,46.7484,21.7651,22.148,22.7321,22.4318,1,1,1,0,1,1,0,1,1,1,1,1
11/7/2025 23:02,1.4459,1.1453,0.035,1.1713,1.2736,1.4459,1.1453,1.1713,1.8,23.8588,2.1097,48.9063,48.9063,48.9063,23.8588,2.1097,,,,46.7966,21.7491,22.0588,22.7135,22.4129,1,1,1,0,1,1,0,1,1,1,1,1
11/7/2025 23:07,1.4441,1.1444,0.0362,1.1425,1.2571,1.4441,1.1444,1.1425,1.775,23.8419,2.1151,48.8,48.8,48.8,23.8419,2.1151,,,,46.6849,21.7268,22.0669,22.6975,22.3978,1,1,1,0,1,1,0,1,1,1,1,1
11/7/2025 23:12,1.4394,1.1428,0.035,1.1525,1.26095,1.4394,1.1428,1.1525,1.8,23.8532,2.1097,48.5938,48.5938,48.5938,23.8532,2.1097,,,,46.4841,21.7435,22.0532,22.7104,22.4138,1,1,1,0,1,1,0,1,1,1,1,1
11/7/2025 23:17,1.4425,1.1413,0.035,1.1413,1.2569,1.4425,1.1413,1.1413,1.675,23.8927,2.1043,48.7125,48.7125,48.7125,23.8927,2.1043,,,,46.6082,21.7884,22.2177,22.7514,22.4502,1,1,1,0,1,1,0,1,1,1,1,1
11/7/2025 23:22,1.435,1.1441,0.035,1.1387,1.25185,1.435,1.1441,1.1387,1.8,23.8673,2.1025,48.5563,48.5563,48.5563,23.8673,2.1025,,,,46.4538,21.7648,22.0673,22.7232,22.4323,1,1,1,0,1,1,0,1,1,1,1,1
11/7/2025 23:27,1.4366,1.1409,0.035,1.1788,1.2727,1.4366,1.1409,1.1788,1.775,23.8701,2.1115,48.9813,48.9813,48.9813,23.8701,2.1115,,,,46.8698,21.7586,22.0951,22.7292,22.4335,1,1,1,0,1,1,0,1,1,1,1,1
11/7/2025 23:32,1.4434,1.1419,0.0338,1.1663,1.27105,1.4434,1.1419,1.1663,1.75,23.8645,2.1079,48.8,48.8,48.8,23.8645,2.1079,,,,46.6921,21.7566,22.1145,22.7226,22.4211,1,1,1,0,1,1,0,1,1,1,1,1
11/7/2025 23:37,1.4478,1.1444,0.035,1.1425,1.26015,1.4478,1.1444,1.1425,1.725,23.8617,2.1115,48.7813,48.7813,48.7813,23.8617,2.1115,,,,46.6698,21.7502,22.1367,22.7173,22.4139,1,1,1,0,1,1,0,1,1,1,1,1
11/7/2025 23:42,1.4419,1.1422,0.0313,1.105,1.24215,1.4419,1.1422,1.105,1.725,23.8956,2.1025,49.0063,49.0063,49.0063,23.8956,2.1025,,,,46.9038,21.7931,22.1706,22.7534,22.4537,1,1,1,0,1,1,0,1,1,1,1,1
11/7/2025 23:47,1.4409,1.1428,0.035,1.165,1.26795,1.4409,1.1428,1.165,1.775,23.8419,2.1133,48.9125,48.9125,48.9125,23.8419,2.1133,,,,46.7992,21.7286,22.0669,22.6991,22.401,1,1,1,0,1,1,0,1,1,1,1,1
11/7/2025 23:52,1.4456,1.1425,0.03,1.16,1.2728,1.4456,1.1425,1.16,1.775,23.8927,2.1043,48.8875,48.8875,48.8875,23.8927,2.1043,,,,46.7832,21.7884,22.1177,22.7502,22.4471,1,1,1,0,1,1,0,1,1,1,1,1
11/7/2025 23:57,1.4425,1.14,0.0313,1.1538,1.26685,1.4425,1.14,1.1538,1.775,23.8673,2.1133,48.9188,48.9188,48.9188,23.8673,2.1133,,,,46.8055,21.754,22.0923,22.7273,22.4248,1,1,1,0,1,1,0,1,1,1,1,1
11/8/2025 0:02,1.435,1.1416,0.035,1.1575,1.26125,1.435,1.1416,1.1575,1.775,23.8758,2.1061,48.9188,48.9188,48.9188,23.8758,2.1061,,,,46.8127,21.7697,22.1008,22.7342,22.4408,1,1,1,0,1,1,0,1,1,1,1,1
11/8/2025 0:07,1.4509,1.1428,0.035,1.1738,1.27735,1.4509,1.1428,1.1738,1.775,23.856,2.1025,48.9625,48.9625,48.9625,23.856,2.1025,,,,46.86,21.7535,22.081,22.7132,22.4051,1,1,1,0,1,1,0,1,1,1,1,1
11/8/2025 0:12,1.4397,1.1416,0.0338,1.1213,1.2467,1.4397,1.1416,1.1213,1.8,23.9069,2.1079,48.9,48.9,48.9,23.9069,2.1079,,,,46.7921,21.799,22.1069,22.7653,22.4672,1,1,1,0,1,1,0,1,1,1,1,1
11/8/2025 0:17,1.4459,1.1441,0.0338,1.14,1.25915,1.4459,1.1441,1.14,1.75,23.8673,2.1079,48.8688,48.8688,48.8688,23.8673,2.1079,,,,46.7609,21.7594,22.1173,22.7232,22.4214,1,1,1,0,1,1,0,1,1,1,1,1
11/8/2025 0:22,1.45,1.1419,0.0338,1.1587,1.27055,1.45,1.1419,1.1587,1.675,23.8475,2.1115,48.825,48.825,48.825,23.8475,2.1115,,,,46.7135,21.736,22.1725,22.7056,22.3975,1,1,1,0,1,1,0,1,1,1,1,1
11/8/2025 0:27,1.4478,1.1431,0.035,1.1113,1.24455,1.4478,1.1431,1.1113,1.75,23.8899,2.1043,48.5688,48.5688,48.5688,23.8899,2.1043,,,,46.4645,21.7856,22.1399,22.7468,22.4421,1,1,1,0,1,1,0,1,1,1,1,1
11/8/2025 0:32,1.4509,1.1419,0.035,1.1663,1.2736,1.4509,1.1419,1.1663,1.675,23.8673,2.1097,49.025,49.025,49.025,23.8673,2.1097,,,,46.9153,21.7576,22.1923,22.7254,22.4164,1,1,1,0,1,1,0,1,1,1,1,1
11/8/2025 0:37,1.4416,1.1444,0.0338,1.1287,1.25135,1.4416,1.1444,1.1287,1.8,23.8645,2.1115,48.6313,48.6313,48.6313,23.8645,2.1115,,,,46.5198,21.753,22.0645,22.7201,22.4229,1,1,1,0,1,1,0,1,1,1,1,1
11/8/2025 0:42,1.4422,1.1422,0.0338,1.1575,1.26605,1.4422,1.1422,1.1575,1.8,23.8701,2.1115,48.95,48.95,48.95,23.8701,2.1115,,,,46.8385,21.7586,22.0701,22.7279,22.4279,1,1,1,0,1,1,0,1,1,1,1,1
11/8/2025 0:47,1.4494,1.1422,0.0338,1.1275,1.25465,1.4494,1.1422,1.1275,1.8,23.8956,2.1043,49.0375,49.0375,49.0375,23.8956,2.1043,,,,46.9332,21.7913,22.0956,22.7534,22.4462,1,1,1,0,1,1,0,1,1,1,1,1
11/8/2025 0:52,1.4425,1.1409,0.035,1.125,1.24875,1.4425,1.1409,1.125,1.775,23.8503,2.1097,48.8563,48.8563,48.8563,23.8503,2.1097,,,,46.7466,21.7406,22.0753,22.7094,22.4078,1,1,1,0,1,1,0,1,1,1,1,1
11/8/2025 0:57,1.4503,1.1416,0.0362,1.1775,1.2777,1.4503,1.1416,1.1775,1.725,23.8984,2.1043,48.7813,48.7813,48.7813,23.8984,2.1043,,,,46.677,21.7941,22.1734,22.7568,22.4481,1,1,1,0,1,1,0,1,1,1,1,1
11/8/2025 1:02,1.4466,1.1416,0.0313,1.1613,1.27265,1.4466,1.1416,1.1613,1.75,23.8673,2.1097,49.05,49.05,49.05,23.8673,2.1097,,,,46.9403,21.7576,22.1173,22.7257,22.4207,1,1,1,0,1,1,0,1,1,1,1,1
11/8/2025 1:07,0.0547,1.1403,0.0275,0.0675,0.0336,0.0547,1.1403,0.0675,1.775,-0.0028,-0.0018,0.1375,0.1375,0.1375,-0.0028,-0.0018,,,,0.1393,-0.001,-1.7778,-1.1431,-0.0575,1,1,1,0,1,1,0,1,1,1,1,1
11/8/2025 1:12,0.0094,1.1416,0,0,0.0047,0.0094,1.1416,0,1.775,0,-0.0054,0.1938,0.1938,0.1938,0,-0.0054,,,,0.1992,0.0054,-1.775,-1.1416,-0.0094,1,1,1,0,1,1,0,1,1,1,1,1
11/10/2025 9:18,1.3956,1.0541,0.0425,1.1188,1.2147,1.3956,1.0541,1.1188,1.675,23.3839,1.9345,48.0938,48.0938,48.0938,23.3839,1.9345,,,,46.1593,21.4494,21.7089,22.3298,21.9883,1,1,1,0,1,1,0,1,1,1,1,1
11/10/2025 9:23,1.4322,1.1113,0.0425,1.1575,1.25235,1.4322,1.1113,1.1575,1.65,23.9069,2.0104,48.8188,48.8188,48.8188,23.9069,2.0104,,,,46.8084,21.8965,22.2569,22.7956,22.4747,1,1,1,0,1,1,0,1,1,1,1,1
11/10/2025 9:28,1.4363,1.1134,0.04,1.135,1.24565,1.4363,1.1134,1.135,1.675,23.9097,2.0266,48.7938,48.7938,48.7938,23.9097,2.0266,,,,46.7672,21.8831,22.2347,22.7963,22.4734,1,1,1,0,1,1,0,1,1,1,1,1
11/10/2025 9:33,1.4331,1.1159,0.0413,1.1375,1.244,1.4331,1.1159,1.1375,1.65,23.8447,2.0429,48.8188,48.8188,48.8188,23.8447,2.0429,,,,46.7759,21.8018,22.1947,22.7288,22.4116,1,1,1,0,1,1,0,1,1,1,1,1
11/10/2025 9:38,1.4334,1.1181,0.0413,1.1513,1.25105,1.4334,1.1181,1.1513,1.65,23.8701,2.0429,48.6813,48.6813,48.6813,23.8701,2.0429,,,,46.6384,21.8272,22.2201,22.752,22.4367,1,1,1,0,1,1,0,1,1,1,1,1
11/10/2025 9:43,1.4309,1.1175,0.04,1.1425,1.2467,1.4309,1.1175,1.1425,1.65,23.873,2.0501,48.9,48.9,48.9,23.873,2.0501,,,,46.8499,21.8229,22.223,22.7555,22.4421,1,1,1,0,1,1,0,1,1,1,1,1
11/10/2025 9:48,1.4388,1.1184,0.04,1.1463,1.25255,1.4388,1.1184,1.1463,1.675,23.8362,2.0519,48.925,48.925,48.925,23.8362,2.0519,,,,46.8731,21.7843,22.1612,22.7178,22.3974,1,1,1,0,1,1,0,1,1,1,1,1
11/10/2025 9:53,1.4378,1.1159,0.04,1.1413,1.24955,1.4378,1.1159,1.1413,1.675,23.8532,2.0501,48.9563,48.9563,48.9563,23.8532,2.0501,,,,46.9062,21.8031,22.1782,22.7373,22.4154,1,1,1,0,1,1,0,1,1,1,1,1
11/10/2025 9:58,1.4319,1.1147,0.0425,1.1463,1.2466,1.4319,1.1147,1.1463,1.725,23.8871,2.0501,48.825,48.825,48.825,23.8871,2.0501,,,,46.7749,21.837,22.1621,22.7724,22.4552,1,1,1,0,1,1,0,1,1,1,1,1
11/10/2025 10:03,1.4359,1.1172,0.0438,1.1225,1.2354,1.4359,1.1172,1.1225,1.75,23.8871,2.0519,49.0375,49.0375,49.0375,23.8871,2.0519,,,,46.9856,21.8352,22.1371,22.7699,22.4512,1,1,1,0,1,1,0,1,1,1,1,1
11/10/2025 10:08,1.4297,1.1166,0.0425,1.1725,1.2586,1.4297,1.1166,1.1725,1.65,23.8786,2.0537,48.8125,48.8125,48.8125,23.8786,2.0537,,,,46.7588,21.8249,22.2286,22.762,22.4489,1,1,1,0,1,1,0,1,1,1,1,1
11/10/2025 10:13,1.4263,1.0753,0.0425,1.12,1.23065,1.4263,1.0753,1.12,1.675,23.9323,2.0519,48.5875,48.5875,48.5875,23.9323,2.0519,,,,46.5356,21.8804,22.2573,22.857,22.506,1,1,1,0,1,1,0,1,1,1,1,1
11/10/2025 10:18,1.4338,1.1025,0.04,1.1525,1.25315,1.4338,1.1025,1.1525,1.675,23.873,2.0663,48.75,48.75,48.75,23.873,2.0663,,,,46.6837,21.8067,22.198,22.7705,22.4392,1,1,1,0,1,1,0,1,1,1,1,1
11/10/2025 10:23,1.4266,1.1119,0.0438,1.1325,1.23575,1.4266,1.1119,1.1325,1.75,23.8701,2.0682,48.8875,48.8875,48.8875,23.8701,2.0682,,,,46.8193,21.8019,22.1201,22.7582,22.4435,1,1,1,0,1,1,0,1,1,1,1,1
11/10/2025 10:28,1.4356,1.115,0.0413,1.1775,1.26525,1.4356,1.115,1.1775,1.8,23.8645,2.0663,48.7875,48.7875,48.7875,23.8645,2.0663,,,,46.7212,21.7982,22.0645,22.7495,22.4289,1,1,1,0,1,1,0,1,1,1,1,1
11/10/2025 10:33,1.4338,1.1163,0.04,1.1575,1.25565,1.4338,1.1163,1.1575,1.775,23.8532,2.0627,49.0375,49.0375,49.0375,23.8532,2.0627,,,,46.9748,21.7905,22.0782,22.7369,22.4194,1,1,1,0,1,1,0,1,1,1,1,1
11/10/2025 10:38,1.4266,1.1175,0.0462,1.1225,1.22835,1.4266,1.1175,1.1225,1.75,23.8532,2.0519,48.9188,48.9188,48.9188,23.8532,2.0519,,,,46.8669,21.8013,22.1032,22.7357,22.4266,1,1,1,0,1,1,0,1,1,1,1,1
11/10/2025 10:43,1.4234,1.1144,0.0413,1.1487,1.24475,1.4234,1.1144,1.1487,1.8,23.8532,2.0519,48.7063,48.7063,48.7063,23.8532,2.0519,,,,46.6544,21.8013,22.0532,22.7388,22.4298,1,1,1,0,1,1,0,1,1,1,1,1
11/10/2025 10:48,1.425,1.1166,0.0413,1.1263,1.23435,1.425,1.1166,1.1263,1.75,23.8306,2.0483,48.675,48.675,48.675,23.8306,2.0483,,,,46.6267,21.7823,22.0806,22.714,22.4056,1,1,1,0,1,1,0,1,1,1,1,1
11/10/2025 10:53,1.4334,1.1163,0.0438,1.1538,1.2498,1.4334,1.1163,1.1538,1.75,23.8447,2.0519,48.8125,48.8125,48.8125,23.8447,2.0519,,,,46.7606,21.7928,22.0947,22.7284,22.4113,1,1,1,0,1,1,0,1,1,1,1,1
11/10/2025 10:58,1.4269,1.1175,0.0413,1.135,1.23965,1.4269,1.1175,1.135,1.75,23.8334,2.0483,48.9313,48.9313,48.9313,23.8334,2.0483,,,,46.883,21.7851,22.0834,22.7159,22.4065,1,1,1,0,1,1,0,1,1,1,1,1
11/10/2025 11:03,1.4234,1.1144,0.0362,1.105,1.228,1.4234,1.1144,1.105,1.8,23.8136,2.0555,48.725,48.725,48.725,23.8136,2.0555,,,,46.6695,21.7581,22.0136,22.6992,22.3902,1,1,1,0,1,1,0,1,1,1,1,1
11/10/2025 11:08,1.4228,1.1153,0.04,1.1287,1.23575,1.4228,1.1153,1.1287,1.75,23.8447,2.0501,48.8938,48.8938,48.8938,23.8447,2.0501,,,,46.8437,21.7946,22.0947,22.7294,22.4219,1,1,1,0,1,1,0,1,1,1,1,1
11/10/2025 11:13,1.4253,1.1181,0.035,1.1375,1.2464,1.4253,1.1181,1.1375,1.775,23.856,2.0501,48.825,48.825,48.825,23.856,2.0501,,,,46.7749,21.8059,22.081,22.7379,22.4307,1,1,1,0,1,1,0,1,1,1,1,1
11/10/2025 11:18,1.4269,1.1153,0.0413,1.1738,1.25905,1.4269,1.1153,1.1738,1.8,23.8192,2.0537,48.6313,48.6313,48.6313,23.8192,2.0537,,,,46.5776,21.7655,22.0192,22.7039,22.3923,1,1,1,0,1,1,0,1,1,1,1,1
11/10/2025 11:23,1.4319,1.1181,0.0425,1.1275,1.2372,1.4319,1.1181,1.1275,1.75,23.8108,2.0483,48.9063,48.9063,48.9063,23.8108,2.0483,,,,46.858,21.7625,22.0608,22.6927,22.3789,1,1,1,0,1,1,0,1,1,1,1,1
11/10/2025 11:28,1.4244,1.1194,0.0413,1.165,1.2534,1.4244,1.1194,1.165,1.75,23.8221,2.0537,48.875,48.875,48.875,23.8221,2.0537,,,,46.8213,21.7684,22.0721,22.7027,22.3977,1,1,1,0,1,1,0,1,1,1,1,1
11/10/2025 11:33,1.4244,1.1153,0.0375,1.1475,1.24845,1.4244,1.1153,1.1475,1.8,23.8362,2.0555,48.7313,48.7313,48.7313,23.8362,2.0555,,,,46.6758,21.7807,22.0362,22.7209,22.4118,1,1,1,0,1,1,0,1,1,1,1,1
11/10/2025 11:38,1.4272,1.1172,0.0413,1.1387,1.24165,1.4272,1.1172,1.1387,1.75,23.8419,2.0573,48.8188,48.8188,48.8188,23.8419,2.0573,,,,46.7615,21.7846,22.0919,22.7247,22.4147,1,1,1,0,1,1,0,1,1,1,1,1
11/10/2025 11:43,1.43,1.1206,0.0413,1.1538,1.2506,1.43,1.1206,1.1538,1.775,23.8532,2.0573,48.6688,48.6688,48.6688,23.8532,2.0573,,,,46.6115,21.7959,22.0782,22.7326,22.4232,1,1,1,0,1,1,0,1,1,1,1,1
11/10/2025 11:48,1.4222,1.1172,0.0375,1.1513,1.24925,1.4222,1.1172,1.1513,1.775,23.8617,2.0609,48.9125,48.9125,48.9125,23.8617,2.0609,,,,46.8516,21.8008,22.0867,22.7445,22.4395,1,1,1,0,1,1,0,1,1,1,1,1
11/10/2025 11:53,1.4222,1.1166,0.0425,1.1375,1.23735,1.4222,1.1166,1.1375,1.775,23.873,2.0519,48.9188,48.9188,48.9188,23.873,2.0519,,,,46.8669,21.8211,22.098,22.7564,22.4508,1,1,1,0,1,1,0,1,1,1,1,1
11/10/2025 11:58,1.42,1.1178,0.0413,1.1638,1.2506,1.42,1.1178,1.1638,1.8,23.8701,2.0501,48.8063,48.8063,48.8063,23.8701,2.0501,,,,46.7562,21.82,22.0701,22.7523,22.4501,1,1,1,0,1,1,0,1,1,1,1,1
11/10/2025 12:03,1.4288,1.1172,0.0375,1.1338,1.2438,1.4288,1.1172,1.1338,1.75,23.8617,2.0483,48.7375,48.7375,48.7375,23.8617,2.0483,,,,46.6892,21.8134,22.1117,22.7445,22.4329,1,1,1,0,1,1,0,1,1,1,1,1
11/10/2025 12:08,1.4244,1.1156,0.0413,1.1163,1.22905,1.4244,1.1156,1.1163,1.775,23.8475,2.0537,48.8438,48.8438,48.8438,23.8475,2.0537,,,,46.7901,21.7938,22.0725,22.7319,22.4231,1,1,1,0,1,1,0,1,1,1,1,1
11/10/2025 12:13,1.4256,1.1178,0.0462,1.155,1.2441,1.4256,1.1178,1.155,1.75,23.8503,2.0573,48.9563,48.9563,48.9563,23.8503,2.0573,,,,46.899,21.793,22.1003,22.7325,22.4247,1,1,1,0,1,1,0,1,1,1,1,1
11/10/2025 12:18,1.4238,1.1169,0.0425,1.12,1.2294,1.4238,1.1169,1.12,1.775,23.8673,2.0537,48.5813,48.5813,48.5813,23.8673,2.0537,,,,46.5276,21.8136,22.0923,22.7504,22.4435,1,1,1,0,1,1,0,1,1,1,1,1
11/10/2025 12:23,1.4153,1.1156,0.0425,1.165,1.24765,1.4153,1.1156,1.165,1.8,23.8532,2.0519,48.6,48.6,48.6,23.8532,2.0519,,,,46.5481,21.8013,22.0532,22.7376,22.4379,1,1,1,0,1,1,0,1,1,1,1,1
11/10/2025 12:28,1.4194,1.1156,0.04,1.155,1.2472,1.4194,1.1156,1.155,1.775,23.856,2.0573,48.725,48.725,48.725,23.856,2.0573,,,,46.6677,21.7987,22.081,22.7404,22.4366,1,1,1,0,1,1,0,1,1,1,1,1
11/10/2025 12:33,1.4291,1.1225,0.04,1.145,1.24705,1.4291,1.1225,1.145,1.8,23.8617,2.0573,48.5875,48.5875,48.5875,23.8617,2.0573,,,,46.5302,21.8044,22.0617,22.7392,22.4326,1,1,1,0,1,1,0,1,1,1,1,1
11/10/2025 12:38,1.4238,1.1169,0.0425,1.1575,1.24815,1.4238,1.1169,1.1575,1.775,23.8306,2.0645,48.5938,48.5938,48.5938,23.8306,2.0645,,,,46.5293,21.7661,22.0556,22.7137,22.4068,1,1,1,0,1,1,0,1,1,1,1,1
11/10/2025 12:43,1.4194,1.1172,0.0425,1.1538,1.2441,1.4194,1.1172,1.1538,1.775,23.873,2.0555,48.7188,48.7188,48.7188,23.873,2.0555,,,,46.6633,21.8175,22.098,22.7558,22.4536,1,1,1,0,1,1,0,1,1,1,1,1
11/10/2025 12:48,1.4281,1.1175,0.0425,1.14,1.24155,1.4281,1.1175,1.14,1.775,23.8645,2.0591,48.7063,48.7063,48.7063,23.8645,2.0591,,,,46.6472,21.8054,22.0895,22.747,22.4364,1,1,1,0,1,1,0,1,1,1,1,1
11/10/2025 12:53,1.4266,1.1213,0.0438,1.125,1.232,1.4266,1.1213,1.125,1.85,23.8617,2.0573,48.6563,48.6563,48.6563,23.8617,2.0573,,,,46.599,21.8044,22.0117,22.7404,22.4351,1,1,1,0,1,1,0,1,1,1,1,1
11/10/2025 12:58,1.4163,1.1181,0.0438,1.145,1.23685,1.4163,1.1181,1.145,1.85,23.839,2.0555,48.525,48.525,48.525,23.839,2.0555,,,,46.4695,21.7835,21.989,22.7209,22.4227,1,1,1,0,1,1,0,1,1,1,1,1
11/10/2025 13:03,1.4188,1.1206,0.04,1.145,1.2419,1.4188,1.1206,1.145,1.775,23.8277,2.0555,48.5188,48.5188,48.5188,23.8277,2.0555,,,,46.4633,21.7722,22.0527,22.7071,22.4089,1,1,1,0,1,1,0,1,1,1,1,1
11/10/2025 13:08,1.4194,1.1184,0.04,1.1425,1.24095,1.4194,1.1184,1.1425,1.85,23.8588,2.0627,48.6375,48.6375,48.6375,23.8588,2.0627,,,,46.5748,21.7961,22.0088,22.7404,22.4394,1,1,1,0,1,1,0,1,1,1,1,1
11/10/2025 13:13,1.4269,1.1213,0.0425,1.1138,1.22785,1.4269,1.1213,1.1138,1.775,23.8617,2.0663,48.8375,48.8375,48.8375,23.8617,2.0663,,,,46.7712,21.7954,22.0867,22.7404,22.4348,1,1,1,0,1,1,0,1,1,1,1,1
11/10/2025 13:18,1.4272,1.1203,0.0413,1.1775,1.26105,1.4272,1.1203,1.1775,1.775,23.839,2.0682,48.6063,48.6063,48.6063,23.839,2.0682,,,,46.5381,21.7708,22.064,22.7187,22.4118,1,1,1,0,1,1,0,1,1,1,1,1
11/10/2025 13:23,1.4334,1.1206,0.04,1.1863,1.26985,1.4334,1.1206,1.1863,1.775,23.8447,2.0645,48.7688,48.7688,48.7688,23.8447,2.0645,,,,46.7043,21.7802,22.0697,22.7241,22.4113,1,1,1,0,1,1,0,1,1,1,1,1
11/10/2025 13:28,1.4191,1.1213,0.0413,1.1575,1.247,1.4191,1.1213,1.1575,1.8,23.8475,2.07,48.65,48.65,48.65,23.8475,2.07,,,,46.58,21.7775,22.0475,22.7262,22.4284,1,1,1,0,1,1,0,1,1,1,1,1
11/10/2025 13:33,1.425,1.1181,0.0438,1.1338,1.2356,1.425,1.1181,1.1338,1.8,23.8673,2.0663,48.45,48.45,48.45,23.8673,2.0663,,,,46.3837,21.801,22.0673,22.7492,22.4423,1,1,1,0,1,1,0,1,1,1,1,1
11/10/2025 13:38,1.4163,1.1184,0.04,1.185,1.26065,1.4163,1.1184,1.185,1.8,23.8475,2.0645,48.6625,48.6625,48.6625,23.8475,2.0645,,,,46.598,21.783,22.0475,22.7291,22.4312,1,1,1,0,1,1,0,1,1,1,1,1
11/10/2025 13:43,1.4203,1.1181,0.0413,1.1275,1.2326,1.4203,1.1181,1.1275,1.8,23.8503,2.0682,48.6938,48.6938,48.6938,23.8503,2.0682,,,,46.6256,21.7821,22.0503,22.7322,22.43,1,1,1,0,1,1,0,1,1,1,1,1
11/10/2025 13:48,1.4238,1.1166,0.0375,1.1475,1.24815,1.4238,1.1166,1.1475,1.775,23.8362,2.0682,48.5813,48.5813,48.5813,23.8362,2.0682,,,,46.5131,21.768,22.0612,22.7196,22.4124,1,1,1,0,1,1,0,1,1,1,1,1
11/10/2025 13:53,1.4238,1.12,0.04,1.1487,1.24625,1.4238,1.12,1.1487,1.8,23.8277,2.0718,48.65,48.65,48.65,23.8277,2.0718,,,,46.5782,21.7559,22.0277,22.7077,22.4039,1,1,1,0,1,1,0,1,1,1,1,1
11/10/2025 13:58,1.4247,1.1213,0.0425,1.1188,1.22925,1.4247,1.1213,1.1188,1.775,23.8306,2.0645,48.7875,48.7875,48.7875,23.8306,2.0645,,,,46.723,21.7661,22.0556,22.7093,22.4059,1,1,1,0,1,1,0,1,1,1,1,1
11/10/2025 14:03,1.4291,1.1191,0.0375,1.1163,1.2352,1.4291,1.1191,1.1163,1.775,23.856,2.0627,48.7875,48.7875,48.7875,23.856,2.0627,,,,46.7248,21.7933,22.081,22.7369,22.4269,1,1,1,0,1,1,0,1,1,1,1,1
11/10/2025 14:08,1.4275,1.1191,0.04,1.1313,1.2394,1.4275,1.1191,1.1313,1.775,23.8758,2.07,48.8125,48.8125,48.8125,23.8758,2.07,,,,46.7425,21.8058,22.1008,22.7567,22.4483,1,1,1,0,1,1,0,1,1,1,1,1
11/10/2025 14:13,1.4153,1.1188,0.0413,1.1313,1.232,1.4153,1.1188,1.1313,1.8,23.8701,2.0772,48.4625,48.4625,48.4625,23.8701,2.0772,,,,46.3853,21.7929,22.0701,22.7513,22.4548,1,1,1,0,1,1,0,1,1,1,1,1
11/10/2025 14:18,1.4275,1.12,0.0375,1.135,1.24375,1.4275,1.12,1.135,1.775,23.8617,2.0736,48.7063,48.7063,48.7063,23.8617,2.0736,,,,46.6327,21.7881,22.0867,22.7417,22.4342,1,1,1,0,1,1,0,1,1,1,1,1
11/10/2025 14:23,1.4219,1.12,0.0425,1.135,1.23595,1.4219,1.12,1.135,1.725,23.856,2.0754,48.6188,48.6188,48.6188,23.856,2.0754,,,,46.5434,21.7806,22.131,22.736,22.4341,1,1,1,0,1,1,0,1,1,1,1,1
11/10/2025 14:28,1.415,1.1188,0.0425,1.1838,1.2569,1.415,1.1188,1.1838,1.75,23.8588,2.0718,48.6438,48.6438,48.6438,23.8588,2.0718,,,,46.572,21.787,22.1088,22.74,22.4438,1,1,1,0,1,1,0,1,1,1,1,1
11/10/2025 14:33,1.4256,1.1188,0.04,1.1375,1.24155,1.4256,1.1188,1.1375,1.725,23.8532,2.0772,48.7,48.7,48.7,23.8532,2.0772,,,,46.6228,21.776,22.1282,22.7344,22.4276,1,1,1,0,1,1,0,1,1,1,1,1
11/10/2025 14:38,1.4203,1.1184,0.04,1.1325,1.2364,1.4203,1.1184,1.1325,1.75,23.8927,2.0772,48.4938,48.4938,48.4938,23.8927,2.0772,,,,46.4166,21.8155,22.1427,22.7743,22.4724,1,1,1,0,1,1,0,1,1,1,1,1
11/10/2025 14:43,1.4194,1.1191,0.0413,1.18,1.2584,1.4194,1.1191,1.18,1.775,23.8871,2.0754,48.6688,48.6688,48.6688,23.8871,2.0754,,,,46.5934,21.8117,22.1121,22.768,22.4677,1,1,1,0,1,1,0,1,1,1,1,1
11/10/2025 14:48,1.4234,1.1191,0.0362,1.1413,1.24615,1.4234,1.1191,1.1413,1.8,23.8843,2.079,48.8438,48.8438,48.8438,23.8843,2.079,,,,46.7648,21.8053,22.0843,22.7652,22.4609,1,1,1,0,1,1,0,1,1,1,1,1
11/10/2025 14:53,1.42,1.1206,0.0438,1.1475,1.23995,1.42,1.1206,1.1475,1.75,23.8532,2.0754,48.5688,48.5688,48.5688,23.8532,2.0754,,,,46.4934,21.7778,22.1032,22.7326,22.4332,1,1,1,0,1,1,0,1,1,1,1,1
11/10/2025 14:58,1.4175,1.1213,0.04,1.1275,1.2325,1.4175,1.1213,1.1275,1.725,23.8758,2.079,48.5,48.5,48.5,23.8758,2.079,,,,46.421,21.7968,22.1508,22.7545,22.4583,1,1,1,0,1,1,0,1,1,1,1,1
11/10/2025 15:03,1.4213,1.1188,0.0438,1.1925,1.2631,1.4213,1.1188,1.1925,1.725,23.8617,2.0736,48.5,48.5,48.5,23.8617,2.0736,,,,46.4264,21.7881,22.1367,22.7429,22.4404,1,1,1,0,1,1,0,1,1,1,1,1
11/10/2025 15:08,1.4263,1.1219,0.0413,1.1538,1.24875,1.4263,1.1219,1.1538,1.675,23.8503,2.07,48.4438,48.4438,48.4438,23.8503,2.07,,,,46.3738,21.7803,22.1753,22.7284,22.424,1,1,1,0,1,1,0,1,1,1,1,1
11/10/2025 15:13,1.4294,1.1175,0.04,1.1475,1.24845,1.4294,1.1175,1.1475,1.75,23.856,2.0718,48.7313,48.7313,48.7313,23.856,2.0718,,,,46.6595,21.7842,22.106,22.7385,22.4266,1,1,1,0,1,1,0,1,1,1,1,1
11/10/2025 15:18,1.4225,1.12,0.04,1.1638,1.25315,1.4225,1.12,1.1638,1.775,23.8814,2.0826,48.6,48.6,48.6,23.8814,2.0826,,,,46.5174,21.7988,22.1064,22.7614,22.4589,1,1,1,0,1,1,0,1,1,1,1,1
11/10/2025 15:23,1.4219,1.1219,0.0413,1.1338,1.23655,1.4219,1.1219,1.1338,1.725,23.8588,2.0718,48.4563,48.4563,48.4563,23.8588,2.0718,,,,46.3845,21.787,22.1338,22.7369,22.4369,1,1,1,0,1,1,0,1,1,1,1,1
11/10/2025 15:28,1.4225,1.1197,0.0425,1.125,1.23125,1.4225,1.1197,1.125,1.725,23.8673,2.0754,48.6938,48.6938,48.6938,23.8673,2.0754,,,,46.6184,21.7919,22.1423,22.7476,22.4448,1,1,1,0,1,1,0,1,1,1,1,1
11/10/2025 15:33,1.4219,1.1197,0.0375,1.1463,1.2466,1.4219,1.1197,1.1463,1.75,23.8814,2.079,48.4938,48.4938,48.4938,23.8814,2.079,,,,46.4148,21.8024,22.1314,22.7617,22.4595,1,1,1,0,1,1,0,1,1,1,1,1
11/10/2025 15:38,1.4194,1.1188,0.0413,1.1638,1.2503,1.4194,1.1188,1.1638,1.75,23.8843,2.0754,48.5188,48.5188,48.5188,23.8843,2.0754,,,,46.4434,21.8089,22.1343,22.7655,22.4649,1,1,1,0,1,1,0,1,1,1,1,1
11/10/2025 15:43,1.4159,1.12,0.0375,1.1325,1.2367,1.4159,1.12,1.1325,1.75,23.8334,2.0754,48.6875,48.6875,48.6875,23.8334,2.0754,,,,46.6121,21.758,22.0834,22.7134,22.4175,1,1,1,0,1,1,0,1,1,1,1,1
11/10/2025 15:48,1.4206,1.1209,0.035,1.1813,1.26595,1.4206,1.1209,1.1813,1.725,23.8475,2.0808,48.5813,48.5813,48.5813,23.8475,2.0808,,,,46.5005,21.7667,22.1225,22.7266,22.4269,1,1,1,0,1,1,0,1,1,1,1,1
11/10/2025 15:53,1.4175,1.1184,0.04,1.14,1.23875,1.4175,1.1184,1.14,1.725,23.8701,2.0754,48.6188,48.6188,48.6188,23.8701,2.0754,,,,46.5434,21.7947,22.1451,22.7517,22.4526,1,1,1,0,1,1,0,1,1,1,1,1
11/10/2025 15:58,1.4194,1.1163,0.0425,1.1338,1.2341,1.4194,1.1163,1.1338,1.725,23.8588,2.0736,48.5188,48.5188,48.5188,23.8588,2.0736,,,,46.4452,21.7852,22.1338,22.7425,22.4394,1,1,1,0,1,1,0,1,1,1,1,1
11/10/2025 16:03,1.4172,1.1194,0.04,1.1613,1.24925,1.4172,1.1194,1.1613,1.725,23.8588,2.0736,48.7563,48.7563,48.7563,23.8588,2.0736,,,,46.6827,21.7852,22.1338,22.7394,22.4416,1,1,1,0,1,1,0,1,1,1,1,1
11/10/2025 16:08,1.4194,1.1206,0.0425,1.1287,1.23155,1.4194,1.1206,1.1287,1.775,23.8701,2.079,48.4563,48.4563,48.4563,23.8701,2.079,,,,46.3773,21.7911,22.0951,22.7495,22.4507,1,1,1,0,1,1,0,1,1,1,1,1
11/10/2025 16:13,1.4188,1.1172,0.0413,1.1,1.2181,1.4188,1.1172,1.1,1.725,23.8645,2.0808,48.5688,48.5688,48.5688,23.8645,2.0808,,,,46.488,21.7837,22.1395,22.7473,22.4457,1,1,1,0,1,1,0,1,1,1,1,1
11/10/2025 16:18,1.4172,1.1172,0.0338,1.1912,1.2704,1.4172,1.1172,1.1912,1.75,23.8617,2.0736,48.825,48.825,48.825,23.8617,2.0736,,,,46.7514,21.7881,22.1117,22.7445,22.4445,1,1,1,0,1,1,0,1,1,1,1,1
11/10/2025 16:23,1.4191,1.1188,0.0375,1.18,1.26205,1.4191,1.1188,1.18,1.725,23.8673,2.0754,48.55,48.55,48.55,23.8673,2.0754,,,,46.4746,21.7919,22.1423,22.7485,22.4482,1,1,1,0,1,1,0,1,1,1,1,1
11/10/2025 16:28,1.4178,1.1188,0.035,1.1313,1.23955,1.4178,1.1188,1.1313,1.725,23.839,2.079,48.4813,48.4813,48.4813,23.839,2.079,,,,46.4023,21.76,22.114,22.7202,22.4212,1,1,1,0,1,1,0,1,1,1,1,1
11/10/2025 16:33,1.4128,1.1181,0.0413,1.1463,1.23825,1.4128,1.1181,1.1463,1.725,23.8588,2.0754,48.3938,48.3938,48.3938,23.8588,2.0754,,,,46.3184,21.7834,22.1338,22.7407,22.446,1,1,1,0,1,1,0,1,1,1,1,1
11/10/2025 16:38,1.4166,1.1197,0.04,1.1587,1.24765,1.4166,1.1197,1.1587,1.775,23.8532,2.0808,48.8438,48.8438,48.8438,23.8532,2.0808,,,,46.763,21.7724,22.0782,22.7335,22.4366,1,1,1,0,1,1,0,1,1,1,1,1
11/10/2025 16:43,1.4197,1.1194,0.0425,1.1538,1.24425,1.4197,1.1194,1.1538,1.75,23.8503,2.0718,48.7375,48.7375,48.7375,23.8503,2.0718,,,,46.6657,21.7785,22.1003,22.7309,22.4306,1,1,1,0,1,1,0,1,1,1,1,1
11/10/2025 16:48,1.4309,1.1188,0.0338,1.1313,1.2473,1.4309,1.1188,1.1313,1.75,23.8503,2.0754,48.6813,48.6813,48.6813,23.8503,2.0754,,,,46.6059,21.7749,22.1003,22.7315,22.4194,1,1,1,0,1,1,0,1,1,1,1,1
11/10/2025 16:53,1.4347,1.1159,0.0362,1.175,1.26865,1.4347,1.1159,1.175,1.85,23.8645,2.0736,48.8438,48.8438,48.8438,23.8645,2.0736,,,,46.7702,21.7909,22.0145,22.7486,22.4298,1,1,1,0,1,1,0,1,1,1,1,1
11/10/2025 16:58,1.4322,1.1141,0.0375,1.17,1.2636,1.4322,1.1141,1.17,1.8,23.8899,2.0754,48.8063,48.8063,48.8063,23.8899,2.0754,,,,46.7309,21.8145,22.0899,22.7758,22.4577,1,1,1,0,1,1,0,1,1,1,1,1
11/10/2025 17:03,1.4278,1.115,0.04,1.175,1.2614,1.4278,1.115,1.175,1.775,23.8786,2.0736,48.7438,48.7438,48.7438,23.8786,2.0736,,,,46.6702,21.805,22.1036,22.7636,22.4508,1,1,1,0,1,1,0,1,1,1,1,1
11/10/2025 17:08,1.4297,1.1175,0.0362,1.1487,1.253,1.4297,1.1175,1.1487,1.775,23.8843,2.0754,48.8375,48.8375,48.8375,23.8843,2.0754,,,,46.7621,21.8089,22.1093,22.7668,22.4546,1,1,1,0,1,1,0,1,1,1,1,1
11/10/2025 17:13,1.4259,1.1181,0.0375,1.1538,1.25235,1.4259,1.1181,1.1538,1.8,23.8419,2.0772,48.6875,48.6875,48.6875,23.8419,2.0772,,,,46.6103,21.7647,22.0419,22.7238,22.416,1,1,1,0,1,1,0,1,1,1,1,1
11/10/2025 17:18,1.4241,1.1166,0.04,1.1463,1.2452,1.4241,1.1166,1.1463,1.775,23.8617,2.0862,48.7375,48.7375,48.7375,23.8617,2.0862,,,,46.6513,21.7755,22.0867,22.7451,22.4376,1,1,1,0,1,1,0,1,1,1,1,1
11/10/2025 17:23,1.43,1.1175,0.0413,1.0962,1.2218,1.43,1.1175,1.0962,1.875,23.8079,2.0754,48.825,48.825,48.825,23.8079,2.0754,,,,46.7496,21.7325,21.9329,22.6904,22.3779,1,1,1,0,1,1,0,1,1,1,1,1
11/10/2025 17:28,1.4234,1.1159,0.0375,1.1413,1.24485,1.4234,1.1159,1.1413,1.85,23.8362,2.079,48.45,48.45,48.45,23.8362,2.079,,,,46.371,21.7572,21.9862,22.7203,22.4128,1,1,1,0,1,1,0,1,1,1,1,1
11/10/2025 17:33,1.4338,1.1163,0.0375,1.1538,1.2563,1.4338,1.1163,1.1538,1.775,23.8645,2.079,48.9,48.9,48.9,23.8645,2.079,,,,46.821,21.7855,22.0895,22.7482,22.4307,1,1,1,0,1,1,0,1,1,1,1,1
11/10/2025 17:38,1.4206,1.1194,0.0375,1.1387,1.24215,1.4206,1.1194,1.1387,1.775,23.8334,2.0808,48.7813,48.7813,48.7813,23.8334,2.0808,,,,46.7005,21.7526,22.0584,22.714,22.4128,1,1,1,0,1,1,0,1,1,1,1,1
11/10/2025 17:43,1.4194,1.1156,0.0425,1.1413,1.23785,1.4194,1.1156,1.1413,1.8,23.8334,2.0826,48.7875,48.7875,48.7875,23.8334,2.0826,,,,46.7049,21.7508,22.0334,22.7178,22.414,1,1,1,0,1,1,0,1,1,1,1,1
11/10/2025 17:48,1.4253,1.1184,0.0362,1.1513,1.2521,1.4253,1.1184,1.1513,1.8,23.8419,2.0754,48.675,48.675,48.675,23.8419,2.0754,,,,46.5996,21.7665,22.0419,22.7235,22.4166,1,1,1,0,1,1,0,1,1,1,1,1
11/10/2025 17:53,1.4206,1.1166,0.0413,1.1463,1.24215,1.4206,1.1166,1.1463,1.85,23.8701,2.0772,48.5313,48.5313,48.5313,23.8701,2.0772,,,,46.4541,21.7929,22.0201,22.7535,22.4495,1,1,1,0,1,1,0,1,1,1,1,1
11/10/2025 17:58,1.4222,1.1178,0.0375,1.14,1.2436,1.4222,1.1178,1.14,1.875,23.8362,2.0772,48.5688,48.5688,48.5688,23.8362,2.0772,,,,46.4916,21.759,21.9612,22.7184,22.414,1,1,1,0,1,1,0,1,1,1,1,1
11/10/2025 18:03,1.4222,1.1188,0.0375,1.1475,1.24735,1.4222,1.1188,1.1475,1.85,23.8136,2.079,48.675,48.675,48.675,23.8136,2.079,,,,46.596,21.7346,21.9636,22.6948,22.3914,1,1,1,0,1,1,0,1,1,1,1,1
11/10/2025 18:08,1.4247,1.1169,0.04,1.1663,1.2555,1.4247,1.1169,1.1663,1.9,23.8079,2.0754,48.65,48.65,48.65,23.8079,2.0754,,,,46.5746,21.7325,21.9079,22.691,22.3832,1,1,1,0,1,1,0,1,1,1,1,1
11/10/2025 18:13,1.4259,1.1188,0.0413,1.1188,1.23105,1.4259,1.1188,1.1188,1.9,23.8221,2.079,48.7375,48.7375,48.7375,23.8221,2.079,,,,46.6585,21.7431,21.9221,22.7033,22.3962,1,1,1,0,1,1,0,1,1,1,1,1
11/10/2025 18:18,1.4244,1.1169,0.04,1.1325,1.23845,1.4244,1.1169,1.1325,1.875,23.8334,2.0754,48.7438,48.7438,48.7438,23.8334,2.0754,,,,46.6684,21.758,21.9584,22.7165,22.409,1,1,1,0,1,1,0,1,1,1,1,1
11/10/2025 18:23,1.4228,1.115,0.0362,1.1425,1.24645,1.4228,1.115,1.1425,1.875,23.8447,2.0736,48.8625,48.8625,48.8625,23.8447,2.0736,,,,46.7889,21.7711,21.9697,22.7297,22.4219,1,1,1,0,1,1,0,1,1,1,1,1
11/10/2025 18:28,1.4272,1.1169,0.0425,1.1287,1.23545,1.4272,1.1169,1.1287,1.875,23.8673,2.0772,48.675,48.675,48.675,23.8673,2.0772,,,,46.5978,21.7901,21.9923,22.7504,22.4401,1,1,1,0,1,1,0,1,1,1,1,1
11/10/2025 18:33,1.4188,1.1166,0.04,1.1463,1.24255,1.4188,1.1166,1.1463,1.75,23.8532,2.079,48.775,48.775,48.775,23.8532,2.079,,,,46.696,21.7742,22.1032,22.7366,22.4344,1,1,1,0,1,1,0,1,1,1,1,1
11/10/2025 18:38,1.4234,1.1188,0.0413,1.12,1.2304,1.4234,1.1188,1.12,1.8,23.8079,2.0826,48.6813,48.6813,48.6813,23.8079,2.0826,,,,46.5987,21.7253,22.0079,22.6891,22.3845,1,1,1,0,1,1,0,1,1,1,1,1
11/10/2025 18:43,1.4303,1.1166,0.0375,1.1788,1.26705,1.4303,1.1166,1.1788,1.775,23.8532,2.0826,48.725,48.725,48.725,23.8532,2.0826,,,,46.6424,21.7706,22.0782,22.7366,22.4229,1,1,1,0,1,1,0,1,1,1,1,1
11/10/2025 18:48,1.4244,1.1169,0.0425,1.1213,1.23035,1.4244,1.1169,1.1213,1.8,23.8136,2.0826,48.6813,48.6813,48.6813,23.8136,2.0826,,,,46.5987,21.731,22.0136,22.6967,22.3892,1,1,1,0,1,1,0,1,1,1,1,1
11/10/2025 18:53,1.4269,1.1169,0.0362,1.19,1.27225,1.4269,1.1169,1.19,1.8,23.856,2.0844,48.9375,48.9375,48.9375,23.856,2.0844,,,,46.8531,21.7716,22.056,22.7391,22.4291,1,1,1,0,1,1,0,1,1,1,1,1
11/10/2025 18:58,1.4294,1.1191,0.0375,1.1138,1.2341,1.4294,1.1191,1.1138,1.8,23.8447,2.0826,48.5813,48.5813,48.5813,23.8447,2.0826,,,,46.4987,21.7621,22.0447,22.7256,22.4153,1,1,1,0,1,1,0,1,1,1,1,1
11/10/2025 19:03,1.4222,1.1166,0.0425,1.1738,1.2555,1.4222,1.1166,1.1738,1.775,23.8277,2.079,48.5625,48.5625,48.5625,23.8277,2.079,,,,46.4835,21.7487,22.0527,22.7111,22.4055,1,1,1,0,1,1,0,1,1,1,1,1
11/10/2025 19:08,1.4275,1.1163,0.04,1.0988,1.22315,1.4275,1.1163,1.0988,1.775,23.8306,2.079,48.9063,48.9063,48.9063,23.8306,2.079,,,,46.8273,21.7516,22.0556,22.7143,22.4031,1,1,1,0,1,1,0,1,1,1,1,1
11/10/2025 19:13,1.4256,1.1172,0.0375,1.1663,1.25845,1.4256,1.1172,1.1663,1.875,23.839,2.0772,48.7125,48.7125,48.7125,23.839,2.0772,,,,46.6353,21.7618,21.964,22.7218,22.4134,1,1,1,0,1,1,0,1,1,1,1,1
11/10/2025 19:18,1.4222,1.1181,0.0362,1.1713,1.26055,1.4222,1.1181,1.1713,1.775,23.8362,2.0826,48.7125,48.7125,48.7125,23.8362,2.0826,,,,46.6299,21.7536,22.0612,22.7181,22.414,1,1,1,0,1,1,0,1,1,1,1,1
11/10/2025 19:23,1.4297,1.1169,0.0413,1.1413,1.2442,1.4297,1.1169,1.1413,1.8,23.8419,2.079,48.9813,48.9813,48.9813,23.8419,2.079,,,,46.9023,21.7629,22.0419,22.725,22.4122,1,1,1,0,1,1,0,1,1,1,1,1
11/10/2025 19:28,1.4309,1.1184,0.0362,1.1113,1.2349,1.4309,1.1184,1.1113,1.9,23.8447,2.0844,48.725,48.725,48.725,23.8447,2.0844,,,,46.6406,21.7603,21.9447,22.7263,22.4138,1,1,1,0,1,1,0,1,1,1,1,1
11/10/2025 19:33,1.4356,1.1169,0.0362,1.1525,1.25785,1.4356,1.1169,1.1525,1.775,23.856,2.0826,48.575,48.575,48.575,23.856,2.0826,,,,46.4924,21.7734,22.081,22.7391,22.4204,1,1,1,0,1,1,0,1,1,1,1,1
11/10/2025 19:38,1.4241,1.1181,0.0413,1.1425,1.242,1.4241,1.1181,1.1425,1.775,23.8164,2.0808,48.6,48.6,48.6,23.8164,2.0808,,,,46.5192,21.7356,22.0414,22.6983,22.3923,1,1,1,0,1,1,0,1,1,1,1,1
11/10/2025 19:43,1.4238,1.1153,0.0362,1.1513,1.25135,1.4238,1.1153,1.1513,1.8,23.8503,2.0754,48.7313,48.7313,48.7313,23.8503,2.0754,,,,46.6559,21.7749,22.0503,22.735,22.4265,1,1,1,0,1,1,0,1,1,1,1,1
11/10/2025 19:48,1.4256,1.1169,0.04,1.1587,1.25215,1.4256,1.1169,1.1587,1.775,23.8588,2.079,48.8688,48.8688,48.8688,23.8588,2.079,,,,46.7898,21.7798,22.0838,22.7419,22.4332,1,1,1,0,1,1,0,1,1,1,1,1
11/10/2025 19:53,1.4197,1.1141,0.0375,1.1225,1.2336,1.4197,1.1141,1.1225,1.775,23.8447,2.079,48.7875,48.7875,48.7875,23.8447,2.079,,,,46.7085,21.7657,22.0697,22.7306,22.425,1,1,1,0,1,1,0,1,1,1,1,1
11/10/2025 19:58,1.4253,1.1163,0.0375,1.1387,1.2445,1.4253,1.1163,1.1387,1.775,23.8277,2.0772,48.9438,48.9438,48.9438,23.8277,2.0772,,,,46.8666,21.7505,22.0527,22.7114,22.4024,1,1,1,0,1,1,0,1,1,1,1,1
11/10/2025 20:03,1.4272,1.1159,0.0375,1.1525,1.25235,1.4272,1.1159,1.1525,1.675,23.8221,2.079,48.8625,48.8625,48.8625,23.8221,2.079,,,,46.7835,21.7431,22.1471,22.7062,22.3949,1,1,1,0,1,1,0,1,1,1,1,1
11/10/2025 20:08,1.4266,1.115,0.0362,1.1387,1.24645,1.4266,1.115,1.1387,1.725,23.8447,2.0808,48.8625,48.8625,48.8625,23.8447,2.0808,,,,46.7817,21.7639,22.1197,22.7297,22.4181,1,1,1,0,1,1,0,1,1,1,1,1
11/10/2025 20:13,1.4384,1.1147,0.04,1.1263,1.24235,1.4384,1.1147,1.1263,1.675,23.839,2.0808,49.05,49.05,49.05,23.839,2.0808,,,,46.9692,21.7582,22.164,22.7243,22.4006,1,1,1,0,1,1,0,1,1,1,1,1
11/10/2025 20:18,1.4263,1.1169,0.0375,1.1375,1.2444,1.4263,1.1169,1.1375,1.675,23.8447,2.0898,48.6375,48.6375,48.6375,23.8447,2.0898,,,,46.5477,21.7549,22.1697,22.7278,22.4184,1,1,1,0,1,1,0,1,1,1,1,1
11/10/2025 20:23,1.4247,1.1159,0.04,1.1425,1.2436,1.4247,1.1159,1.1425,1.675,23.8532,2.0826,48.9063,48.9063,48.9063,23.8532,2.0826,,,,46.8237,21.7706,22.1782,22.7373,22.4285,1,1,1,0,1,1,0,1,1,1,1,1
11/10/2025 20:28,1.43,1.1181,0.0413,1.145,1.2462,1.43,1.1181,1.145,1.75,23.8192,2.0826,48.8688,48.8688,48.8688,23.8192,2.0826,,,,46.7862,21.7366,22.0692,22.7011,22.3892,1,1,1,0,1,1,0,1,1,1,1,1
11/10/2025 20:33,1.4297,1.1166,0.0362,1.115,1.23615,1.4297,1.1166,1.115,1.75,23.8475,2.0808,48.8063,48.8063,48.8063,23.8475,2.0808,,,,46.7255,21.7667,22.0975,22.7309,22.4178,1,1,1,0,1,1,0,1,1,1,1,1
11/10/2025 20:38,1.4359,1.1184,0.0375,1.1475,1.2542,1.4359,1.1184,1.1475,1.75,23.8503,2.0772,48.7875,48.7875,48.7875,23.8503,2.0772,,,,46.7103,21.7731,22.1003,22.7319,22.4144,1,1,1,0,1,1,0,1,1,1,1,1
11/10/2025 20:43,1.4341,1.1153,0.0375,1.1188,1.23895,1.4341,1.1153,1.1188,1.8,23.8306,2.0754,48.9375,48.9375,48.9375,23.8306,2.0754,,,,46.8621,21.7552,22.0306,22.7153,22.3965,1,1,1,0,1,1,0,1,1,1,1,1
11/10/2025 20:48,1.4353,1.1159,0.035,1.1225,1.2439,1.4353,1.1159,1.1225,1.775,23.8334,2.0754,48.7813,48.7813,48.7813,23.8334,2.0754,,,,46.7059,21.758,22.0584,22.7175,22.3981,1,1,1,0,1,1,0,1,1,1,1,1
11/10/2025 20:53,1.4306,1.1128,0.035,1.1425,1.25155,1.4306,1.1128,1.1425,1.775,23.8249,2.0772,48.8063,48.8063,48.8063,23.8249,2.0772,,,,46.7291,21.7477,22.0499,22.7121,22.3943,1,1,1,0,1,1,0,1,1,1,1,1
11/10/2025 20:58,1.4291,1.1181,0.0375,1.1613,1.2577,1.4291,1.1181,1.1613,1.75,23.8023,2.0772,48.7063,48.7063,48.7063,23.8023,2.0772,,,,46.6291,21.7251,22.0523,22.6842,22.3732,1,1,1,0,1,1,0,1,1,1,1,1
11/10/2025 21:03,1.4225,1.1153,0.04,1.165,1.25375,1.4225,1.1153,1.165,1.75,23.8306,2.079,48.8875,48.8875,48.8875,23.8306,2.079,,,,46.8085,21.7516,22.0806,22.7153,22.4081,1,1,1,0,1,1,0,1,1,1,1,1
11/10/2025 21:08,1.4375,1.1153,0.0375,1.1413,1.2519,1.4375,1.1153,1.1413,1.75,23.856,2.0826,48.725,48.725,48.725,23.856,2.0826,,,,46.6424,21.7734,22.106,22.7407,22.4185,1,1,1,0,1,1,0,1,1,1,1,1
11/10/2025 21:13,1.4272,1.1178,0.0413,1.1675,1.25605,1.4272,1.1178,1.1675,1.775,23.8277,2.0736,48.6813,48.6813,48.6813,23.8277,2.0736,,,,46.6077,21.7541,22.0527,22.7099,22.4005,1,1,1,0,1,1,0,1,1,1,1,1
11/10/2025 21:18,1.4331,1.1153,0.0362,1.1538,1.25725,1.4331,1.1153,1.1538,1.775,23.8306,2.0754,48.6938,48.6938,48.6938,23.8306,2.0754,,,,46.6184,21.7552,22.0556,22.7153,22.3975,1,1,1,0,1,1,0,1,1,1,1,1
11/10/2025 21:23,1.4306,1.1153,0.04,1.1813,1.26595,1.4306,1.1153,1.1813,1.75,23.8277,2.0754,48.8125,48.8125,48.8125,23.8277,2.0754,,,,46.7371,21.7523,22.0777,22.7124,22.3971,1,1,1,0,1,1,0,1,1,1,1,1
11/10/2025 21:28,1.4322,1.1144,0.0413,1.1263,1.23795,1.4322,1.1144,1.1263,1.8,23.8306,2.0772,48.6375,48.6375,48.6375,23.8306,2.0772,,,,46.5603,21.7534,22.0306,22.7162,22.3984,1,1,1,0,1,1,0,1,1,1,1,1
11/10/2025 21:33,1.4256,1.1166,0.0375,1.1675,1.25905,1.4256,1.1166,1.1675,1.75,23.8334,2.0754,48.7813,48.7813,48.7813,23.8334,2.0754,,,,46.7059,21.758,22.0834,22.7168,22.4078,1,1,1,0,1,1,0,1,1,1,1,1
11/10/2025 21:38,1.4353,1.1159,0.04,1.135,1.24515,1.4353,1.1159,1.135,1.65,23.8419,2.07,48.8125,48.8125,48.8125,23.8419,2.07,,,,46.7425,21.7719,22.1919,22.726,22.4066,1,1,1,0,1,1,0,1,1,1,1,1
11/10/2025 21:43,1.4328,1.1163,0.04,1.1575,1.25515,1.4328,1.1163,1.1575,1.75,23.8249,2.0808,48.9313,48.9313,48.9313,23.8249,2.0808,,,,46.8505,21.7441,22.0749,22.7086,22.3921,1,1,1,0,1,1,0,1,1,1,1,1
11/10/2025 21:48,1.4219,1.115,0.0413,1.135,1.23715,1.4219,1.115,1.135,1.75,23.8617,2.0826,48.675,48.675,48.675,23.8617,2.0826,,,,46.5924,21.7791,22.1117,22.7467,22.4398,1,1,1,0,1,1,0,1,1,1,1,1
11/10/2025 21:53,1.4313,1.1138,0.04,1.1325,1.2419,1.4313,1.1138,1.1325,1.725,23.8164,2.0772,48.6375,48.6375,48.6375,23.8164,2.0772,,,,46.5603,21.7392,22.0914,22.7026,22.3851,1,1,1,0,1,1,0,1,1,1,1,1
11/10/2025 21:58,1.4291,1.1159,0.04,1.155,1.25205,1.4291,1.1159,1.155,1.675,23.7995,2.0808,49.0063,49.0063,49.0063,23.7995,2.0808,,,,46.9255,21.7187,22.1245,22.6836,22.3704,1,1,1,0,1,1,0,1,1,1,1,1
11/10/2025 22:03,1.43,1.1144,0.0375,1.1863,1.27065,1.43,1.1144,1.1863,1.775,23.8334,2.0718,48.6938,48.6938,48.6938,23.8334,2.0718,,,,46.622,21.7616,22.0584,22.719,22.4034,1,1,1,0,1,1,0,1,1,1,1,1
11/10/2025 22:08,1.4294,1.1159,0.0413,1.1475,1.24715,1.4294,1.1159,1.1475,1.725,23.8051,2.0718,48.65,48.65,48.65,23.8051,2.0718,,,,46.5782,21.7333,22.0801,22.6892,22.3757,1,1,1,0,1,1,0,1,1,1,1,1
11/10/2025 22:13,1.425,1.1128,0.0375,1.1463,1.24815,1.425,1.1128,1.1463,1.725,23.8079,2.0808,48.775,48.775,48.775,23.8079,2.0808,,,,46.6942,21.7271,22.0829,22.6951,22.3829,1,1,1,0,1,1,0,1,1,1,1,1
11/10/2025 22:18,1.4328,1.1147,0.04,1.1587,1.25575,1.4328,1.1147,1.1587,1.725,23.8419,2.0754,48.8063,48.8063,48.8063,23.8419,2.0754,,,,46.7309,21.7665,22.1169,22.7272,22.4091,1,1,1,0,1,1,0,1,1,1,1,1
11/10/2025 22:23,1.4353,1.1163,0.04,1.1325,1.2439,1.4353,1.1163,1.1325,1.675,23.791,2.079,48.825,48.825,48.825,23.791,2.079,,,,46.746,21.712,22.116,22.6747,22.3557,1,1,1,0,1,1,0,1,1,1,1,1
11/10/2025 22:28,1.4309,1.1175,0.04,1.1513,1.2511,1.4309,1.1175,1.1513,1.675,23.8334,2.0808,48.7938,48.7938,48.7938,23.8334,2.0808,,,,46.713,21.7526,22.1584,22.7159,22.4025,1,1,1,0,1,1,0,1,1,1,1,1
11/10/2025 22:33,1.4372,1.1131,0.04,1.1475,1.25235,1.4372,1.1131,1.1475,1.65,23.839,2.0736,48.6875,48.6875,48.6875,23.839,2.0736,,,,46.6139,21.7654,22.189,22.7259,22.4018,1,1,1,0,1,1,0,1,1,1,1,1
11/10/2025 22:38,1.4341,1.115,0.0362,1.145,1.25335,1.4341,1.115,1.145,1.65,23.8108,2.0718,48.8938,48.8938,48.8938,23.8108,2.0718,,,,46.822,21.739,22.1608,22.6958,22.3767,1,1,1,0,1,1,0,1,1,1,1,1
11/10/2025 22:43,1.4372,1.1128,0.0438,1.1638,1.2567,1.4372,1.1128,1.1638,1.65,23.8164,2.0754,48.9313,48.9313,48.9313,23.8164,2.0754,,,,46.8559,21.741,22.1664,22.7036,22.3792,1,1,1,0,1,1,0,1,1,1,1,1
11/10/2025 22:48,1.4331,1.1147,0.04,1.1663,1.2597,1.4331,1.1147,1.1663,1.65,23.8306,2.0718,48.6063,48.6063,48.6063,23.8306,2.0718,,,,46.5345,21.7588,22.1806,22.7159,22.3975,1,1,1,0,1,1,0,1,1,1,1,1
11/10/2025 22:53,1.4341,1.1141,0.0362,1.1513,1.2565,1.4341,1.1141,1.1513,1.65,23.8249,2.0754,48.7563,48.7563,48.7563,23.8249,2.0754,,,,46.6809,21.7495,22.1749,22.7108,22.3908,1,1,1,0,1,1,0,1,1,1,1,1
11/10/2025 22:58,1.4316,1.1116,0.04,1.1675,1.25955,1.4316,1.1116,1.1675,1.725,23.8362,2.0736,48.7813,48.7813,48.7813,23.8362,2.0736,,,,46.7077,21.7626,22.1112,22.7246,22.4046,1,1,1,0,1,1,0,1,1,1,1,1
11/10/2025 23:03,1.4391,1.1153,0.04,1.1088,1.23395,1.4391,1.1153,1.1088,1.725,23.839,2.0772,48.625,48.625,48.625,23.839,2.0772,,,,46.5478,21.7618,22.114,22.7237,22.3999,1,1,1,0,1,1,0,1,1,1,1,1
11/10/2025 23:08,1.4319,1.1138,0.04,1.1875,1.2697,1.4319,1.1138,1.1875,1.675,23.8334,2.0736,48.7875,48.7875,48.7875,23.8334,2.0736,,,,46.7139,21.7598,22.1584,22.7196,22.4015,1,1,1,0,1,1,0,1,1,1,1,1
11/10/2025 23:13,1.4291,1.115,0.0375,1.1325,1.2433,1.4291,1.115,1.1325,1.65,23.8277,2.07,48.7188,48.7188,48.7188,23.8277,2.07,,,,46.6488,21.7577,22.1777,22.7127,22.3986,1,1,1,0,1,1,0,1,1,1,1,1
11/10/2025 23:18,1.4259,1.115,0.04,1.1413,1.2436,1.4259,1.115,1.1413,1.725,23.8221,2.0808,48.8125,48.8125,48.8125,23.8221,2.0808,,,,46.7317,21.7413,22.0971,22.7071,22.3962,1,1,1,0,1,1,0,1,1,1,1,1
11/10/2025 23:23,1.4309,1.1125,0.0425,1.12,1.23295,1.4309,1.1125,1.12,1.65,23.8306,2.0736,48.8563,48.8563,48.8563,23.8306,2.0736,,,,46.7827,21.757,22.1806,22.7181,22.3997,1,1,1,0,1,1,0,1,1,1,1,1
11/10/2025 23:28,1.4294,1.1147,0.0413,1.1387,1.24275,1.4294,1.1147,1.1387,1.675,23.8192,2.0754,48.7563,48.7563,48.7563,23.8192,2.0754,,,,46.6809,21.7438,22.1442,22.7045,22.3898,1,1,1,0,1,1,0,1,1,1,1,1
11/10/2025 23:33,1.4266,1.1116,0.04,1.1513,1.24895,1.4266,1.1116,1.1513,1.725,23.8249,2.0663,48.725,48.725,48.725,23.8249,2.0663,,,,46.6587,21.7586,22.0999,22.7133,22.3983,1,1,1,0,1,1,0,1,1,1,1,1
11/10/2025 23:38,1.4303,1.1128,0.04,1.145,1.24765,1.4303,1.1128,1.145,1.725,23.839,2.0754,48.6688,48.6688,48.6688,23.839,2.0754,,,,46.5934,21.7636,22.114,22.7262,22.4087,1,1,1,0,1,1,0,1,1,1,1,1
11/10/2025 23:43,1.4297,1.1138,0.0375,1.1188,1.23675,1.4297,1.1138,1.1188,1.6,23.8249,2.0718,48.7063,48.7063,48.7063,23.8249,2.0718,,,,46.6345,21.7531,22.2249,22.7111,22.3952,1,1,1,0,1,1,0,1,1,1,1,1
11/10/2025 23:48,1.4272,1.1141,0.0375,1.165,1.2586,1.4272,1.1141,1.165,1.725,23.8249,2.0663,48.9063,48.9063,48.9063,23.8249,2.0663,,,,46.84,21.7586,22.0999,22.7108,22.3977,1,1,1,0,1,1,0,1,1,1,1,1
11/10/2025 23:53,1.4291,1.1122,0.0375,1.1675,1.2608,1.4291,1.1122,1.1675,1.65,23.791,2.0772,48.7438,48.7438,48.7438,23.791,2.0772,,,,46.6666,21.7138,22.141,22.6788,22.3619,1,1,1,0,1,1,0,1,1,1,1,1
11/10/2025 23:58,1.4319,1.1144,0.04,1.1287,1.2403,1.4319,1.1144,1.1287,1.65,23.839,2.0772,48.6813,48.6813,48.6813,23.839,2.0772,,,,46.6041,21.7618,22.189,22.7246,22.4071,1,1,1,0,1,1,0,1,1,1,1,1
11/11/2025 0:03,1.4375,1.1153,0.0438,1.1463,1.2481,1.4375,1.1153,1.1463,1.575,23.8334,2.0772,48.925,48.925,48.925,23.8334,2.0772,,,,46.8478,21.7562,22.2584,22.7181,22.3959,1,1,1,0,1,1,0,1,1,1,1,1
11/11/2025 0:08,1.4331,1.1128,0.0462,1.1263,1.2335,1.4331,1.1128,1.1263,1.6,23.8306,2.0736,48.9063,48.9063,48.9063,23.8306,2.0736,,,,46.8327,21.757,22.2306,22.7178,22.3975,1,1,1,0,1,1,0,1,1,1,1,1
11/11/2025 0:13,1.4425,1.1141,0.0375,1.1525,1.26,1.4425,1.1141,1.1525,1.6,23.8532,2.0718,48.975,48.975,48.975,23.8532,2.0718,,,,46.9032,21.7814,22.2532,22.7391,22.4107,1,1,1,0,1,1,0,1,1,1,1,1
11/11/2025 0:18,1.4381,1.1109,0.04,1.1375,1.2478,1.4381,1.1109,1.1375,1.625,23.8249,2.0736,48.9625,48.9625,48.9625,23.8249,2.0736,,,,46.8889,21.7513,22.1999,22.714,22.3868,1,1,1,0,1,1,0,1,1,1,1,1
11/11/2025 0:23,1.4391,1.1141,0.0362,1.155,1.26085,1.4391,1.1141,1.155,1.675,23.839,2.0754,48.8188,48.8188,48.8188,23.839,2.0754,,,,46.7434,21.7636,22.164,22.7249,22.3999,1,1,1,0,1,1,0,1,1,1,1,1
11/11/2025 0:28,1.4334,1.1122,0.0413,1.14,1.2454,1.4334,1.1122,1.14,1.65,23.8051,2.07,48.6563,48.6563,48.6563,23.8051,2.07,,,,46.5863,21.7351,22.1551,22.6929,22.3717,1,1,1,0,1,1,0,1,1,1,1,1
11/11/2025 0:33,1.4412,1.1125,0.0413,1.145,1.2518,1.4412,1.1125,1.145,1.6,23.8221,2.0736,48.8063,48.8063,48.8063,23.8221,2.0736,,,,46.7327,21.7485,22.2221,22.7096,22.3809,1,1,1,0,1,1,0,1,1,1,1,1
11/11/2025 0:38,1.4369,1.1128,0.0375,1.1313,1.2466,1.4369,1.1128,1.1313,1.6,23.8306,2.07,48.75,48.75,48.75,23.8306,2.07,,,,46.68,21.7606,22.2306,22.7178,22.3937,1,1,1,0,1,1,0,1,1,1,1,1
11/11/2025 0:43,1.4331,1.1131,0.0362,1.1912,1.27595,1.4331,1.1131,1.1912,1.6,23.8306,2.0682,48.75,48.75,48.75,23.8306,2.0682,,,,46.6818,21.7624,22.2306,22.7175,22.3975,1,1,1,0,1,1,0,1,1,1,1,1
11/11/2025 0:48,1.4369,1.1138,0.0413,1.16,1.25715,1.4369,1.1138,1.16,1.6,23.839,2.0682,48.8188,48.8188,48.8188,23.839,2.0682,,,,46.7506,21.7708,22.239,22.7252,22.4021,1,1,1,0,1,1,0,1,1,1,1,1
11/11/2025 0:53,1.4353,1.1122,0.0362,1.145,1.25395,1.4353,1.1122,1.145,1.625,23.8334,2.0772,48.7438,48.7438,48.7438,23.8334,2.0772,,,,46.6666,21.7562,22.2084,22.7212,22.3981,1,1,1,0,1,1,0,1,1,1,1,1
11/11/2025 0:58,1.4303,1.1122,0.0413,1.1487,1.2482,1.4303,1.1122,1.1487,1.625,23.8617,2.0772,49,49,49,23.8617,2.0772,,,,46.9228,21.7845,22.2367,22.7495,22.4314,1,1,1,0,1,1,0,1,1,1,1,1
11/11/2025 1:03,1.4375,1.1116,0.0375,1.1587,1.2606,1.4375,1.1116,1.1587,1.6,23.856,2.0808,49,49,49,23.856,2.0808,,,,46.9192,21.7752,22.256,22.7444,22.4185,1,1,1,0,1,1,0,1,1,1,1,1
11/11/2025 1:08,1.4316,1.1109,0.04,1.1587,1.25515,1.4316,1.1109,1.1587,1.575,23.8277,2.079,48.7938,48.7938,48.7938,23.8277,2.079,,,,46.7148,21.7487,22.2527,22.7168,22.3961,1,1,1,0,1,1,0,1,1,1,1,1
11/11/2025 1:13,1.4344,1.1134,0.04,1.14,1.2472,1.4344,1.1134,1.14,1.65,23.8249,2.0736,48.675,48.675,48.675,23.8249,2.0736,,,,46.6014,21.7513,22.1749,22.7115,22.3905,1,1,1,0,1,1,0,1,1,1,1,1
11/11/2025 1:18,1.4344,1.1144,0.0425,1.1575,1.25345,1.4344,1.1144,1.1575,1.625,23.8532,2.0736,48.7875,48.7875,48.7875,23.8532,2.0736,,,,46.7139,21.7796,22.2282,22.7388,22.4188,1,1,1,0,1,1,0,1,1,1,1,1
11/11/2025 1:23,1.4372,1.1131,0.0425,1.1338,1.243,1.4372,1.1131,1.1338,1.65,23.8306,2.0718,48.8625,48.8625,48.8625,23.8306,2.0718,,,,46.7907,21.7588,22.1806,22.7175,22.3934,1,1,1,0,1,1,0,1,1,1,1,1
11/11/2025 1:28,1.4356,1.1134,0.0425,1.1587,1.25465,1.4356,1.1134,1.1587,1.65,23.8447,2.0718,48.9,48.9,48.9,23.8447,2.0718,,,,46.8282,21.7729,22.1947,22.7313,22.4091,1,1,1,0,1,1,0,1,1,1,1,1
11/11/2025 1:33,1.4344,1.115,0.04,1.1513,1.25285,1.4344,1.115,1.1513,1.625,23.8136,2.0718,48.8938,48.8938,48.8938,23.8136,2.0718,,,,46.822,21.7418,22.1886,22.6986,22.3792,1,1,1,0,1,1,0,1,1,1,1,1
11/11/2025 1:38,1.4347,1.1134,0.035,1.1587,1.2617,1.4347,1.1134,1.1587,1.625,23.8249,2.0718,48.7875,48.7875,48.7875,23.8249,2.0718,,,,46.7157,21.7531,22.1999,22.7115,22.3902,1,1,1,0,1,1,0,1,1,1,1,1
11/11/2025 1:43,1.4222,1.1113,0.04,1.1463,1.24425,1.4222,1.1113,1.1463,1.675,23.8334,2.0772,48.8313,48.8313,48.8313,23.8334,2.0772,,,,46.7541,21.7562,22.1584,22.7221,22.4112,1,1,1,0,1,1,0,1,1,1,1,1
11/11/2025 1:48,1.4303,1.1116,0.035,1.1188,1.23955,1.4303,1.1116,1.1188,1.6,23.8079,2.0736,48.575,48.575,48.575,23.8079,2.0736,,,,46.5014,21.7343,22.2079,22.6963,22.3776,1,1,1,0,1,1,0,1,1,1,1,1
11/11/2025 1:53,1.4269,1.1125,0.0438,1.1713,1.2553,1.4269,1.1125,1.1713,1.6,23.8277,2.0718,48.825,48.825,48.825,23.8277,2.0718,,,,46.7532,21.7559,22.2277,22.7152,22.4008,1,1,1,0,1,1,0,1,1,1,1,1
11/11/2025 1:58,0.0391,1.1103,0.03,0.0688,0.02395,0.0391,1.1103,0.0688,1.65,0,-0.0018,-0.1563,-0.1563,-0.1563,0,0.0018,,,,-0.1581,-0.0018,-1.65,-1.1103,-0.0391,1,1,1,0,1,1,0,1,1,1,1,1
11/11/2025 2:03,-0.0059,1.1109,0,0,-0.00295,-0.0059,1.1109,0,1.65,0,-0.0036,0.0375,0.0375,0.0375,0,0.0036,,,,0.0339,-0.0036,-1.65,-1.1109,0.0059,1,1,1,0,1,1,0,1,1,1,1,1
11/11/2025 9:32,1.3325,1.2909,0.0413,1.1275,1.1887,1.3325,1.2909,1.1275,1.65,23.3528,2.7455,45.8625,45.8625,45.8625,23.3528,2.7455,,,,43.117,20.6073,21.7028,22.0619,22.0203,1,1,1,0,1,1,0,1,1,1,1,1
11/11/2025 9:37,1.4231,1.1684,0.0362,1.1413,1.246,1.4231,1.1684,1.1413,1.65,23.856,2.2361,48.2438,48.2438,48.2438,23.856,2.2361,,,,46.0077,21.6199,22.206,22.6876,22.4329,1,1,1,0,1,1,0,1,1,1,1,1
11/11/2025 9:42,1.4378,1.1316,0.0362,1.1463,1.25585,1.4378,1.1316,1.1463,1.6,23.8786,2.1386,48.925,48.925,48.925,23.8786,2.1386,,,,46.7864,21.74,22.2786,22.747,22.4408,1,1,1,0,1,1,0,1,1,1,1,1
11/11/2025 9:47,1.4372,1.1159,0.0313,1.1225,1.24855,1.4372,1.1159,1.1225,1.675,23.839,2.1007,48.7,48.7,48.7,23.839,2.1007,,,,46.5993,21.7383,22.164,22.7231,22.4018,1,1,1,0,1,1,0,1,1,1,1,1
11/11/2025 9:52,1.4397,1.1066,0.035,1.1788,1.27425,1.4397,1.1066,1.1788,1.725,23.873,2.0808,48.8563,48.8563,48.8563,23.873,2.0808,,,,46.7755,21.7922,22.148,22.7664,22.4333,1,1,1,0,1,1,0,1,1,1,1,1
11/11/2025 9:57,1.4441,1.1078,0.0338,1.105,1.24075,1.4441,1.1078,1.105,1.65,23.8786,2.0754,48.925,48.925,48.925,23.8786,2.0754,,,,46.8496,21.8032,22.2286,22.7708,22.4345,1,1,1,0,1,1,0,1,1,1,1,1
11/11/2025 10:02,1.4434,1.1044,0.035,1.1375,1.25545,1.4434,1.1044,1.1375,1.675,23.8645,2.0663,48.8438,48.8438,48.8438,23.8645,2.0663,,,,46.7775,21.7982,22.1895,22.7601,22.4211,1,1,1,0,1,1,0,1,1,1,1,1
11/11/2025 10:07,1.4428,1.1031,0.035,1.1475,1.26015,1.4428,1.1031,1.1475,1.65,23.8984,2.0609,48.9813,48.9813,48.9813,23.8984,2.0609,,,,46.9204,21.8375,22.2484,22.7953,22.4556,1,1,1,0,1,1,0,1,1,1,1,1
11/11/2025 10:12,1.4444,1.1025,0.0375,1.1338,1.2516,1.4444,1.1025,1.1338,1.725,23.8673,2.0519,48.85,48.85,48.85,23.8673,2.0519,,,,46.7981,21.8154,22.1423,22.7648,22.4229,1,1,1,0,1,1,0,1,1,1,1,1
11/11/2025 10:17,1.4491,1.1075,0.0362,1.1463,1.2615,1.4491,1.1075,1.1463,1.65,23.8475,2.0519,49.1375,49.1375,49.1375,23.8475,2.0519,,,,47.0856,21.7956,22.1975,22.74,22.3984,1,1,1,0,1,1,0,1,1,1,1,1
11/11/2025 10:22,1.4438,1.1056,0.0338,1.1487,1.26245,1.4438,1.1056,1.1487,1.675,23.8645,2.0609,49.1188,49.1188,49.1188,23.8645,2.0609,,,,47.0579,21.8036,22.1895,22.7589,22.4207,1,1,1,0,1,1,0,1,1,1,1,1
11/11/2025 10:27,1.4366,1.1066,0.035,1.1463,1.25645,1.4366,1.1066,1.1463,1.725,23.8645,2.0555,49.1063,49.1063,49.1063,23.8645,2.0555,,,,47.0508,21.809,22.1395,22.7579,22.4279,1,1,1,0,1,1,0,1,1,1,1,1
11/11/2025 10:32,1.4416,1.1069,0.035,1.1338,1.2527,1.4416,1.1069,1.1338,1.675,23.8673,2.0483,48.8563,48.8563,48.8563,23.8673,2.0483,,,,46.808,21.819,22.1923,22.7604,22.4257,1,1,1,0,1,1,0,1,1,1,1,1
11/11/2025 10:37,1.4372,1.105,0.0362,1.16,1.2624,1.4372,1.105,1.16,1.675,23.8475,2.0465,48.9313,48.9313,48.9313,23.8475,2.0465,,,,46.8848,21.801,22.1725,22.7425,22.4103,1,1,1,0,1,1,0,1,1,1,1,1
11/11/2025 10:42,1.4425,1.1047,0.035,1.145,1.25875,1.4425,1.1047,1.145,1.65,23.8503,2.0465,49.025,49.025,49.025,23.8503,2.0465,,,,46.9785,21.8038,22.2003,22.7456,22.4078,1,1,1,0,1,1,0,1,1,1,1,1
11/11/2025 10:47,1.4347,1.1072,0.0362,1.1525,1.2574,1.4347,1.1072,1.1525,1.725,23.8532,2.0447,48.85,48.85,48.85,23.8532,2.0447,,,,46.8053,21.8085,22.1282,22.746,22.4185,1,1,1,0,1,1,0,1,1,1,1,1
11/11/2025 10:52,1.4366,1.1078,0.0338,1.1325,1.25075,1.4366,1.1078,1.1325,1.675,23.8871,2.0447,49.1938,49.1938,49.1938,23.8871,2.0447,,,,47.1491,21.8424,22.2121,22.7793,22.4505,1,1,1,0,1,1,0,1,1,1,1,1
11/11/2025 10:57,1.4463,1.1059,0.035,1.1325,1.2544,1.4463,1.1059,1.1325,1.675,23.8673,2.0429,49.1,49.1,49.1,23.8673,2.0429,,,,47.0571,21.8244,22.1923,22.7614,22.421,1,1,1,0,1,1,0,1,1,1,1,1
11/11/2025 11:02,1.4341,1.1078,0.0313,1.1313,1.2514,1.4341,1.1078,1.1313,1.675,23.8899,2.0447,49.0625,49.0625,49.0625,23.8899,2.0447,,,,47.0178,21.8452,22.2149,22.7821,22.4558,1,1,1,0,1,1,0,1,1,1,1,1
11/11/2025 11:07,1.44,1.1066,0.0362,1.1487,1.25815,1.44,1.1066,1.1487,1.725,23.8645,2.0483,49.0188,49.0188,49.0188,23.8645,2.0483,,,,46.9705,21.8162,22.1395,22.7579,22.4245,1,1,1,0,1,1,0,1,1,1,1,1
11/11/2025 11:12,1.4347,1.105,0.0362,1.1163,1.2393,1.4347,1.105,1.1163,1.725,23.8758,2.0483,48.7438,48.7438,48.7438,23.8758,2.0483,,,,46.6955,21.8275,22.1508,22.7708,22.4411,1,1,1,0,1,1,0,1,1,1,1,1
11/11/2025 11:17,1.4378,1.1075,0.035,1.1088,1.2383,1.4378,1.1075,1.1088,1.65,23.8843,2.0374,48.95,48.95,48.95,23.8843,2.0374,,,,46.9126,21.8469,22.2343,22.7768,22.4465,1,1,1,0,1,1,0,1,1,1,1,1
11/11/2025 11:22,1.4419,1.1038,0.0375,1.1313,1.2491,1.4419,1.1038,1.1313,1.65,23.8899,2.0393,48.95,48.95,48.95,23.8899,2.0393,,,,46.9107,21.8506,22.2399,22.7861,22.448,1,1,1,0,1,1,0,1,1,1,1,1
11/11/2025 11:27,1.4369,1.1094,0.0313,1.135,1.25465,1.4369,1.1094,1.135,1.65,23.8786,2.0465,48.95,48.95,48.95,23.8786,2.0465,,,,46.9035,21.8321,22.2286,22.7692,22.4417,1,1,1,0,1,1,0,1,1,1,1,1
11/11/2025 11:32,1.4419,1.1038,0.035,1.1338,1.25285,1.4419,1.1038,1.1338,1.6,23.8758,2.0483,49.1125,49.1125,49.1125,23.8758,2.0483,,,,47.0642,21.8275,22.2758,22.772,22.4339,1,1,1,0,1,1,0,1,1,1,1,1
11/11/2025 11:37,1.4375,1.1031,0.04,1.1387,1.2481,1.4375,1.1031,1.1387,1.6,23.8871,2.0411,48.8375,48.8375,48.8375,23.8871,2.0411,,,,46.7964,21.846,22.2871,22.784,22.4496,1,1,1,0,1,1,0,1,1,1,1,1
11/11/2025 11:42,1.4359,1.1047,0.0375,1.1088,1.23485,1.4359,1.1047,1.1088,1.65,23.9097,2.0429,48.65,48.65,48.65,23.9097,2.0429,,,,46.6071,21.8668,22.2597,22.805,22.4738,1,1,1,0,1,1,0,1,1,1,1,1
11/11/2025 11:47,1.4347,1.1097,0.0375,1.1213,1.2405,1.4347,1.1097,1.1213,1.65,23.8956,2.0483,48.8375,48.8375,48.8375,23.8956,2.0483,,,,46.7892,21.8473,22.2456,22.7859,22.4609,1,1,1,0,1,1,0,1,1,1,1,1
11/11/2025 11:52,1.44,1.1066,0.035,1.1475,1.25875,1.44,1.1066,1.1475,1.75,23.8786,2.0465,48.9938,48.9938,48.9938,23.8786,2.0465,,,,46.9473,21.8321,22.1286,22.772,22.4386,1,1,1,0,1,1,0,1,1,1,1,1
11/11/2025 11:57,1.435,1.1069,0.0375,1.1263,1.24315,1.435,1.1069,1.1263,1.675,23.8673,2.0483,48.9875,48.9875,48.9875,23.8673,2.0483,,,,46.9392,21.819,22.1923,22.7604,22.4323,1,1,1,0,1,1,0,1,1,1,1,1
11/11/2025 12:02,1.4366,1.1059,0.035,1.0862,1.2264,1.4366,1.1059,1.0862,1.725,23.8871,2.0501,48.7813,48.7813,48.7813,23.8871,2.0501,,,,46.7312,21.837,22.1621,22.7812,22.4505,1,1,1,0,1,1,0,1,1,1,1,1
11/11/2025 12:07,1.4359,1.1041,0.0338,1.1338,1.25105,1.4359,1.1041,1.1338,1.725,23.8871,2.0429,48.825,48.825,48.825,23.8871,2.0429,,,,46.7821,21.8442,22.1621,22.783,22.4512,1,1,1,0,1,1,0,1,1,1,1,1
11/11/2025 12:12,1.4219,1.1059,0.035,1.0925,1.2222,1.4219,1.1059,1.0925,1.625,23.8786,2.0501,49.025,49.025,49.025,23.8786,2.0501,,,,46.9749,21.8285,22.2536,22.7727,22.4567,1,1,1,0,1,1,0,1,1,1,1,1
11/11/2025 12:17,1.4366,1.1056,0.0338,1.1475,1.25825,1.4366,1.1056,1.1475,1.675,23.8475,2.0483,48.9688,48.9688,48.9688,23.8475,2.0483,,,,46.9205,21.7992,22.1725,22.7419,22.4109,1,1,1,0,1,1,0,1,1,1,1,1
11/11/2025 12:22,1.4316,1.1069,0.0362,1.1475,1.25335,1.4316,1.1069,1.1475,1.625,23.856,2.0447,48.9688,48.9688,48.9688,23.856,2.0447,,,,46.9241,21.8113,22.231,22.7491,22.4244,1,1,1,0,1,1,0,1,1,1,1,1
11/11/2025 12:27,1.445,1.105,0.035,1.165,1.27,1.445,1.105,1.165,1.65,23.8758,2.0483,48.8625,48.8625,48.8625,23.8758,2.0483,,,,46.8142,21.8275,22.2258,22.7708,22.4308,1,1,1,0,1,1,0,1,1,1,1,1
11/11/2025 12:32,1.44,1.1044,0.035,1.1287,1.24935,1.44,1.1044,1.1287,1.65,23.8701,2.0501,48.9125,48.9125,48.9125,23.8701,2.0501,,,,46.8624,21.82,22.2201,22.7657,22.4301,1,1,1,0,1,1,0,1,1,1,1,1
11/11/2025 12:37,1.4353,1.105,0.0375,1.1325,1.2464,1.4353,1.105,1.1325,1.625,23.8786,2.0573,48.9063,48.9063,48.9063,23.8786,2.0573,,,,46.849,21.8213,22.2536,22.7736,22.4433,1,1,1,0,1,1,0,1,1,1,1,1
11/11/2025 12:42,1.44,1.105,0.035,1.1387,1.25435,1.44,1.105,1.1387,1.625,23.8673,2.0465,48.9375,48.9375,48.9375,23.8673,2.0465,,,,46.891,21.8208,22.2423,22.7623,22.4273,1,1,1,0,1,1,0,1,1,1,1,1
11/11/2025 12:47,1.4347,1.1069,0.0338,1.175,1.27105,1.4347,1.1069,1.175,1.65,23.8899,2.0519,48.7813,48.7813,48.7813,23.8899,2.0519,,,,46.7294,21.838,22.2399,22.783,22.4552,1,1,1,0,1,1,0,1,1,1,1,1
11/11/2025 12:52,1.4347,1.1044,0.035,1.115,1.23985,1.4347,1.1044,1.115,1.65,23.8786,2.0573,48.7313,48.7313,48.7313,23.8786,2.0573,,,,46.674,21.8213,22.2286,22.7742,22.4439,1,1,1,0,1,1,0,1,1,1,1,1
11/11/2025 12:57,1.4309,1.1066,0.0338,1.1463,1.2548,1.4309,1.1066,1.1463,1.625,23.8899,2.0501,48.7688,48.7688,48.7688,23.8899,2.0501,,,,46.7187,21.8398,22.2649,22.7833,22.459,1,1,1,0,1,1,0,1,1,1,1,1
11/11/2025 13:02,1.4347,1.1069,0.035,1.1475,1.2561,1.4347,1.1069,1.1475,1.625,23.8701,2.0465,48.8,48.8,48.8,23.8701,2.0465,,,,46.7535,21.8236,22.2451,22.7632,22.4354,1,1,1,0,1,1,0,1,1,1,1,1
11/11/2025 13:07,1.4366,1.1088,0.0338,1.1463,1.25765,1.4366,1.1088,1.1463,1.625,23.8503,2.0519,48.625,48.625,48.625,23.8503,2.0519,,,,46.5731,21.7984,22.2253,22.7415,22.4137,1,1,1,0,1,1,0,1,1,1,1,1
11/11/2025 13:12,1.4325,1.1078,0.0338,1.1025,1.2337,1.4325,1.1078,1.1025,1.65,23.873,2.0465,48.8,48.8,48.8,23.873,2.0465,,,,46.7535,21.8265,22.223,22.7652,22.4405,1,1,1,0,1,1,0,1,1,1,1,1
11/11/2025 13:17,1.4347,1.1084,0.0362,1.1413,1.2518,1.4347,1.1084,1.1413,1.65,23.873,2.0519,48.9188,48.9188,48.9188,23.873,2.0519,,,,46.8669,21.8211,22.223,22.7646,22.4383,1,1,1,0,1,1,0,1,1,1,1,1
11/11/2025 13:22,1.435,1.1072,0.0338,1.1088,1.2381,1.435,1.1072,1.1088,1.675,23.8617,2.0501,48.8313,48.8313,48.8313,23.8617,2.0501,,,,46.7812,21.8116,22.1867,22.7545,22.4267,1,1,1,0,1,1,0,1,1,1,1,1
11/11/2025 13:27,1.4291,1.1078,0.0362,1.1387,1.2477,1.4291,1.1078,1.1387,1.65,23.8927,2.0465,48.8,48.8,48.8,23.8927,2.0465,,,,46.7535,21.8462,22.2427,22.7849,22.4636,1,1,1,0,1,1,0,1,1,1,1,1
11/11/2025 13:32,1.4281,1.1069,0.0313,1.1525,1.259,1.4281,1.1069,1.1525,1.625,23.8786,2.0555,48.8313,48.8313,48.8313,23.8786,2.0555,,,,46.7758,21.8231,22.2536,22.7717,22.4505,1,1,1,0,1,1,0,1,1,1,1,1
11/11/2025 13:37,1.4313,1.1072,0.0338,1.1325,1.2481,1.4313,1.1072,1.1325,1.675,23.8447,2.0483,48.7313,48.7313,48.7313,23.8447,2.0483,,,,46.683,21.7964,22.1697,22.7375,22.4134,1,1,1,0,1,1,0,1,1,1,1,1
11/11/2025 13:42,1.4303,1.1088,0.035,1.1375,1.2489,1.4303,1.1088,1.1375,1.625,23.9154,2.0573,48.6375,48.6375,48.6375,23.9154,2.0573,,,,46.5802,21.8581,22.2904,22.8066,22.4851,1,1,1,0,1,1,0,1,1,1,1,1
11/11/2025 13:47,1.4322,1.1078,0.0362,1.1425,1.25115,1.4322,1.1078,1.1425,1.625,23.9041,2.0555,48.8688,48.8688,48.8688,23.9041,2.0555,,,,46.8133,21.8486,22.2791,22.7963,22.4719,1,1,1,0,1,1,0,1,1,1,1,1
11/11/2025 13:52,1.4319,1.1078,0.0362,1.1463,1.2529,1.4319,1.1078,1.1463,1.625,23.8814,2.0573,48.8,48.8,48.8,23.8814,2.0573,,,,46.7427,21.8241,22.2564,22.7736,22.4495,1,1,1,0,1,1,0,1,1,1,1,1
11/11/2025 13:57,1.4366,1.1072,0.035,1.1587,1.26265,1.4366,1.1072,1.1587,1.675,23.8871,2.0519,48.925,48.925,48.925,23.8871,2.0519,,,,46.8731,21.8352,22.2121,22.7799,22.4505,1,1,1,0,1,1,0,1,1,1,1,1
11/11/2025 14:02,1.4384,1.1078,0.035,1.1587,1.26355,1.4384,1.1078,1.1587,1.625,23.8899,2.0501,48.8,48.8,48.8,23.8899,2.0501,,,,46.7499,21.8398,22.2649,22.7821,22.4515,1,1,1,0,1,1,0,1,1,1,1,1
11/11/2025 14:07,1.4484,1.1078,0.035,1.1525,1.26545,1.4484,1.1078,1.1525,1.675,23.856,2.0519,49.0813,49.0813,49.0813,23.856,2.0519,,,,47.0294,21.8041,22.181,22.7482,22.4076,1,1,1,0,1,1,0,1,1,1,1,1
11/11/2025 14:12,1.4472,1.1072,0.0338,1.125,1.2523,1.4472,1.1072,1.125,1.625,23.9069,2.0609,48.8,48.8,48.8,23.9069,2.0609,,,,46.7391,21.846,22.2819,22.7997,22.4597,1,1,1,0,1,1,0,1,1,1,1,1
11/11/2025 14:17,1.445,1.1063,0.03,1.1525,1.26875,1.445,1.1063,1.1525,1.725,23.8899,2.0573,48.9313,48.9313,48.9313,23.8899,2.0573,,,,46.874,21.8326,22.1649,22.7836,22.4449,1,1,1,0,1,1,0,1,1,1,1,1
11/11/2025 14:22,1.4438,1.1078,0.0375,1.1138,1.2413,1.4438,1.1078,1.1138,1.725,23.8984,2.0519,48.8438,48.8438,48.8438,23.8984,2.0519,,,,46.7919,21.8465,22.1734,22.7906,22.4546,1,1,1,0,1,1,0,1,1,1,1,1
11/11/2025 14:27,1.4472,1.1084,0.0362,1.1413,1.25805,1.4472,1.1084,1.1413,1.75,23.8617,2.0573,48.85,48.85,48.85,23.8617,2.0573,,,,46.7927,21.8044,22.1117,22.7533,22.4145,1,1,1,0,1,1,0,1,1,1,1,1
11/11/2025 14:32,1.4347,1.1072,0.0338,1.1413,1.2542,1.4347,1.1072,1.1413,1.75,23.873,2.0573,48.9563,48.9563,48.9563,23.873,2.0573,,,,46.899,21.8157,22.123,22.7658,22.4383,1,1,1,0,1,1,0,1,1,1,1,1
11/11/2025 14:37,1.435,1.1097,0.0362,1.1287,1.24565,1.435,1.1097,1.1287,1.75,23.9267,2.0627,48.9063,48.9063,48.9063,23.9267,2.0627,,,,46.8436,21.864,22.1767,22.817,22.4917,1,1,1,0,1,1,0,1,1,1,1,1
11/11/2025 14:42,1.4353,1.1078,0.0362,1.16,1.26145,1.4353,1.1078,1.16,1.675,23.9012,2.0537,48.8938,48.8938,48.8938,23.9012,2.0537,,,,46.8401,21.8475,22.2262,22.7934,22.4659,1,1,1,0,1,1,0,1,1,1,1,1
11/11/2025 14:47,1.4228,1.11,0.035,1.1338,1.2433,1.4228,1.11,1.1338,1.675,23.8701,2.0645,48.8688,48.8688,48.8688,23.8701,2.0645,,,,46.8043,21.8056,22.1951,22.7601,22.4473,1,1,1,0,1,1,0,1,1,1,1,1
11/11/2025 14:52,1.4372,1.1094,0.0313,1.1413,1.25795,1.4372,1.1094,1.1413,1.75,23.8899,2.0537,48.6313,48.6313,48.6313,23.8899,2.0537,,,,46.5776,21.8362,22.1399,22.7805,22.4527,1,1,1,0,1,1,0,1,1,1,1,1
11/11/2025 14:57,1.4319,1.1088,0.0338,1.1263,1.2453,1.4319,1.1088,1.1263,1.75,23.8701,2.0627,48.8875,48.8875,48.8875,23.8701,2.0627,,,,46.8248,21.8074,22.1201,22.7613,22.4382,1,1,1,0,1,1,0,1,1,1,1,1
11/11/2025 15:02,1.4303,1.1103,0.035,1.1338,1.24705,1.4303,1.1103,1.1338,1.75,23.8701,2.0573,48.8375,48.8375,48.8375,23.8701,2.0573,,,,46.7802,21.8128,22.1201,22.7598,22.4398,1,1,1,0,1,1,0,1,1,1,1,1
11/11/2025 15:07,1.4291,1.1084,0.035,1.135,1.24705,1.4291,1.1084,1.135,1.675,23.8899,2.0645,48.8938,48.8938,48.8938,23.8899,2.0645,,,,46.8293,21.8254,22.2149,22.7815,22.4608,1,1,1,0,1,1,0,1,1,1,1,1
11/11/2025 15:12,1.4359,1.1069,0.035,1.1387,1.2523,1.4359,1.1069,1.1387,1.75,23.8843,2.0555,48.825,48.825,48.825,23.8843,2.0555,,,,46.7695,21.8288,22.1343,22.7774,22.4484,1,1,1,0,1,1,0,1,1,1,1,1
11/11/2025 15:17,1.44,1.1078,0.0362,1.1287,1.24815,1.44,1.1078,1.1287,1.65,23.8786,2.0609,48.925,48.925,48.925,23.8786,2.0609,,,,46.8641,21.8177,22.2286,22.7708,22.4386,1,1,1,0,1,1,0,1,1,1,1,1
11/11/2025 15:22,1.4284,1.11,0.0313,1.1013,1.23355,1.4284,1.11,1.1013,1.675,23.9097,2.0609,48.6813,48.6813,48.6813,23.9097,2.0609,,,,46.6204,21.8488,22.2347,22.7997,22.4813,1,1,1,0,1,1,0,1,1,1,1,1
11/11/2025 15:27,1.4288,1.1063,0.0338,1.1463,1.25375,1.4288,1.1063,1.1463,1.675,23.8956,2.0609,48.8125,48.8125,48.8125,23.8956,2.0609,,,,46.7516,21.8347,22.2206,22.7893,22.4668,1,1,1,0,1,1,0,1,1,1,1,1
11/11/2025 15:32,1.4306,1.1091,0.0313,1.1538,1.2609,1.4306,1.1091,1.1538,1.625,23.8871,2.0591,48.8063,48.8063,48.8063,23.8871,2.0591,,,,46.7472,21.828,22.2621,22.778,22.4565,1,1,1,0,1,1,0,1,1,1,1,1
11/11/2025 15:37,1.4322,1.1097,0.0313,1.1025,1.23605,1.4322,1.1097,1.1025,1.675,23.8758,2.0609,48.7688,48.7688,48.7688,23.8758,2.0609,,,,46.7079,21.8149,22.2008,22.7661,22.4436,1,1,1,0,1,1,0,1,1,1,1,1
11/11/2025 15:42,1.4322,1.1069,0.035,1.1263,1.24425,1.4322,1.1069,1.1263,1.675,23.856,2.0591,48.7063,48.7063,48.7063,23.856,2.0591,,,,46.6472,21.7969,22.181,22.7491,22.4238,1,1,1,0,1,1,0,1,1,1,1,1
11/11/2025 15:47,1.4263,1.1056,0.0362,1.1413,1.2476,1.4263,1.1056,1.1413,1.675,23.9012,2.0627,48.7438,48.7438,48.7438,23.9012,2.0627,,,,46.6811,21.8385,22.2262,22.7956,22.4749,1,1,1,0,1,1,0,1,1,1,1,1
11/11/2025 15:52,1.4313,1.1097,0.0362,1.1113,1.2351,1.4313,1.1097,1.1113,1.675,23.8758,2.0627,48.8688,48.8688,48.8688,23.8758,2.0627,,,,46.8061,21.8131,22.2008,22.7661,22.4445,1,1,1,0,1,1,0,1,1,1,1,1
11/11/2025 15:57,1.4284,1.1091,0.0338,1.1713,1.26605,1.4284,1.1091,1.1713,1.65,23.8758,2.0645,48.7563,48.7563,48.7563,23.8758,2.0645,,,,46.6918,21.8113,22.2258,22.7667,22.4474,1,1,1,0,1,1,0,1,1,1,1,1
11/11/2025 16:02,1.4313,1.1063,0.035,1.1163,1.2388,1.4313,1.1063,1.1163,1.65,23.8786,2.0609,48.8,48.8,48.8,23.8786,2.0609,,,,46.7391,21.8177,22.2286,22.7723,22.4473,1,1,1,0,1,1,0,1,1,1,1,1
11/11/2025 16:07,1.4341,1.1097,0.0362,1.1487,1.2552,1.4341,1.1097,1.1487,1.725,23.8786,2.0663,48.7,48.7,48.7,23.8786,2.0663,,,,46.6337,21.8123,22.1536,22.7689,22.4445,1,1,1,0,1,1,0,1,1,1,1,1
11/11/2025 16:12,1.4303,1.1069,0.0362,1.1338,1.24585,1.4303,1.1069,1.1338,1.75,23.8588,2.0645,48.6813,48.6813,48.6813,23.8588,2.0645,,,,46.6168,21.7943,22.1088,22.7519,22.4285,1,1,1,0,1,1,0,1,1,1,1,1
11/11/2025 16:17,1.4363,1.1069,0.0313,1.14,1.25685,1.4363,1.1069,1.14,1.75,23.8447,2.0609,48.8875,48.8875,48.8875,23.8447,2.0609,,,,46.8266,21.7838,22.0947,22.7378,22.4084,1,1,1,0,1,1,0,1,1,1,1,1
11/11/2025 16:22,1.4334,1.1066,0.0313,1.185,1.2779,1.4334,1.1066,1.185,1.725,23.8701,2.0627,48.8375,48.8375,48.8375,23.8701,2.0627,,,,46.7748,21.8074,22.1451,22.7635,22.4367,1,1,1,0,1,1,0,1,1,1,1,1
11/11/2025 16:27,1.4288,1.1078,0.035,1.1263,1.24255,1.4288,1.1078,1.1263,1.725,23.9125,2.0591,48.75,48.75,48.75,23.9125,2.0591,,,,46.6909,21.8534,22.1875,22.8047,22.4837,1,1,1,0,1,1,0,1,1,1,1,1
11/11/2025 16:32,1.4306,1.1066,0.035,1.1487,1.25465,1.4306,1.1066,1.1487,1.8,23.8617,2.0627,49.0375,49.0375,49.0375,23.8617,2.0627,,,,46.9748,21.799,22.0617,22.7551,22.4311,1,1,1,0,1,1,0,1,1,1,1,1
11/11/2025 16:37,1.435,1.1066,0.0338,1.1587,1.26305,1.435,1.1066,1.1587,1.85,23.8786,2.0627,48.6875,48.6875,48.6875,23.8786,2.0627,,,,46.6248,21.8159,22.0286,22.772,22.4436,1,1,1,0,1,1,0,1,1,1,1,1
11/11/2025 16:42,1.4347,1.1088,0.0362,1.1525,1.2574,1.4347,1.1088,1.1525,1.8,23.8927,2.0591,48.6563,48.6563,48.6563,23.8927,2.0591,,,,46.5972,21.8336,22.0927,22.7839,22.458,1,1,1,0,1,1,0,1,1,1,1,1
11/11/2025 16:47,1.4381,1.1084,0.0375,1.1475,1.2553,1.4381,1.1084,1.1475,1.775,23.8532,2.0555,48.7875,48.7875,48.7875,23.8532,2.0555,,,,46.732,21.7977,22.0782,22.7448,22.4151,1,1,1,0,1,1,0,1,1,1,1,1
11/11/2025 16:52,1.4331,1.1075,0.0375,1.1425,1.2503,1.4331,1.1075,1.1425,1.725,23.8786,2.0573,48.725,48.725,48.725,23.8786,2.0573,,,,46.6677,21.8213,22.1536,22.7711,22.4455,1,1,1,0,1,1,0,1,1,1,1,1
11/11/2025 16:57,1.4303,1.1063,0.0338,1.155,1.25885,1.4303,1.1063,1.155,1.85,23.8701,2.0573,48.7813,48.7813,48.7813,23.8701,2.0573,,,,46.724,21.8128,22.0201,22.7638,22.4398,1,1,1,0,1,1,0,1,1,1,1,1
11/11/2025 17:02,1.4316,1.1084,0.0375,1.1163,1.23645,1.4316,1.1084,1.1163,1.85,23.8786,2.0573,48.6563,48.6563,48.6563,23.8786,2.0573,,,,46.599,21.8213,22.0286,22.7702,22.447,1,1,1,0,1,1,0,1,1,1,1,1
11/11/2025 17:07,1.4325,1.1066,0.04,1.1188,1.23565,1.4325,1.1066,1.1188,1.725,23.8984,2.0555,49.1813,49.1813,49.1813,23.8984,2.0555,,,,47.1258,21.8429,22.1734,22.7918,22.4659,1,1,1,0,1,1,0,1,1,1,1,1
11/11/2025 17:12,1.4319,1.105,0.0362,1.1188,1.23915,1.4319,1.105,1.1188,1.775,23.8758,2.0609,48.7313,48.7313,48.7313,23.8758,2.0609,,,,46.6704,21.8149,22.1008,22.7708,22.4439,1,1,1,0,1,1,0,1,1,1,1,1
11/11/2025 17:17,1.4347,1.1053,0.0362,1.1413,1.2518,1.4347,1.1053,1.1413,1.775,23.873,2.0627,48.7625,48.7625,48.7625,23.873,2.0627,,,,46.6998,21.8103,22.098,22.7677,22.4383,1,1,1,0,1,1,0,1,1,1,1,1
11/11/2025 17:22,1.4359,1.1078,0.0338,1.1275,1.2479,1.4359,1.1078,1.1275,1.8,23.8617,2.0627,48.9,48.9,48.9,23.8617,2.0627,,,,46.8373,21.799,22.0617,22.7539,22.4258,1,1,1,0,1,1,0,1,1,1,1,1
11/11/2025 17:27,1.4384,1.1078,0.0375,1.155,1.2592,1.4384,1.1078,1.155,1.775,23.8871,2.0645,48.9438,48.9438,48.9438,23.8871,2.0645,,,,46.8793,21.8226,22.1121,22.7793,22.4487,1,1,1,0,1,1,0,1,1,1,1,1
11/11/2025 17:32,1.4338,1.1069,0.035,1.145,1.2544,1.4338,1.1069,1.145,1.8,23.8532,2.0645,48.8188,48.8188,48.8188,23.8532,2.0645,,,,46.7543,21.7887,22.0532,22.7463,22.4194,1,1,1,0,1,1,0,1,1,1,1,1
11/11/2025 17:37,1.4341,1.1053,0.0362,1.1487,1.2552,1.4341,1.1053,1.1487,1.8,23.8871,2.0645,49.0938,49.0938,49.0938,23.8871,2.0645,,,,47.0293,21.8226,22.0871,22.7818,22.453,1,1,1,0,1,1,0,1,1,1,1,1
11/11/2025 17:42,1.4397,1.1069,0.04,1.1287,1.2442,1.4397,1.1069,1.1287,1.8,23.8645,2.0627,48.8125,48.8125,48.8125,23.8645,2.0627,,,,46.7498,21.8018,22.0645,22.7576,22.4248,1,1,1,0,1,1,0,1,1,1,1,1
11/11/2025 17:47,1.4356,1.1063,0.0362,1.1313,1.24725,1.4356,1.1063,1.1313,1.875,23.8786,2.0627,48.9438,48.9438,48.9438,23.8786,2.0627,,,,46.8811,21.8159,22.0036,22.7723,22.443,1,1,1,0,1,1,0,1,1,1,1,1
11/11/2025 17:52,1.4341,1.105,0.035,1.1263,1.2452,1.4341,1.105,1.1263,1.775,23.873,2.0627,48.7313,48.7313,48.7313,23.873,2.0627,,,,46.6686,21.8103,22.098,22.768,22.4389,1,1,1,0,1,1,0,1,1,1,1,1
11/11/2025 17:57,1.4356,1.1034,0.04,1.1463,1.25095,1.4356,1.1034,1.1463,1.8,23.8617,2.0519,48.8438,48.8438,48.8438,23.8617,2.0519,,,,46.7919,21.8098,22.0617,22.7583,22.4261,1,1,1,0,1,1,0,1,1,1,1,1
11/11/2025 18:02,1.4353,1.1069,0.0338,1.12,1.24385,1.4353,1.1069,1.12,1.85,23.873,2.0663,48.9438,48.9438,48.9438,23.873,2.0663,,,,46.8775,21.8067,22.023,22.7661,22.4377,1,1,1,0,1,1,0,1,1,1,1,1
11/11/2025 18:07,1.44,1.1084,0.0338,1.14,1.2562,1.44,1.1084,1.14,1.775,23.8786,2.0591,49.075,49.075,49.075,23.8786,2.0591,,,,47.0159,21.8195,22.1036,22.7702,22.4386,1,1,1,0,1,1,0,1,1,1,1,1
11/11/2025 18:12,1.4388,1.1063,0.0338,1.14,1.2556,1.4388,1.1063,1.14,1.9,23.873,2.07,48.8875,48.8875,48.8875,23.873,2.07,,,,46.8175,21.803,21.973,22.7667,22.4342,1,1,1,0,1,1,0,1,1,1,1,1
11/11/2025 18:17,1.4347,1.1047,0.035,1.1525,1.2586,1.4347,1.1047,1.1525,1.775,23.8843,2.0645,48.7563,48.7563,48.7563,23.8843,2.0645,,,,46.6918,21.8198,22.1093,22.7796,22.4496,1,1,1,0,1,1,0,1,1,1,1,1
11/11/2025 18:22,1.4425,1.1066,0.0362,1.125,1.24755,1.4425,1.1066,1.125,1.8,23.8843,2.0591,48.8563,48.8563,48.8563,23.8843,2.0591,,,,46.7972,21.8252,22.0843,22.7777,22.4418,1,1,1,0,1,1,0,1,1,1,1,1
11/11/2025 18:27,1.4378,1.1066,0.0313,1.1287,1.25195,1.4378,1.1066,1.1287,1.875,23.8843,2.0591,48.7375,48.7375,48.7375,23.8843,2.0591,,,,46.6784,21.8252,22.0093,22.7777,22.4465,1,1,1,0,1,1,0,1,1,1,1,1
11/11/2025 18:32,1.4447,1.1066,0.0313,1.1587,1.2704,1.4447,1.1066,1.1587,1.775,23.873,2.0609,49,49,49,23.873,2.0609,,,,46.9391,21.8121,22.098,22.7664,22.4283,1,1,1,0,1,1,0,1,1,1,1,1
11/11/2025 18:37,1.4378,1.1059,0.0338,1.125,1.2476,1.4378,1.1059,1.125,1.775,23.9012,2.0645,48.9125,48.9125,48.9125,23.9012,2.0645,,,,46.848,21.8367,22.1262,22.7953,22.4634,1,1,1,0,1,1,0,1,1,1,1,1
11/11/2025 18:42,1.4381,1.1047,0.035,1.1287,1.2484,1.4381,1.1047,1.1287,1.85,23.8503,2.0663,48.8813,48.8813,48.8813,23.8503,2.0663,,,,46.815,21.784,22.0003,22.7456,22.4122,1,1,1,0,1,1,0,1,1,1,1,1
11/11/2025 18:47,1.4409,1.1088,0.035,1.145,1.25795,1.4409,1.1088,1.145,1.775,23.9012,2.0573,49.0375,49.0375,49.0375,23.9012,2.0573,,,,46.9802,21.8439,22.1262,22.7924,22.4603,1,1,1,0,1,1,0,1,1,1,1,1
11/11/2025 18:52,1.4444,1.1047,0.04,1.1325,1.24845,1.4444,1.1047,1.1325,1.775,23.8871,2.0663,49.1063,49.1063,49.1063,23.8871,2.0663,,,,47.04,21.8208,22.1121,22.7824,22.4427,1,1,1,0,1,1,0,1,1,1,1,1
11/11/2025 18:57,1.4375,1.1028,0.0338,1.1338,1.25185,1.4375,1.1028,1.1338,1.775,23.839,2.0609,48.6313,48.6313,48.6313,23.839,2.0609,,,,46.5704,21.7781,22.064,22.7362,22.4015,1,1,1,0,1,1,0,1,1,1,1,1
11/11/2025 19:02,1.4359,1.1044,0.04,1.145,1.25045,1.4359,1.1044,1.145,1.875,23.8871,2.0663,48.9688,48.9688,48.9688,23.8871,2.0663,,,,46.9025,21.8208,22.0121,22.7827,22.4512,1,1,1,0,1,1,0,1,1,1,1,1
11/11/2025 19:07,1.4363,1.1059,0.0362,1.1263,1.2451,1.4363,1.1059,1.1263,1.8,23.8447,2.0645,49.0125,49.0125,49.0125,23.8447,2.0645,,,,46.948,21.7802,22.0447,22.7388,22.4084,1,1,1,0,1,1,0,1,1,1,1,1
11/11/2025 19:12,1.435,1.1075,0.0362,1.1163,1.23945,1.435,1.1075,1.1163,1.775,23.8701,2.0573,48.9375,48.9375,48.9375,23.8701,2.0573,,,,46.8802,21.8128,22.0951,22.7626,22.4351,1,1,1,0,1,1,0,1,1,1,1,1
11/11/2025 19:17,1.4347,1.1056,0.035,1.1313,1.248,1.4347,1.1056,1.1313,1.775,23.8786,2.0663,48.9625,48.9625,48.9625,23.8786,2.0663,,,,46.8962,21.8123,22.1036,22.773,22.4439,1,1,1,0,1,1,0,1,1,1,1,1
11/11/2025 19:22,1.4347,1.1025,0.0362,1.165,1.26365,1.4347,1.1025,1.165,1.85,23.856,2.0591,48.7938,48.7938,48.7938,23.856,2.0591,,,,46.7347,21.7969,22.006,22.7535,22.4213,1,1,1,0,1,1,0,1,1,1,1,1
11/11/2025 19:27,1.4469,1.1047,0.035,1.1475,1.2622,1.4469,1.1047,1.1475,1.775,23.8701,2.0645,48.8625,48.8625,48.8625,23.8701,2.0645,,,,46.798,21.8056,22.0951,22.7654,22.4232,1,1,1,0,1,1,0,1,1,1,1,1
11/11/2025 19:32,1.4384,1.1056,0.0313,1.1463,1.26105,1.4384,1.1056,1.1463,1.775,23.8701,2.0663,48.9875,48.9875,48.9875,23.8701,2.0663,,,,46.9212,21.8038,22.0951,22.7645,22.4317,1,1,1,0,1,1,0,1,1,1,1,1
11/11/2025 19:37,1.4472,1.1053,0.035,1.1338,1.2555,1.4472,1.1053,1.1338,1.8,23.873,2.0682,48.9438,48.9438,48.9438,23.873,2.0682,,,,46.8756,21.8048,22.073,22.7677,22.4258,1,1,1,0,1,1,0,1,1,1,1,1
11/11/2025 19:42,1.4388,1.1066,0.0375,1.1513,1.25755,1.4388,1.1066,1.1513,1.875,23.8503,2.0555,48.9,48.9,48.9,23.8503,2.0555,,,,46.8445,21.7948,21.9753,22.7437,22.4115,1,1,1,0,1,1,0,1,1,1,1,1
11/11/2025 19:47,1.4447,1.105,0.0375,1.1313,1.2505,1.4447,1.105,1.1313,1.775,23.8673,2.0627,48.9563,48.9563,48.9563,23.8673,2.0627,,,,46.8936,21.8046,22.0923,22.7623,22.4226,1,1,1,0,1,1,0,1,1,1,1,1
11/11/2025 19:52,1.4434,1.1072,0.035,1.14,1.2567,1.4434,1.1072,1.14,1.775,23.8814,2.0591,48.8563,48.8563,48.8563,23.8814,2.0591,,,,46.7972,21.8223,22.1064,22.7742,22.438,1,1,1,0,1,1,0,1,1,1,1,1
11/11/2025 19:57,1.4381,1.1047,0.035,1.1263,1.2472,1.4381,1.1047,1.1263,1.8,23.873,2.0609,48.9,48.9,48.9,23.873,2.0609,,,,46.8391,21.8121,22.073,22.7683,22.4349,1,1,1,0,1,1,0,1,1,1,1,1
11/11/2025 20:02,1.4409,1.1053,0.0362,1.1225,1.2455,1.4409,1.1053,1.1225,1.75,23.8871,2.0627,49.0313,49.0313,49.0313,23.8871,2.0627,,,,46.9686,21.8244,22.1371,22.7818,22.4462,1,1,1,0,1,1,0,1,1,1,1,1
11/11/2025 20:07,1.4463,1.1044,0.0362,1.1325,1.2532,1.4463,1.1044,1.1325,1.75,23.8701,2.0627,49.0313,49.0313,49.0313,23.8701,2.0627,,,,46.9686,21.8074,22.1201,22.7657,22.4238,1,1,1,0,1,1,0,1,1,1,1,1
11/11/2025 20:12,1.4494,1.1053,0.035,1.14,1.2597,1.4494,1.1053,1.14,1.8,23.9041,2.0609,48.6688,48.6688,48.6688,23.9041,2.0609,,,,46.6079,21.8432,22.1041,22.7988,22.4547,1,1,1,0,1,1,0,1,1,1,1,1
11/11/2025 20:17,1.4397,1.1044,0.0375,1.1538,1.25925,1.4397,1.1044,1.1538,1.775,23.8814,2.0645,49.0688,49.0688,49.0688,23.8814,2.0645,,,,47.0043,21.8169,22.1064,22.777,22.4417,1,1,1,0,1,1,0,1,1,1,1,1
11/11/2025 20:22,1.4372,1.1044,0.0338,1.115,1.2423,1.4372,1.1044,1.115,1.8,23.8843,2.0645,48.975,48.975,48.975,23.8843,2.0645,,,,46.9105,21.8198,22.0843,22.7799,22.4471,1,1,1,0,1,1,0,1,1,1,1,1
11/11/2025 20:27,1.4425,1.105,0.035,1.1575,1.265,1.4425,1.105,1.1575,1.75,23.8786,2.0609,49.1375,49.1375,49.1375,23.8786,2.0609,,,,47.0766,21.8177,22.1286,22.7736,22.4361,1,1,1,0,1,1,0,1,1,1,1,1
11/11/2025 20:32,1.4372,1.1066,0.0362,1.1263,1.24555,1.4372,1.1066,1.1263,1.75,23.8701,2.0627,48.8313,48.8313,48.8313,23.8701,2.0627,,,,46.7686,21.8074,22.1201,22.7635,22.4329,1,1,1,0,1,1,0,1,1,1,1,1
11/11/2025 20:37,1.4391,1.1034,0.0362,1.185,1.27585,1.4391,1.1034,1.185,1.75,23.8617,2.0645,48.95,48.95,48.95,23.8617,2.0645,,,,46.8855,21.7972,22.1117,22.7583,22.4226,1,1,1,0,1,1,0,1,1,1,1,1
11/11/2025 20:42,1.4447,1.105,0.0362,1.1475,1.2599,1.4447,1.105,1.1475,1.775,23.856,2.0609,48.8,48.8,48.8,23.856,2.0609,,,,46.7391,21.7951,22.081,22.751,22.4113,1,1,1,0,1,1,0,1,1,1,1,1
11/11/2025 20:47,1.4434,1.105,0.035,1.1375,1.25545,1.4434,1.105,1.1375,1.775,23.8532,2.0663,48.8375,48.8375,48.8375,23.8532,2.0663,,,,46.7712,21.7869,22.0782,22.7482,22.4098,1,1,1,0,1,1,0,1,1,1,1,1
11/11/2025 20:52,1.4509,1.1075,0.0362,1.1313,1.2549,1.4509,1.1075,1.1313,1.775,23.8503,2.0573,48.9688,48.9688,48.9688,23.8503,2.0573,,,,46.9115,21.793,22.0753,22.7428,22.3994,1,1,1,0,1,1,0,1,1,1,1,1
11/11/2025 20:57,1.4491,1.1063,0.035,1.1613,1.2702,1.4491,1.1063,1.1613,1.775,23.8927,2.0645,49.0563,49.0563,49.0563,23.8927,2.0645,,,,46.9918,21.8282,22.1177,22.7864,22.4436,1,1,1,0,1,1,0,1,1,1,1,1
11/11/2025 21:02,1.4356,1.1053,0.035,1.1575,1.26155,1.4356,1.1053,1.1575,1.8,23.8701,2.07,49.1313,49.1313,49.1313,23.8701,2.07,,,,47.0613,21.8001,22.0701,22.7648,22.4345,1,1,1,0,1,1,0,1,1,1,1,1
11/11/2025 21:07,1.4412,1.1038,0.0338,1.115,1.2443,1.4412,1.1038,1.115,1.775,23.8984,2.0663,49.1063,49.1063,49.1063,23.8984,2.0663,,,,47.04,21.8321,22.1234,22.7946,22.4572,1,1,1,0,1,1,0,1,1,1,1,1
11/11/2025 21:12,1.4434,1.1041,0.035,1.1287,1.25105,1.4434,1.1041,1.1287,1.775,23.873,2.0627,49.025,49.025,49.025,23.873,2.0627,,,,46.9623,21.8103,22.098,22.7689,22.4296,1,1,1,0,1,1,0,1,1,1,1,1
11/11/2025 21:17,1.4422,1.1056,0.0313,1.175,1.2773,1.4422,1.1056,1.175,1.75,23.873,2.0682,49.0688,49.0688,49.0688,23.873,2.0682,,,,47.0006,21.8048,22.123,22.7674,22.4308,1,1,1,0,1,1,0,1,1,1,1,1
11/11/2025 21:22,1.4403,1.1019,0.0362,1.155,1.26145,1.4403,1.1019,1.155,1.75,23.8701,2.0627,48.8375,48.8375,48.8375,23.8701,2.0627,,,,46.7748,21.8074,22.1201,22.7682,22.4298,1,1,1,0,1,1,0,1,1,1,1,1
11/11/2025 21:27,1.4469,1.1063,0.0313,1.155,1.26965,1.4469,1.1063,1.155,1.775,23.8786,2.0573,48.9125,48.9125,48.9125,23.8786,2.0573,,,,46.8552,21.8213,22.1036,22.7723,22.4317,1,1,1,0,1,1,0,1,1,1,1,1
11/11/2025 21:32,1.4478,1.1041,0.0375,1.1713,1.27205,1.4478,1.1041,1.1713,1.775,23.8814,2.0573,48.9,48.9,48.9,23.8814,2.0573,,,,46.8427,21.8241,22.1064,22.7773,22.4336,1,1,1,0,1,1,0,1,1,1,1,1
11/11/2025 21:37,1.4441,1.1041,0.0362,1.1375,1.2546,1.4441,1.1041,1.1375,1.75,23.8588,2.0682,48.875,48.875,48.875,23.8588,2.0682,,,,46.8068,21.7906,22.1088,22.7547,22.4147,1,1,1,0,1,1,0,1,1,1,1,1
11/11/2025 21:42,1.4388,1.1041,0.0375,1.155,1.2594,1.4388,1.1041,1.155,1.75,23.8673,2.0627,48.8063,48.8063,48.8063,23.8673,2.0627,,,,46.7436,21.8046,22.1173,22.7632,22.4285,1,1,1,0,1,1,0,1,1,1,1,1
11/11/2025 21:47,1.4466,1.1053,0.0375,1.14,1.2558,1.4466,1.1053,1.14,1.75,23.8617,2.0682,49.0313,49.0313,49.0313,23.8617,2.0682,,,,46.9631,21.7935,22.1117,22.7564,22.4151,1,1,1,0,1,1,0,1,1,1,1,1
11/11/2025 21:52,1.4363,1.1044,0.035,1.17,1.26815,1.4363,1.1044,1.17,1.775,23.8758,2.0627,49.0375,49.0375,49.0375,23.8758,2.0627,,,,46.9748,21.8131,22.1008,22.7714,22.4395,1,1,1,0,1,1,0,1,1,1,1,1
11/11/2025 21:57,1.4478,1.1031,0.0375,1.145,1.2589,1.4478,1.1031,1.145,1.8,23.8588,2.0555,49.1313,49.1313,49.1313,23.8588,2.0555,,,,47.0758,21.8033,22.0588,22.7557,22.411,1,1,1,0,1,1,0,1,1,1,1,1
11/11/2025 22:02,1.4381,1.1034,0.0338,1.125,1.24775,1.4381,1.1034,1.125,1.775,23.8475,2.0591,49.0125,49.0125,49.0125,23.8475,2.0591,,,,46.9534,21.7884,22.0725,22.7441,22.4094,1,1,1,0,1,1,0,1,1,1,1,1
11/11/2025 22:07,1.4456,1.1028,0.0362,1.1275,1.25035,1.4456,1.1028,1.1275,1.8,23.8786,2.0609,49,49,49,23.8786,2.0609,,,,46.9391,21.8177,22.0786,22.7758,22.433,1,1,1,0,1,1,0,1,1,1,1,1
11/11/2025 22:12,1.4481,1.1031,0.035,1.1788,1.27845,1.4481,1.1031,1.1788,1.775,23.856,2.0591,48.8438,48.8438,48.8438,23.856,2.0591,,,,46.7847,21.7969,22.081,22.7529,22.4079,1,1,1,0,1,1,0,1,1,1,1,1
11/11/2025 22:17,1.4372,1.1034,0.0338,1.135,1.2523,1.4372,1.1034,1.135,1.75,23.8419,2.0591,48.875,48.875,48.875,23.8419,2.0591,,,,46.8159,21.7828,22.0919,22.7385,22.4047,1,1,1,0,1,1,0,1,1,1,1,1
11/11/2025 22:22,1.4516,1.1028,0.035,1.155,1.2683,1.4516,1.1028,1.155,1.725,23.8673,2.0591,48.8063,48.8063,48.8063,23.8673,2.0591,,,,46.7472,21.8082,22.1423,22.7645,22.4157,1,1,1,0,1,1,0,1,1,1,1,1
11/11/2025 22:27,1.4381,1.1025,0.0362,1.1663,1.266,1.4381,1.1025,1.1663,1.675,23.8532,2.0609,49.0063,49.0063,49.0063,23.8532,2.0609,,,,46.9454,21.7923,22.1782,22.7507,22.4151,1,1,1,0,1,1,0,1,1,1,1,1
11/11/2025 22:32,1.4391,1.1016,0.0362,1.1387,1.2527,1.4391,1.1016,1.1387,1.675,23.8475,2.0682,48.9375,48.9375,48.9375,23.8475,2.0682,,,,46.8693,21.7793,22.1725,22.7459,22.4084,1,1,1,0,1,1,0,1,1,1,1,1
11/11/2025 22:37,1.4441,1.1044,0.0375,1.1425,1.2558,1.4441,1.1044,1.1425,1.725,23.8503,2.0591,48.9875,48.9875,48.9875,23.8503,2.0591,,,,46.9284,21.7912,22.1253,22.7459,22.4062,1,1,1,0,1,1,0,1,1,1,1,1
11/11/2025 22:42,1.4391,1.1025,0.035,1.185,1.27705,1.4391,1.1025,1.185,1.675,23.8164,2.0627,48.8688,48.8688,48.8688,23.8164,2.0627,,,,46.8061,21.7537,22.1414,22.7139,22.3773,1,1,1,0,1,1,0,1,1,1,1,1
11/11/2025 22:47,1.4497,1.1025,0.0375,1.1525,1.2636,1.4497,1.1025,1.1525,1.725,23.8645,2.0591,48.9375,48.9375,48.9375,23.8645,2.0591,,,,46.8784,21.8054,22.1395,22.762,22.4148,1,1,1,0,1,1,0,1,1,1,1,1
11/11/2025 22:52,1.4434,1.1038,0.035,1.12,1.2467,1.4434,1.1038,1.12,1.675,23.8532,2.0627,49.0438,49.0438,49.0438,23.8532,2.0627,,,,46.9811,21.7905,22.1782,22.7494,22.4098,1,1,1,0,1,1,0,1,1,1,1,1
11/11/2025 22:57,1.4403,1.1022,0.0338,1.1387,1.2557,1.4403,1.1022,1.1387,1.675,23.8419,2.0591,49.0625,49.0625,49.0625,23.8419,2.0591,,,,47.0034,21.7828,22.1669,22.7397,22.4016,1,1,1,0,1,1,0,1,1,1,1,1
11/11/2025 23:02,1.4391,1.1016,0.035,1.1188,1.24395,1.4391,1.1016,1.1188,1.725,23.856,2.0627,48.525,48.525,48.525,23.856,2.0627,,,,46.4623,21.7933,22.131,22.7544,22.4169,1,1,1,0,1,1,0,1,1,1,1,1
11/11/2025 23:07,1.4475,1.1034,0.0362,1.1325,1.2538,1.4475,1.1034,1.1325,1.65,23.8758,2.0627,48.8875,48.8875,48.8875,23.8758,2.0627,,,,46.8248,21.8131,22.2258,22.7724,22.4283,1,1,1,0,1,1,0,1,1,1,1,1
11/11/2025 23:12,1.4412,1.1022,0.0362,1.1487,1.25875,1.4412,1.1022,1.1487,1.725,23.856,2.0663,49.2813,49.2813,49.2813,23.856,2.0663,,,,47.215,21.7897,22.131,22.7538,22.4148,1,1,1,0,1,1,0,1,1,1,1,1
11/11/2025 23:17,1.4484,1.1038,0.035,1.1525,1.26545,1.4484,1.1038,1.1525,1.675,23.8786,2.0555,49.1438,49.1438,49.1438,23.8786,2.0555,,,,47.0883,21.8231,22.2036,22.7748,22.4302,1,1,1,0,1,1,0,1,1,1,1,1
11/11/2025 23:22,1.4444,1.1034,0.0313,1.1575,1.26965,1.4444,1.1034,1.1575,1.725,23.8617,2.0573,49.0563,49.0563,49.0563,23.8617,2.0573,,,,46.999,21.8044,22.1367,22.7583,22.4173,1,1,1,0,1,1,0,1,1,1,1,1
11/11/2025 23:27,1.4491,1.1028,0.0375,1.1275,1.2508,1.4491,1.1028,1.1275,1.675,23.8588,2.0609,48.8938,48.8938,48.8938,23.8588,2.0609,,,,46.8329,21.7979,22.1838,22.756,22.4097,1,1,1,0,1,1,0,1,1,1,1,1
11/11/2025 23:32,1.4503,1.1019,0.0362,1.1275,1.2527,1.4503,1.1019,1.1275,1.675,23.8814,2.0609,49.1,49.1,49.1,23.8814,2.0609,,,,47.0391,21.8205,22.2064,22.7795,22.4311,1,1,1,0,1,1,0,1,1,1,1,1
11/11/2025 23:37,1.4494,1.1028,0.0362,1.1538,1.2654,1.4494,1.1028,1.1538,1.65,23.873,2.0609,49.05,49.05,49.05,23.873,2.0609,,,,46.9891,21.8121,22.223,22.7702,22.4236,1,1,1,0,1,1,0,1,1,1,1,1
11/11/2025 23:42,1.4397,1.1038,0.0338,1.1275,1.2498,1.4397,1.1038,1.1275,1.725,23.8588,2.0627,49.0188,49.0188,49.0188,23.8588,2.0627,,,,46.9561,21.7961,22.1338,22.755,22.4191,1,1,1,0,1,1,0,1,1,1,1,1
11/11/2025 23:47,1.44,1.1028,0.0338,1.1125,1.24245,1.44,1.1028,1.1125,1.725,23.8701,2.0627,48.9938,48.9938,48.9938,23.8701,2.0627,,,,46.9311,21.8074,22.1451,22.7673,22.4301,1,1,1,0,1,1,0,1,1,1,1,1
11/11/2025 23:52,1.4497,1.1038,0.0338,1.1113,1.2467,1.4497,1.1038,1.1113,1.725,23.856,2.0537,49.0625,49.0625,49.0625,23.856,2.0537,,,,47.0088,21.8023,22.131,22.7522,22.4063,1,1,1,0,1,1,0,1,1,1,1,1
11/11/2025 23:57,1.4531,1.1009,0.04,1.1387,1.2559,1.4531,1.1009,1.1387,1.725,23.8532,2.0591,49.125,49.125,49.125,23.8532,2.0591,,,,47.0659,21.7941,22.1282,22.7523,22.4001,1,1,1,0,1,1,0,1,1,1,1,1
11/12/2025 0:02,1.4556,1.1025,0.0375,1.16,1.2703,1.4556,1.1025,1.16,1.65,23.8673,2.0645,49.15,49.15,49.15,23.8673,2.0645,,,,47.0855,21.8028,22.2173,22.7648,22.4117,1,1,1,0,1,1,0,1,1,1,1,1
11/12/2025 0:07,1.4481,1.1016,0.0362,1.175,1.27535,1.4481,1.1016,1.175,1.675,23.8843,2.0645,49.0438,49.0438,49.0438,23.8843,2.0645,,,,46.9793,21.8198,22.2093,22.7827,22.4362,1,1,1,0,1,1,0,1,1,1,1,1
11/12/2025 0:12,1.4463,1.1003,0.035,1.1463,1.2613,1.4463,1.1003,1.1463,1.675,23.8419,2.0609,49.1813,49.1813,49.1813,23.8419,2.0609,,,,47.1204,21.781,22.1669,22.7416,22.3956,1,1,1,0,1,1,0,1,1,1,1,1
11/12/2025 0:17,1.4472,1.1013,0.035,1.1088,1.243,1.4472,1.1013,1.1088,1.675,23.8673,2.0555,48.925,48.925,48.925,23.8673,2.0555,,,,46.8695,21.8118,22.1923,22.766,22.4201,1,1,1,0,1,1,0,1,1,1,1,1
11/12/2025 0:22,1.4478,1.1013,0.0338,1.1375,1.25885,1.4478,1.1013,1.1375,1.65,23.8871,2.0591,49.1313,49.1313,49.1313,23.8871,2.0591,,,,47.0722,21.828,22.2371,22.7858,22.4393,1,1,1,0,1,1,0,1,1,1,1,1
11/12/2025 0:27,1.4447,1.1013,0.0375,1.1725,1.2711,1.4447,1.1013,1.1725,1.6,23.8645,2.0555,48.8625,48.8625,48.8625,23.8645,2.0555,,,,46.807,21.809,22.2645,22.7632,22.4198,1,1,1,0,1,1,0,1,1,1,1,1
11/12/2025 0:32,1.4459,1.1006,0.035,1.1788,1.27735,1.4459,1.1006,1.1788,1.65,23.9012,2.0573,49.025,49.025,49.025,23.9012,2.0573,,,,46.9677,21.8439,22.2512,22.8006,22.4553,1,1,1,0,1,1,0,1,1,1,1,1
11/12/2025 0:37,1.4438,1.1025,0.0375,1.1113,1.24005,1.4438,1.1025,1.1113,1.675,23.8503,2.0591,48.9063,48.9063,48.9063,23.8503,2.0591,,,,46.8472,21.7912,22.1753,22.7478,22.4065,1,1,1,0,1,1,0,1,1,1,1,1
11/12/2025 0:42,1.4447,1.1013,0.035,1.135,1.25485,1.4447,1.1013,1.135,1.65,23.8447,2.0591,48.9188,48.9188,48.9188,23.8447,2.0591,,,,46.8597,21.7856,22.1947,22.7434,22.4,1,1,1,0,1,1,0,1,1,1,1,1
11/12/2025 0:47,1.4419,1.1013,0.035,1.105,1.23845,1.4419,1.1013,1.105,1.6,23.8758,2.0573,48.7813,48.7813,48.7813,23.8758,2.0573,,,,46.724,21.8185,22.2758,22.7745,22.4339,1,1,1,0,1,1,0,1,1,1,1,1
11/12/2025 0:52,1.4425,1.1022,0.0362,1.165,1.26755,1.4425,1.1022,1.165,1.675,23.856,2.0555,48.6938,48.6938,48.6938,23.856,2.0555,,,,46.6383,21.8005,22.181,22.7538,22.4135,1,1,1,0,1,1,0,1,1,1,1,1
11/12/2025 0:57,1.4472,1.0988,0.0338,1.125,1.2523,1.4472,1.0988,1.125,1.65,23.856,2.0627,49.1563,49.1563,49.1563,23.856,2.0627,,,,47.0936,21.7933,22.206,22.7572,22.4088,1,1,1,0,1,1,0,1,1,1,1,1
11/12/2025 1:02,1.4534,1.1013,0.0362,1.1538,1.2674,1.4534,1.1013,1.1538,1.6,23.8843,2.0609,49.2125,49.2125,49.2125,23.8843,2.0609,,,,47.1516,21.8234,22.2843,22.783,22.4309,1,1,1,0,1,1,0,1,1,1,1,1
11/12/2025 1:07,1.4556,1.0991,0.0413,1.16,1.2665,1.4556,1.0991,1.16,1.625,23.873,2.0627,49.0938,49.0938,49.0938,23.873,2.0627,,,,47.0311,21.8103,22.248,22.7739,22.4174,1,1,1,0,1,1,0,1,1,1,1,1
11/12/2025 1:12,1.4409,1.1022,0.0362,1.1663,1.2674,1.4409,1.1022,1.1663,1.6,23.8447,2.0609,49.0063,49.0063,49.0063,23.8447,2.0609,,,,46.9454,21.7838,22.2447,22.7425,22.4038,1,1,1,0,1,1,0,1,1,1,1,1
11/12/2025 1:17,1.4438,1.1022,0.0375,1.1138,1.2413,1.4438,1.1022,1.1138,1.6,23.8927,2.0591,49.125,49.125,49.125,23.8927,2.0591,,,,47.0659,21.8336,22.2927,22.7905,22.4489,1,1,1,0,1,1,0,1,1,1,1,1
11/12/2025 1:22,1.4534,1.1003,0.0425,1.1313,1.24985,1.4534,1.1003,1.1313,1.625,23.8475,2.0609,49.1125,49.1125,49.1125,23.8475,2.0609,,,,47.0516,21.7866,22.2225,22.7472,22.3941,1,1,1,0,1,1,0,1,1,1,1,1
11/12/2025 1:27,1.4463,1.1025,0.0362,1.1487,1.2613,1.4463,1.1025,1.1487,1.6,23.873,2.0591,48.775,48.775,48.775,23.873,2.0591,,,,46.7159,21.8139,22.273,22.7705,22.4267,1,1,1,0,1,1,0,1,1,1,1,1
11/12/2025 1:32,1.4478,1.1013,0.04,1.1675,1.26765,1.4478,1.1013,1.1675,1.6,23.8645,2.0591,48.8375,48.8375,48.8375,23.8645,2.0591,,,,46.7784,21.8054,22.2645,22.7632,22.4167,1,1,1,0,1,1,0,1,1,1,1,1
11/12/2025 1:37,1.4506,1.0991,0.0362,1.1413,1.25975,1.4506,1.0991,1.1413,1.575,23.8843,2.0555,48.8375,48.8375,48.8375,23.8843,2.0555,,,,46.782,21.8288,22.3093,22.7852,22.4337,1,1,1,0,1,1,0,1,1,1,1,1
11/12/2025 1:42,1.4438,1.1028,0.04,1.155,1.2594,1.4438,1.1028,1.155,1.6,23.856,2.0519,49.1188,49.1188,49.1188,23.856,2.0519,,,,47.0669,21.8041,22.256,22.7532,22.4122,1,1,1,0,1,1,0,1,1,1,1,1
11/12/2025 1:47,1.4509,1.1016,0.0338,1.1113,1.2473,1.4509,1.1016,1.1113,1.625,23.8617,2.0555,49.0063,49.0063,49.0063,23.8617,2.0555,,,,46.9508,21.8062,22.2367,22.7601,22.4108,1,1,1,0,1,1,0,1,1,1,1,1
11/12/2025 1:52,1.4431,1.1,0.0413,1.1675,1.264,1.4431,1.1,1.1675,1.625,23.8843,2.0537,48.8563,48.8563,48.8563,23.8843,2.0537,,,,46.8026,21.8306,22.2593,22.7843,22.4412,1,1,1,0,1,1,0,1,1,1,1,1
11/12/2025 1:57,1.4509,1.0991,0.0362,1.1538,1.26615,1.4509,1.0991,1.1538,1.625,23.8588,2.0609,49.0125,49.0125,49.0125,23.8588,2.0609,,,,46.9516,21.7979,22.2338,22.7597,22.4079,1,1,1,0,1,1,0,1,1,1,1,1
11/12/2025 2:02,1.4466,1.0997,0.0362,1.115,1.2446,1.4466,1.0997,1.115,1.625,23.9012,2.0591,49.0688,49.0688,49.0688,23.9012,2.0591,,,,47.0097,21.8421,22.2762,22.8015,22.4546,1,1,1,0,1,1,0,1,1,1,1,1
11/12/2025 2:07,1.4497,1.0997,0.035,1.1663,1.273,1.4497,1.0997,1.1663,1.65,23.8532,2.0609,49.2625,49.2625,49.2625,23.8532,2.0609,,,,47.2016,21.7923,22.2032,22.7535,22.4035,1,1,1,0,1,1,0,1,1,1,1,1
11/12/2025 2:12,0.0478,1.0966,0.0213,0.0663,0.03575,0.0478,1.0966,0.0663,1.675,0,-0.0054,-0.0313,-0.0313,-0.0313,0,0.0054,,,,-0.0367,-0.0054,-1.675,-1.0966,-0.0478,1,1,1,0,1,1,0,1,1,1,1,1
11/12/2025 2:17,0.0078,1.0969,0,0,0.0039,0.0078,1.0969,0,1.625,0,-0.0036,0.2625,0.2625,0.2625,0,0.0036,,,,0.2589,-0.0036,-1.625,-1.0969,-0.0078,1,1,1,0,1,1,0,1,1,1,1,1
11/12/2025 9:40,1.365,1.1463,0.0425,1.0813,1.18065,1.365,1.1463,1.0813,1.65,23.0419,2.648,46.9,46.9,46.9,23.0419,2.648,,,,44.252,20.3939,21.3919,21.8956,21.6769,1,1,1,0,1,1,0,1,1,1,1,1
11/12/2025 9:45,1.4259,1.1609,0,1.135,1.28045,1.4259,1.1609,1.135,1.675,23.8673,2.191,48.6313,48.6313,48.6313,23.8673,2.191,,,,46.4403,21.6763,22.1923,22.7064,22.4414,1,1,1,0,1,1,0,1,1,1,1,1
11/12/2025 9:50,1.4303,1.1197,0,1.12,1.27515,1.4303,1.1197,1.12,1.65,23.8673,2.1115,48.8063,48.8063,48.8063,23.8673,2.1115,,,,46.6948,21.7558,22.2173,22.7476,22.437,1,1,1,0,1,1,0,1,1,1,1,1
11/12/2025 9:55,1.44,1.1025,0,1.125,1.2825,1.44,1.1025,1.125,1.65,23.856,2.088,48.8313,48.8313,48.8313,23.856,2.088,,,,46.7433,21.768,22.206,22.7535,22.416,1,1,1,0,1,1,0,1,1,1,1,1
11/12/2025 10:00,1.4447,1.1006,0,1.1513,1.298,1.4447,1.1006,1.1513,1.675,23.8814,2.0718,49.1188,49.1188,49.1188,23.8814,2.0718,,,,47.047,21.8096,22.2064,22.7808,22.4367,1,1,1,0,1,1,0,1,1,1,1,1
11/12/2025 10:05,1.4459,1.0934,0,1.1113,1.2786,1.4459,1.0934,1.1113,1.725,23.8673,2.0663,48.9438,48.9438,48.9438,23.8673,2.0663,,,,46.8775,21.801,22.1423,22.7739,22.4214,1,1,1,0,1,1,0,1,1,1,1,1
11/12/2025 10:10,1.4416,1.0931,0,1.16,1.3008,1.4416,1.0931,1.16,1.6,23.839,2.0555,48.975,48.975,48.975,23.839,2.0555,,,,46.9195,21.7835,22.239,22.7459,22.3974,1,1,1,0,1,1,0,1,1,1,1,1
11/12/2025 10:15,1.4409,1.0919,0,1.135,1.28795,1.4409,1.0919,1.135,1.6,23.8503,2.0555,49.1375,49.1375,49.1375,23.8503,2.0555,,,,47.082,21.7948,22.2503,22.7584,22.4094,1,1,1,0,1,1,0,1,1,1,1,1
11/12/2025 10:20,1.44,1.0928,0,1.1725,1.30625,1.44,1.0928,1.1725,1.6,23.8843,2.0447,48.8875,48.8875,48.8875,23.8843,2.0447,,,,46.8428,21.8396,22.2843,22.7915,22.4443,1,1,1,0,1,1,0,1,1,1,1,1
11/12/2025 10:25,1.4456,1.0909,0,1.1713,1.30845,1.4456,1.0909,1.1713,1.725,23.8758,2.0501,48.8938,48.8938,48.8938,23.8758,2.0501,,,,46.8437,21.8257,22.1508,22.7849,22.4302,1,1,1,0,1,1,0,1,1,1,1,1
11/12/2025 10:30,1.4425,1.0916,0,1.115,1.27875,1.4425,1.0916,1.115,1.675,23.8673,2.0483,48.8688,48.8688,48.8688,23.8673,2.0483,,,,46.8205,21.819,22.1923,22.7757,22.4248,1,1,1,0,1,1,0,1,1,1,1,1
11/12/2025 10:35,1.44,1.0931,0,1.1487,1.29435,1.44,1.0931,1.1487,1.725,23.8334,2.0483,48.7188,48.7188,48.7188,23.8334,2.0483,,,,46.6705,21.7851,22.1084,22.7403,22.3934,1,1,1,0,1,1,0,1,1,1,1,1
11/12/2025 10:40,1.4391,1.095,0,1.115,1.27705,1.4391,1.095,1.115,1.675,23.8503,2.0411,49.05,49.05,49.05,23.8503,2.0411,,,,47.0089,21.8092,22.1753,22.7553,22.4112,1,1,1,0,1,1,0,1,1,1,1,1
11/12/2025 10:45,1.4388,1.0928,0,1.165,1.3019,1.4388,1.0928,1.165,1.725,23.8362,2.0393,48.9063,48.9063,48.9063,23.8362,2.0393,,,,46.867,21.7969,22.1112,22.7434,22.3974,1,1,1,0,1,1,0,1,1,1,1,1
11/12/2025 10:50,1.4431,1.0922,0,1.1463,1.2947,1.4431,1.0922,1.1463,1.75,23.8814,2.0411,49.0813,49.0813,49.0813,23.8814,2.0411,,,,47.0402,21.8403,22.1314,22.7892,22.4383,1,1,1,0,1,1,0,1,1,1,1,1
11/12/2025 10:55,1.4447,1.0909,0,1.1088,1.27675,1.4447,1.0909,1.1088,1.65,23.8617,2.0429,49.0938,49.0938,49.0938,23.8617,2.0429,,,,47.0509,21.8188,22.2117,22.7708,22.417,1,1,1,0,1,1,0,1,1,1,1,1
11/12/2025 11:00,1.4472,1.0947,0,1.1513,1.29925,1.4472,1.0947,1.1513,1.725,23.8701,2.0429,49.2063,49.2063,49.2063,23.8701,2.0429,,,,47.1634,21.8272,22.1451,22.7754,22.4229,1,1,1,0,1,1,0,1,1,1,1,1
11/12/2025 11:05,1.4434,1.0938,0,1.1188,1.2811,1.4434,1.0938,1.1188,1.725,23.8447,2.0447,48.975,48.975,48.975,23.8447,2.0447,,,,46.9303,21.8,22.1197,22.7509,22.4013,1,1,1,0,1,1,0,1,1,1,1,1
11/12/2025 11:10,1.4391,1.0913,0,1.1663,1.3027,1.4391,1.0913,1.1663,1.675,23.8758,2.0338,48.925,48.925,48.925,23.8758,2.0338,,,,46.8912,21.842,22.2008,22.7845,22.4367,1,1,1,0,1,1,0,1,1,1,1,1
11/12/2025 11:15,1.4438,1.0925,0,1.1613,1.30255,1.4438,1.0925,1.1613,1.675,23.873,2.0411,48.9813,48.9813,48.9813,23.873,2.0411,,,,46.9402,21.8319,22.198,22.7805,22.4292,1,1,1,0,1,1,0,1,1,1,1,1
11/12/2025 11:20,1.4416,1.0941,0,1.1225,1.28205,1.4416,1.0941,1.1225,1.725,23.8532,2.0411,48.875,48.875,48.875,23.8532,2.0411,,,,46.8339,21.8121,22.1282,22.7591,22.4116,1,1,1,0,1,1,0,1,1,1,1,1
11/12/2025 11:25,1.4325,1.095,0,1.14,1.28625,1.4325,1.095,1.14,1.75,23.856,2.0356,48.8563,48.8563,48.8563,23.856,2.0356,,,,46.8207,21.8204,22.106,22.761,22.4235,1,1,1,0,1,1,0,1,1,1,1,1
11/12/2025 11:30,1.4403,1.0931,0,1.1287,1.2845,1.4403,1.0931,1.1287,1.725,23.8277,2.0284,48.4938,48.4938,48.4938,23.8277,2.0284,,,,46.4654,21.7993,22.1027,22.7346,22.3874,1,1,1,0,1,1,0,1,1,1,1,1
11/12/2025 11:35,1.4328,1.0938,0,1.1487,1.29075,1.4328,1.0938,1.1487,1.675,23.8645,2.0338,48.8188,48.8188,48.8188,23.8645,2.0338,,,,46.785,21.8307,22.1895,22.7707,22.4317,1,1,1,0,1,1,0,1,1,1,1,1
11/12/2025 11:40,1.4397,1.0916,0,1.1587,1.2992,1.4397,1.0916,1.1587,1.75,23.856,2.0393,48.9625,48.9625,48.9625,23.856,2.0393,,,,46.9232,21.8167,22.106,22.7644,22.4163,1,1,1,0,1,1,0,1,1,1,1,1
11/12/2025 11:45,1.4412,1.0947,0,1.1475,1.29435,1.4412,1.0947,1.1475,1.675,23.8758,2.0356,48.7625,48.7625,48.7625,23.8758,2.0356,,,,46.7269,21.8402,22.2008,22.7811,22.4346,1,1,1,0,1,1,0,1,1,1,1,1
11/12/2025 11:50,1.4388,1.0981,0,1.0938,1.2663,1.4388,1.0981,1.0938,1.725,23.9041,2.0411,48.9875,48.9875,48.9875,23.9041,2.0411,,,,46.9464,21.863,22.1791,22.806,22.4653,1,1,1,0,1,1,0,1,1,1,1,1
11/12/2025 11:55,1.4378,1.095,0,1.1463,1.29205,1.4378,1.095,1.1463,1.675,23.8617,2.0447,48.875,48.875,48.875,23.8617,2.0447,,,,46.8303,21.817,22.1867,22.7667,22.4239,1,1,1,0,1,1,0,1,1,1,1,1
11/12/2025 12:00,1.4366,1.0941,0,1.1538,1.2952,1.4366,1.0941,1.1538,1.725,23.8786,2.0411,48.9375,48.9375,48.9375,23.8786,2.0411,,,,46.8964,21.8375,22.1536,22.7845,22.442,1,1,1,0,1,1,0,1,1,1,1,1
11/12/2025 12:05,1.44,1.0931,0,1.1263,1.28315,1.44,1.0931,1.1263,1.65,23.873,2.0393,48.85,48.85,48.85,23.873,2.0393,,,,46.8107,21.8337,22.223,22.7799,22.433,1,1,1,0,1,1,0,1,1,1,1,1
11/12/2025 12:10,1.4459,1.0922,0,1.1225,1.2842,1.4459,1.0922,1.1225,1.625,23.8645,2.0429,48.7938,48.7938,48.7938,23.8645,2.0429,,,,46.7509,21.8216,22.2395,22.7723,22.4186,1,1,1,0,1,1,0,1,1,1,1,1
11/12/2025 12:15,1.4434,1.0941,0,1.1475,1.29545,1.4434,1.0941,1.1475,1.625,23.8701,2.0501,48.9625,48.9625,48.9625,23.8701,2.0501,,,,46.9124,21.82,22.2451,22.776,22.4267,1,1,1,0,1,1,0,1,1,1,1,1
11/12/2025 12:20,1.4416,1.0925,0,1.1487,1.29515,1.4416,1.0925,1.1487,1.6,23.856,2.0411,48.6688,48.6688,48.6688,23.856,2.0411,,,,46.6277,21.8149,22.256,22.7635,22.4144,1,1,1,0,1,1,0,1,1,1,1,1
11/12/2025 12:25,1.4438,1.0941,0,1.1163,1.28005,1.4438,1.0941,1.1163,1.625,23.8984,2.0483,49.1,49.1,49.1,23.8984,2.0483,,,,47.0517,21.8501,22.2734,22.8043,22.4546,1,1,1,0,1,1,0,1,1,1,1,1
11/12/2025 12:30,1.4466,1.095,0,1.1525,1.29955,1.4466,1.095,1.1525,1.65,23.8503,2.0447,49.1813,49.1813,49.1813,23.8503,2.0447,,,,47.1366,21.8056,22.2003,22.7553,22.4037,1,1,1,0,1,1,0,1,1,1,1,1
11/12/2025 12:35,1.4366,1.0941,0,1.1425,1.28955,1.4366,1.0941,1.1425,1.65,23.8673,2.0393,49.0938,49.0938,49.0938,23.8673,2.0393,,,,47.0545,21.828,22.2173,22.7732,22.4307,1,1,1,0,1,1,0,1,1,1,1,1
11/12/2025 12:40,1.4303,1.0909,0,1.1475,1.2889,1.4303,1.0909,1.1475,1.675,23.8645,2.0429,48.9,48.9,48.9,23.8645,2.0429,,,,46.8571,21.8216,22.1895,22.7736,22.4342,1,1,1,0,1,1,0,1,1,1,1,1
11/12/2025 12:45,1.4341,1.0931,0,1.145,1.28955,1.4341,1.0931,1.145,1.675,23.8701,2.0447,48.9625,48.9625,48.9625,23.8701,2.0447,,,,46.9178,21.8254,22.1951,22.777,22.436,1,1,1,0,1,1,0,1,1,1,1,1
11/12/2025 12:50,1.4416,1.0919,0,1.1487,1.29515,1.4416,1.0919,1.1487,1.675,23.8899,2.0465,49.1688,49.1688,49.1688,23.8899,2.0465,,,,47.1223,21.8434,22.2149,22.798,22.4483,1,1,1,0,1,1,0,1,1,1,1,1
11/12/2025 12:55,1.4425,1.0944,0,1.1513,1.2969,1.4425,1.0944,1.1513,1.725,23.8475,2.0447,48.9563,48.9563,48.9563,23.8475,2.0447,,,,46.9116,21.8028,22.1225,22.7531,22.405,1,1,1,0,1,1,0,1,1,1,1,1
11/12/2025 13:00,1.4366,1.0922,0,1.1163,1.27645,1.4366,1.0922,1.1163,1.675,23.873,2.0429,48.9,48.9,48.9,23.873,2.0429,,,,46.8571,21.8301,22.198,22.7808,22.4364,1,1,1,0,1,1,0,1,1,1,1,1
11/12/2025 13:05,1.4381,1.0919,0,1.1738,1.30595,1.4381,1.0919,1.1738,1.725,23.856,2.0465,48.7625,48.7625,48.7625,23.856,2.0465,,,,46.716,21.8095,22.131,22.7641,22.4179,1,1,1,0,1,1,0,1,1,1,1,1
11/12/2025 13:10,1.4359,1.0956,0,1.1663,1.3011,1.4359,1.0956,1.1663,1.725,23.8306,2.0519,48.9375,48.9375,48.9375,23.8306,2.0519,,,,46.8856,21.7787,22.1056,22.735,22.3947,1,1,1,0,1,1,0,1,1,1,1,1
11/12/2025 13:15,1.4341,1.0925,0,1.1138,1.27395,1.4341,1.0925,1.1138,1.675,23.8475,2.0447,49.075,49.075,49.075,23.8475,2.0447,,,,47.0303,21.8028,22.1725,22.755,22.4134,1,1,1,0,1,1,0,1,1,1,1,1
11/12/2025 13:20,1.44,1.0919,0,1.155,1.2975,1.44,1.0919,1.155,1.675,23.873,2.0374,48.9938,48.9938,48.9938,23.873,2.0374,,,,46.9564,21.8356,22.198,22.7811,22.433,1,1,1,0,1,1,0,1,1,1,1,1
11/12/2025 13:25,1.4347,1.0947,0,1.145,1.28985,1.4347,1.0947,1.145,1.75,23.8701,2.0393,48.9875,48.9875,48.9875,23.8701,2.0393,,,,46.9482,21.8308,22.1201,22.7754,22.4354,1,1,1,0,1,1,0,1,1,1,1,1
11/12/2025 13:30,1.4397,1.0947,0,1.1163,1.278,1.4397,1.0947,1.1163,1.75,23.8532,2.0537,48.7438,48.7438,48.7438,23.8532,2.0537,,,,46.6901,21.7995,22.1032,22.7585,22.4135,1,1,1,0,1,1,0,1,1,1,1,1
11/12/2025 13:35,1.4431,1.095,0,1.1287,1.2859,1.4431,1.095,1.1287,1.675,23.8927,2.0429,48.7875,48.7875,48.7875,23.8927,2.0429,,,,46.7446,21.8498,22.2177,22.7977,22.4496,1,1,1,0,1,1,0,1,1,1,1,1
11/12/2025 13:40,1.4412,1.0934,0,1.145,1.2931,1.4412,1.0934,1.145,1.675,23.873,2.0555,48.7125,48.7125,48.7125,23.873,2.0555,,,,46.657,21.8175,22.198,22.7796,22.4318,1,1,1,0,1,1,0,1,1,1,1,1
11/12/2025 13:45,1.4438,1.0944,0,1.1513,1.29755,1.4438,1.0944,1.1513,1.725,23.8899,2.0501,48.875,48.875,48.875,23.8899,2.0501,,,,46.8249,21.8398,22.1649,22.7955,22.4461,1,1,1,0,1,1,0,1,1,1,1,1
11/12/2025 13:50,1.4363,1.0938,0,1.1425,1.2894,1.4363,1.0938,1.1425,1.725,23.8503,2.0519,48.975,48.975,48.975,23.8503,2.0519,,,,46.9231,21.7984,22.1253,22.7565,22.414,1,1,1,0,1,1,0,1,1,1,1,1
11/12/2025 13:55,1.4359,1.0931,0,1.1475,1.2917,1.4359,1.0931,1.1475,1.675,23.8786,2.0483,48.9813,48.9813,48.9813,23.8786,2.0483,,,,46.933,21.8303,22.2036,22.7855,22.4427,1,1,1,0,1,1,0,1,1,1,1,1
11/12/2025 14:00,1.4359,1.0941,0,1.145,1.29045,1.4359,1.0941,1.145,1.725,23.8984,2.0537,48.8188,48.8188,48.8188,23.8984,2.0537,,,,46.7651,21.8447,22.1734,22.8043,22.4625,1,1,1,0,1,1,0,1,1,1,1,1
11/12/2025 14:05,1.4338,1.0925,0,1.1587,1.29625,1.4338,1.0925,1.1587,1.75,23.8645,2.0483,48.7,48.7,48.7,23.8645,2.0483,,,,46.6517,21.8162,22.1145,22.772,22.4307,1,1,1,0,1,1,0,1,1,1,1,1
11/12/2025 14:10,1.4341,1.0944,0,1.1,1.26705,1.4341,1.0944,1.1,1.675,23.8588,2.0465,48.8438,48.8438,48.8438,23.8588,2.0465,,,,46.7973,21.8123,22.1838,22.7644,22.4247,1,1,1,0,1,1,0,1,1,1,1,1
11/12/2025 14:15,1.4406,1.0984,0,1.1538,1.2972,1.4406,1.0984,1.1538,1.75,23.8786,2.0555,48.7,48.7,48.7,23.8786,2.0555,,,,46.6445,21.8231,22.1286,22.7802,22.438,1,1,1,0,1,1,0,1,1,1,1,1
11/12/2025 14:20,1.4391,1.095,0,1.1313,1.2852,1.4391,1.095,1.1313,1.75,23.8956,2.0519,48.9063,48.9063,48.9063,23.8956,2.0519,,,,46.8544,21.8437,22.1456,22.8006,22.4565,1,1,1,0,1,1,0,1,1,1,1,1
11/12/2025 14:25,1.4359,1.0944,0,1.125,1.28045,1.4359,1.0944,1.125,1.725,23.856,2.0537,48.85,48.85,48.85,23.856,2.0537,,,,46.7963,21.8023,22.131,22.7616,22.4201,1,1,1,0,1,1,0,1,1,1,1,1
11/12/2025 14:30,1.4359,1.0931,0,1.14,1.28795,1.4359,1.0931,1.14,1.675,23.8588,2.0573,48.7688,48.7688,48.7688,23.8588,2.0573,,,,46.7115,21.8015,22.1838,22.7657,22.4229,1,1,1,0,1,1,0,1,1,1,1,1
11/12/2025 14:35,1.4378,1.0928,0,1.1188,1.2783,1.4378,1.0928,1.1188,1.675,23.8871,2.0555,48.8438,48.8438,48.8438,23.8871,2.0555,,,,46.7883,21.8316,22.2121,22.7943,22.4493,1,1,1,0,1,1,0,1,1,1,1,1
11/12/2025 14:40,1.4369,1.0941,0,1.1375,1.2872,1.4369,1.0941,1.1375,1.725,23.873,2.0501,48.6438,48.6438,48.6438,23.873,2.0501,,,,46.5937,21.8229,22.148,22.7789,22.4361,1,1,1,0,1,1,0,1,1,1,1,1
11/12/2025 14:45,1.435,1.0959,0,1.1387,1.28685,1.435,1.0959,1.1387,1.675,23.8673,2.0609,48.9688,48.9688,48.9688,23.8673,2.0609,,,,46.9079,21.8064,22.1923,22.7714,22.4323,1,1,1,0,1,1,0,1,1,1,1,1
11/12/2025 14:50,1.4441,1.0972,0,1.1113,1.2777,1.4441,1.0972,1.1113,1.75,23.8701,2.0537,48.8063,48.8063,48.8063,23.8701,2.0537,,,,46.7526,21.8164,22.1201,22.7729,22.426,1,1,1,0,1,1,0,1,1,1,1,1
11/12/2025 14:55,1.4356,1.0959,0,1.1163,1.27595,1.4356,1.0959,1.1163,1.725,23.8843,2.0573,48.8438,48.8438,48.8438,23.8843,2.0573,,,,46.7865,21.827,22.1593,22.7884,22.4487,1,1,1,0,1,1,0,1,1,1,1,1
11/12/2025 15:00,1.4438,1.0956,0,1.1425,1.29315,1.4438,1.0956,1.1425,1.725,23.8814,2.0501,48.8875,48.8875,48.8875,23.8814,2.0501,,,,46.8374,21.8313,22.1564,22.7858,22.4376,1,1,1,0,1,1,0,1,1,1,1,1
11/12/2025 15:05,1.4453,1.0925,0,1.12,1.28265,1.4453,1.0925,1.12,1.725,23.856,2.0591,48.975,48.975,48.975,23.856,2.0591,,,,46.9159,21.7969,22.131,22.7635,22.4107,1,1,1,0,1,1,0,1,1,1,1,1
11/12/2025 15:10,1.4359,1.0969,0,1.1475,1.2917,1.4359,1.0969,1.1475,1.675,23.873,2.0573,48.9313,48.9313,48.9313,23.873,2.0573,,,,46.874,21.8157,22.198,22.7761,22.4371,1,1,1,0,1,1,0,1,1,1,1,1
11/12/2025 15:15,1.4297,1.0956,0,1.1425,1.2861,1.4297,1.0956,1.1425,1.675,23.8701,2.0573,48.5875,48.5875,48.5875,23.8701,2.0573,,,,46.5302,21.8128,22.1951,22.7745,22.4404,1,1,1,0,1,1,0,1,1,1,1,1
11/12/2025 15:20,1.4412,1.0956,0,1.1463,1.29375,1.4412,1.0956,1.1463,1.675,23.9012,2.0465,48.7688,48.7688,48.7688,23.9012,2.0465,,,,46.7223,21.8547,22.2262,22.8056,22.46,1,1,1,0,1,1,0,1,1,1,1,1
11/12/2025 15:25,1.4366,1.095,0,1.155,1.2958,1.4366,1.095,1.155,1.725,23.8786,2.0573,48.7125,48.7125,48.7125,23.8786,2.0573,,,,46.6552,21.8213,22.1536,22.7836,22.442,1,1,1,0,1,1,0,1,1,1,1,1
11/12/2025 15:30,1.44,1.0966,0,1.1638,1.3019,1.44,1.0966,1.1638,1.725,23.8447,2.0537,48.8,48.8,48.8,23.8447,2.0537,,,,46.7463,21.791,22.1197,22.7481,22.4047,1,1,1,0,1,1,0,1,1,1,1,1
11/12/2025 15:35,1.4388,1.0956,0,1.1063,1.27255,1.4388,1.0956,1.1063,1.725,23.8334,2.0537,48.5875,48.5875,48.5875,23.8334,2.0537,,,,46.5338,21.7797,22.1084,22.7378,22.3946,1,1,1,0,1,1,0,1,1,1,1,1
11/12/2025 15:40,1.4388,1.0978,0,1.1375,1.28815,1.4388,1.0978,1.1375,1.75,23.8645,2.0501,48.8,48.8,48.8,23.8645,2.0501,,,,46.7499,21.8144,22.1145,22.7667,22.4257,1,1,1,0,1,1,0,1,1,1,1,1
11/12/2025 15:45,1.4372,1.0941,0,1.1375,1.28735,1.4372,1.0941,1.1375,1.75,23.8617,2.0537,48.7063,48.7063,48.7063,23.8617,2.0537,,,,46.6526,21.808,22.1117,22.7676,22.4245,1,1,1,0,1,1,0,1,1,1,1,1
11/12/2025 15:50,1.4419,1.095,0,1.17,1.30595,1.4419,1.095,1.17,1.675,23.8532,2.0591,48.8563,48.8563,48.8563,23.8532,2.0591,,,,46.7972,21.7941,22.1782,22.7582,22.4113,1,1,1,0,1,1,0,1,1,1,1,1
11/12/2025 15:55,1.4397,1.0938,0,1.1375,1.2886,1.4397,1.0938,1.1375,1.75,23.8956,2.0555,48.8313,48.8313,48.8313,23.8956,2.0555,,,,46.7758,21.8401,22.1456,22.8018,22.4559,1,1,1,0,1,1,0,1,1,1,1,1
11/12/2025 16:00,1.4391,1.095,0,1.1375,1.2883,1.4391,1.095,1.1375,1.725,23.8447,2.0573,48.5813,48.5813,48.5813,23.8447,2.0573,,,,46.524,21.7874,22.1197,22.7497,22.4056,1,1,1,0,1,1,0,1,1,1,1,1
11/12/2025 16:05,1.4388,1.0966,0,1.1675,1.30315,1.4388,1.0966,1.1675,1.725,23.873,2.0465,48.6625,48.6625,48.6625,23.873,2.0465,,,,46.616,21.8265,22.148,22.7764,22.4342,1,1,1,0,1,1,0,1,1,1,1,1
11/12/2025 16:10,1.4306,1.0953,0,1.135,1.2828,1.4306,1.0953,1.135,1.725,23.8617,2.0609,48.8063,48.8063,48.8063,23.8617,2.0609,,,,46.7454,21.8008,22.1367,22.7664,22.4311,1,1,1,0,1,1,0,1,1,1,1,1
11/12/2025 16:15,1.4388,1.0947,0,1.1325,1.28565,1.4388,1.0947,1.1325,1.725,23.8758,2.0519,48.5438,48.5438,48.5438,23.8758,2.0519,,,,46.4919,21.8239,22.1508,22.7811,22.437,1,1,1,0,1,1,0,1,1,1,1,1
11/12/2025 16:20,1.4334,1.0944,0,1.1263,1.27985,1.4334,1.0944,1.1263,1.725,23.8645,2.0573,48.8,48.8,48.8,23.8645,2.0573,,,,46.7427,21.8072,22.1395,22.7701,22.4311,1,1,1,0,1,1,0,1,1,1,1,1
11/12/2025 16:25,1.4366,1.0938,0,1.135,1.2858,1.4366,1.0938,1.135,1.725,23.8532,2.0537,48.475,48.475,48.475,23.8532,2.0537,,,,46.4213,21.7995,22.1282,22.7594,22.4166,1,1,1,0,1,1,0,1,1,1,1,1
11/12/2025 16:30,1.4331,1.0959,0,1.1275,1.2803,1.4331,1.0959,1.1275,1.75,23.8899,2.0555,48.8563,48.8563,48.8563,23.8899,2.0555,,,,46.8008,21.8344,22.1399,22.794,22.4568,1,1,1,0,1,1,0,1,1,1,1,1
11/12/2025 16:35,1.435,1.0969,0,1.1425,1.28875,1.435,1.0969,1.1425,1.75,23.8673,2.0609,49.0875,49.0875,49.0875,23.8673,2.0609,,,,47.0266,21.8064,22.1173,22.7704,22.4323,1,1,1,0,1,1,0,1,1,1,1,1
11/12/2025 16:40,1.4394,1.0956,0,1.1413,1.29035,1.4394,1.0956,1.1413,1.725,23.9041,2.0537,48.5625,48.5625,48.5625,23.9041,2.0537,,,,46.5088,21.8504,22.1791,22.8085,22.4647,1,1,1,0,1,1,0,1,1,1,1,1
11/12/2025 16:45,1.4381,1.0944,0,1.1713,1.3047,1.4381,1.0944,1.1713,1.8,23.8503,2.0555,48.95,48.95,48.95,23.8503,2.0555,,,,46.8945,21.7948,22.0503,22.7559,22.4122,1,1,1,0,1,1,0,1,1,1,1,1
11/12/2025 16:50,1.4431,1.0934,0,1.125,1.28405,1.4431,1.0934,1.125,1.775,23.8758,2.0573,48.8625,48.8625,48.8625,23.8758,2.0573,,,,46.8052,21.8185,22.1008,22.7824,22.4327,1,1,1,0,1,1,0,1,1,1,1,1
11/12/2025 16:55,1.4331,1.0966,0,1.1525,1.2928,1.4331,1.0966,1.1525,1.775,23.8984,2.0591,48.9188,48.9188,48.9188,23.8984,2.0591,,,,46.8597,21.8393,22.1234,22.8018,22.4653,1,1,1,0,1,1,0,1,1,1,1,1
11/12/2025 17:00,1.4406,1.0947,0,1.1538,1.2972,1.4406,1.0947,1.1538,1.8,23.8814,2.0555,48.85,48.85,48.85,23.8814,2.0555,,,,46.7945,21.8259,22.0814,22.7867,22.4408,1,1,1,0,1,1,0,1,1,1,1,1
11/12/2025 17:05,1.4356,1.095,0,1.1475,1.29155,1.4356,1.095,1.1475,1.8,23.8532,2.0609,48.8438,48.8438,48.8438,23.8532,2.0609,,,,46.7829,21.7923,22.0532,22.7582,22.4176,1,1,1,0,1,1,0,1,1,1,1,1
11/12/2025 17:10,1.4406,1.0944,0,1.1775,1.30905,1.4406,1.0944,1.1775,1.8,23.8984,2.0591,48.9188,48.9188,48.9188,23.8984,2.0591,,,,46.8597,21.8393,22.0984,22.804,22.4578,1,1,1,0,1,1,0,1,1,1,1,1
11/12/2025 17:15,1.4422,1.095,0,1.1513,1.29675,1.4422,1.095,1.1513,1.775,23.8701,2.0573,48.95,48.95,48.95,23.8701,2.0573,,,,46.8927,21.8128,22.0951,22.7751,22.4279,1,1,1,0,1,1,0,1,1,1,1,1
11/12/2025 17:20,1.4366,1.0944,0,1.16,1.2983,1.4366,1.0944,1.16,1.775,23.8758,2.0627,48.775,48.775,48.775,23.8758,2.0627,,,,46.7123,21.8131,22.1008,22.7814,22.4392,1,1,1,0,1,1,0,1,1,1,1,1
11/12/2025 17:25,1.4441,1.095,0,1.1287,1.2864,1.4441,1.095,1.1287,1.85,23.873,2.0555,48.8125,48.8125,48.8125,23.873,2.0555,,,,46.757,21.8175,22.023,22.778,22.4289,1,1,1,0,1,1,0,1,1,1,1,1
11/12/2025 17:30,1.4459,1.095,0,1.1538,1.29985,1.4459,1.095,1.1538,1.775,23.856,2.0645,48.8813,48.8813,48.8813,23.856,2.0645,,,,46.8168,21.7915,22.081,22.761,22.4101,1,1,1,0,1,1,0,1,1,1,1,1
11/12/2025 17:35,1.4375,1.0959,0,1.1638,1.30065,1.4375,1.0959,1.1638,1.775,23.8588,2.0573,48.7563,48.7563,48.7563,23.8588,2.0573,,,,46.699,21.8015,22.0838,22.7629,22.4213,1,1,1,0,1,1,0,1,1,1,1,1
11/12/2025 17:40,1.44,1.0956,0,1.1425,1.29125,1.44,1.0956,1.1425,1.8,23.8617,2.0555,48.975,48.975,48.975,23.8617,2.0555,,,,46.9195,21.8062,22.0617,22.7661,22.4217,1,1,1,0,1,1,0,1,1,1,1,1
11/12/2025 17:45,1.4325,1.0941,0,1.1525,1.2925,1.4325,1.0941,1.1525,1.75,23.8645,2.0627,49,49,49,23.8645,2.0627,,,,46.9373,21.8018,22.1145,22.7704,22.432,1,1,1,0,1,1,0,1,1,1,1,1
11/12/2025 17:50,1.4453,1.0947,0,1.1338,1.28955,1.4453,1.0947,1.1338,1.775,23.8532,2.0591,48.7625,48.7625,48.7625,23.8532,2.0591,,,,46.7034,21.7941,22.0782,22.7585,22.4079,1,1,1,0,1,1,0,1,1,1,1,1
11/12/2025 17:55,1.4391,1.0944,0,1.1738,1.30645,1.4391,1.0944,1.1738,1.8,23.856,2.0555,48.9938,48.9938,48.9938,23.856,2.0555,,,,46.9383,21.8005,22.056,22.7616,22.4169,1,1,1,0,1,1,0,1,1,1,1,1
11/12/2025 18:00,1.4391,1.0944,0,1.1513,1.2952,1.4391,1.0944,1.1513,1.8,23.8956,2.0609,49.0125,49.0125,49.0125,23.8956,2.0609,,,,46.9516,21.8347,22.0956,22.8012,22.4565,1,1,1,0,1,1,0,1,1,1,1,1
11/12/2025 18:05,1.4403,1.0938,0,1.1463,1.2933,1.4403,1.0938,1.1463,1.775,23.8814,2.0591,48.6938,48.6938,48.6938,23.8814,2.0591,,,,46.6347,21.8223,22.1064,22.7876,22.4411,1,1,1,0,1,1,0,1,1,1,1,1
11/12/2025 18:10,1.4416,1.0938,0,1.1287,1.28515,1.4416,1.0938,1.1287,1.775,23.8871,2.0609,48.775,48.775,48.775,23.8871,2.0609,,,,46.7141,21.8262,22.1121,22.7933,22.4455,1,1,1,0,1,1,0,1,1,1,1,1
11/12/2025 18:15,1.4409,1.0944,0,1.1263,1.2836,1.4409,1.0944,1.1263,1.775,23.8532,2.0519,49.0125,49.0125,49.0125,23.8532,2.0519,,,,46.9606,21.8013,22.0782,22.7588,22.4123,1,1,1,0,1,1,0,1,1,1,1,1
11/12/2025 18:20,1.4416,1.0934,0,1.1325,1.28705,1.4416,1.0934,1.1325,1.775,23.8617,2.0627,48.9313,48.9313,48.9313,23.8617,2.0627,,,,46.8686,21.799,22.0867,22.7683,22.4201,1,1,1,0,1,1,0,1,1,1,1,1
11/12/2025 18:25,1.4356,1.0953,0,1.1275,1.28155,1.4356,1.0953,1.1275,1.775,23.8899,2.0537,49.05,49.05,49.05,23.8899,2.0537,,,,46.9963,21.8362,22.1149,22.7946,22.4543,1,1,1,0,1,1,0,1,1,1,1,1
11/12/2025 18:30,1.4363,1.0956,0,1.1338,1.28505,1.4363,1.0956,1.1338,1.85,23.8532,2.0591,48.9063,48.9063,48.9063,23.8532,2.0591,,,,46.8472,21.7941,22.0032,22.7576,22.4169,1,1,1,0,1,1,0,1,1,1,1,1
11/12/2025 18:35,1.4419,1.0931,0,1.1525,1.2972,1.4419,1.0931,1.1525,1.775,23.8617,2.0573,49.025,49.025,49.025,23.8617,2.0573,,,,46.9677,21.8044,22.0867,22.7686,22.4198,1,1,1,0,1,1,0,1,1,1,1,1
11/12/2025 18:40,1.4531,1.0941,0,1.14,1.29655,1.4531,1.0941,1.14,1.8,23.8786,2.0609,49.075,49.075,49.075,23.8786,2.0609,,,,47.0141,21.8177,22.0786,22.7845,22.4255,1,1,1,0,1,1,0,1,1,1,1,1
11/12/2025 18:45,1.4422,1.0947,0,1.1213,1.28175,1.4422,1.0947,1.1213,1.775,23.8814,2.0573,48.6938,48.6938,48.6938,23.8814,2.0573,,,,46.6365,21.8241,22.1064,22.7867,22.4392,1,1,1,0,1,1,0,1,1,1,1,1
11/12/2025 18:50,1.4388,1.0956,0,1.1325,1.28565,1.4388,1.0956,1.1325,1.775,23.8617,2.0645,48.7063,48.7063,48.7063,23.8617,2.0645,,,,46.6418,21.7972,22.0867,22.7661,22.4229,1,1,1,0,1,1,0,1,1,1,1,1
11/12/2025 18:55,1.4347,1.0941,0,1.1638,1.29925,1.4347,1.0941,1.1638,1.775,23.9097,2.0682,48.8688,48.8688,48.8688,23.9097,2.0682,,,,46.8006,21.8415,22.1347,22.8156,22.475,1,1,1,0,1,1,0,1,1,1,1,1
11/12/2025 19:00,1.4397,1.0947,0,1.1387,1.2892,1.4397,1.0947,1.1387,1.775,23.8673,2.0609,48.925,48.925,48.925,23.8673,2.0609,,,,46.8641,21.8064,22.0923,22.7726,22.4276,1,1,1,0,1,1,0,1,1,1,1,1
11/12/2025 19:05,1.4416,1.0922,0,1.18,1.3108,1.4416,1.0922,1.18,1.75,23.873,2.0573,49.075,49.075,49.075,23.873,2.0573,,,,47.0177,21.8157,22.123,22.7808,22.4314,1,1,1,0,1,1,0,1,1,1,1,1
11/12/2025 19:10,1.4394,1.0925,0,1.1425,1.29095,1.4394,1.0925,1.1425,1.675,23.8617,2.0663,48.9563,48.9563,48.9563,23.8617,2.0663,,,,46.89,21.7954,22.1867,22.7692,22.4223,1,1,1,0,1,1,0,1,1,1,1,1
11/12/2025 19:15,1.4425,1.0962,0,1.1287,1.2856,1.4425,1.0962,1.1287,1.675,23.9125,2.07,48.95,48.95,48.95,23.9125,2.07,,,,46.88,21.8425,22.2375,22.8163,22.47,1,1,1,0,1,1,0,1,1,1,1,1
11/12/2025 19:20,1.4428,1.0947,0,1.145,1.2939,1.4428,1.0947,1.145,1.725,23.8645,2.0573,48.9625,48.9625,48.9625,23.8645,2.0573,,,,46.9052,21.8072,22.1395,22.7698,22.4217,1,1,1,0,1,1,0,1,1,1,1,1
11/12/2025 19:25,1.4388,1.0925,0,1.1587,1.29875,1.4388,1.0925,1.1587,1.725,23.8758,2.0663,49.1125,49.1125,49.1125,23.8758,2.0663,,,,47.0462,21.8095,22.1508,22.7833,22.437,1,1,1,0,1,1,0,1,1,1,1,1
11/12/2025 19:30,1.4409,1.0947,0,1.1287,1.2848,1.4409,1.0947,1.1287,1.75,23.8532,2.0573,48.9125,48.9125,48.9125,23.8532,2.0573,,,,46.8552,21.7959,22.1032,22.7585,22.4123,1,1,1,0,1,1,0,1,1,1,1,1
11/12/2025 19:35,1.4428,1.095,0,1.1587,1.30075,1.4428,1.095,1.1587,1.75,23.8588,2.0573,48.9875,48.9875,48.9875,23.8588,2.0573,,,,46.9302,21.8015,22.1088,22.7638,22.416,1,1,1,0,1,1,0,1,1,1,1,1
11/12/2025 19:40,1.4459,1.0959,0,1.14,1.29295,1.4459,1.0959,1.14,1.675,23.8871,2.0663,49.1,49.1,49.1,23.8871,2.0663,,,,47.0337,21.8208,22.2121,22.7912,22.4412,1,1,1,0,1,1,0,1,1,1,1,1
11/12/2025 19:45,1.4447,1.0944,0,1.1713,1.308,1.4447,1.0944,1.1713,1.75,23.8814,2.0609,49.1313,49.1313,49.1313,23.8814,2.0609,,,,47.0704,21.8205,22.1314,22.787,22.4367,1,1,1,0,1,1,0,1,1,1,1,1
11/12/2025 19:50,1.4438,1.0931,0,1.145,1.2944,1.4438,1.0931,1.145,1.75,23.873,2.0573,48.8688,48.8688,48.8688,23.873,2.0573,,,,46.8115,21.8157,22.123,22.7799,22.4292,1,1,1,0,1,1,0,1,1,1,1,1
11/12/2025 19:55,1.4475,1.0925,0,1.1338,1.29065,1.4475,1.0925,1.1338,1.675,23.8758,2.0591,48.9813,48.9813,48.9813,23.8758,2.0591,,,,46.9222,21.8167,22.2008,22.7833,22.4283,1,1,1,0,1,1,0,1,1,1,1,1
11/12/2025 20:00,1.4494,1.0947,0,1.1125,1.28095,1.4494,1.0947,1.1125,1.675,23.8447,2.0645,48.9875,48.9875,48.9875,23.8447,2.0645,,,,46.923,21.7802,22.1697,22.75,22.3953,1,1,1,0,1,1,0,1,1,1,1,1
11/12/2025 20:05,1.4391,1.0941,0,1.165,1.30205,1.4391,1.0941,1.165,1.675,23.8843,2.0537,48.9,48.9,48.9,23.8843,2.0537,,,,46.8463,21.8306,22.2093,22.7902,22.4452,1,1,1,0,1,1,0,1,1,1,1,1
11/12/2025 20:10,1.4484,1.0938,0,1.1325,1.29045,1.4484,1.0938,1.1325,1.675,23.8758,2.0609,48.8563,48.8563,48.8563,23.8758,2.0609,,,,46.7954,21.8149,22.2008,22.782,22.4274,1,1,1,0,1,1,0,1,1,1,1,1
11/12/2025 20:15,1.4441,1.0944,0,1.125,1.28455,1.4441,1.0944,1.125,1.675,23.8701,2.0682,48.9938,48.9938,48.9938,23.8701,2.0682,,,,46.9256,21.8019,22.1951,22.7757,22.426,1,1,1,0,1,1,0,1,1,1,1,1
11/12/2025 20:20,1.445,1.0962,0,1.1513,1.29815,1.445,1.0962,1.1513,1.675,23.8447,2.0663,48.9938,48.9938,48.9938,23.8447,2.0663,,,,46.9275,21.7784,22.1697,22.7485,22.3997,1,1,1,0,1,1,0,1,1,1,1,1
11/12/2025 20:25,1.4409,1.0953,0,1.16,1.30045,1.4409,1.0953,1.16,1.675,23.8814,2.0609,48.8938,48.8938,48.8938,23.8814,2.0609,,,,46.8329,21.8205,22.2064,22.7861,22.4405,1,1,1,0,1,1,0,1,1,1,1,1
11/12/2025 20:30,1.445,1.0962,0,1.1063,1.27565,1.445,1.0962,1.1063,1.75,23.8645,2.0663,49.1313,49.1313,49.1313,23.8645,2.0663,,,,47.065,21.7982,22.1145,22.7683,22.4195,1,1,1,0,1,1,0,1,1,1,1,1
11/12/2025 20:35,1.4388,1.0944,0,1.1338,1.2863,1.4388,1.0944,1.1338,1.725,23.8645,2.0718,49.075,49.075,49.075,23.8645,2.0718,,,,47.0032,21.7927,22.1395,22.7701,22.4257,1,1,1,0,1,1,0,1,1,1,1,1
11/12/2025 20:40,1.4522,1.0962,0,1.1587,1.30545,1.4522,1.0962,1.1587,1.75,23.8645,2.0645,49.0875,49.0875,49.0875,23.8645,2.0645,,,,47.023,21.8,22.1145,22.7683,22.4123,1,1,1,0,1,1,0,1,1,1,1,1
11/12/2025 20:45,1.4397,1.0938,0,1.1463,1.293,1.4397,1.0938,1.1463,1.775,23.8617,2.0573,49.175,49.175,49.175,23.8617,2.0573,,,,47.1177,21.8044,22.0867,22.7679,22.422,1,1,1,0,1,1,0,1,1,1,1,1
11/12/2025 20:50,1.4422,1.095,0,1.1587,1.30045,1.4422,1.095,1.1587,1.8,23.839,2.0591,48.8563,48.8563,48.8563,23.839,2.0591,,,,46.7972,21.7799,22.039,22.744,22.3968,1,1,1,0,1,1,0,1,1,1,1,1
11/12/2025 20:55,1.4419,1.0956,0,1.1425,1.2922,1.4419,1.0956,1.1425,1.75,23.8984,2.0663,49.1688,49.1688,49.1688,23.8984,2.0663,,,,47.1025,21.8321,22.1484,22.8028,22.4565,1,1,1,0,1,1,0,1,1,1,1,1
11/12/2025 21:00,1.4503,1.0969,0,1.1263,1.2883,1.4503,1.0969,1.1263,1.75,23.8503,2.0573,48.8063,48.8063,48.8063,23.8503,2.0573,,,,46.749,21.793,22.1003,22.7534,22.4,1,1,1,0,1,1,0,1,1,1,1,1
11/12/2025 21:05,1.4438,1.0941,0,1.1387,1.29125,1.4438,1.0941,1.1387,1.675,23.8899,2.0645,48.7563,48.7563,48.7563,23.8899,2.0645,,,,46.6918,21.8254,22.2149,22.7958,22.4461,1,1,1,0,1,1,0,1,1,1,1,1
11/12/2025 21:10,1.4428,1.0934,0,1.125,1.2839,1.4428,1.0934,1.125,1.725,23.8673,2.0663,48.9688,48.9688,48.9688,23.8673,2.0663,,,,46.9025,21.801,22.1423,22.7739,22.4245,1,1,1,0,1,1,0,1,1,1,1,1
11/12/2025 21:15,1.4472,1.0941,0,1.1487,1.29795,1.4472,1.0941,1.1487,1.725,23.8645,2.0663,49.1563,49.1563,49.1563,23.8645,2.0663,,,,47.09,21.7982,22.1395,22.7704,22.4173,1,1,1,0,1,1,0,1,1,1,1,1
11/12/2025 21:20,1.4497,1.0959,0,1.1287,1.2892,1.4497,1.0959,1.1287,1.675,23.8192,2.07,48.9188,48.9188,48.9188,23.8192,2.07,,,,46.8488,21.7492,22.1442,22.7233,22.3695,1,1,1,0,1,1,0,1,1,1,1,1
11/12/2025 21:25,1.4409,1.0944,0,1.1463,1.2936,1.4409,1.0944,1.1463,1.675,23.9012,2.0663,48.9313,48.9313,48.9313,23.9012,2.0663,,,,46.865,21.8349,22.2262,22.8068,22.4603,1,1,1,0,1,1,0,1,1,1,1,1
11/12/2025 21:30,1.44,1.0928,0,1.1838,1.3119,1.44,1.0928,1.1838,1.675,23.8871,2.0627,48.9188,48.9188,48.9188,23.8871,2.0627,,,,46.8561,21.8244,22.2121,22.7943,22.4471,1,1,1,0,1,1,0,1,1,1,1,1
11/12/2025 21:35,1.4459,1.0956,0,1.165,1.30545,1.4459,1.0956,1.165,1.675,23.8306,2.0609,48.9563,48.9563,48.9563,23.8306,2.0609,,,,46.8954,21.7697,22.1556,22.735,22.3847,1,1,1,0,1,1,0,1,1,1,1,1
11/12/2025 21:40,1.4484,1.0959,0,1.1487,1.29855,1.4484,1.0959,1.1487,1.675,23.8645,2.0591,48.8938,48.8938,48.8938,23.8645,2.0591,,,,46.8347,21.8054,22.1895,22.7686,22.4161,1,1,1,0,1,1,0,1,1,1,1,1
11/12/2025 21:45,1.4434,1.0956,0,1.1613,1.30235,1.4434,1.0956,1.1613,1.75,23.873,2.0645,49.0188,49.0188,49.0188,23.873,2.0645,,,,46.9543,21.8085,22.123,22.7774,22.4296,1,1,1,0,1,1,0,1,1,1,1,1
11/12/2025 21:50,1.4416,1.0953,0,1.14,1.2908,1.4416,1.0953,1.14,1.75,23.8673,2.0645,48.9438,48.9438,48.9438,23.8673,2.0645,,,,46.8793,21.8028,22.1173,22.772,22.4257,1,1,1,0,1,1,0,1,1,1,1,1
11/12/2025 21:55,1.4484,1.0934,0,1.1838,1.3161,1.4484,1.0934,1.1838,1.675,23.9069,2.0591,48.9688,48.9688,48.9688,23.9069,2.0591,,,,46.9097,21.8478,22.2319,22.8135,22.4585,1,1,1,0,1,1,0,1,1,1,1,1
11/12/2025 22:00,1.4466,1.0941,0,1.155,1.3008,1.4466,1.0941,1.155,1.725,23.8871,2.0609,48.9688,48.9688,48.9688,23.8871,2.0609,,,,46.9079,21.8262,22.1621,22.793,22.4405,1,1,1,0,1,1,0,1,1,1,1,1
11/12/2025 22:05,1.4441,1.0953,0,1.1487,1.2964,1.4441,1.0953,1.1487,1.675,23.8503,2.0609,49.1438,49.1438,49.1438,23.8503,2.0609,,,,47.0829,21.7894,22.1753,22.755,22.4062,1,1,1,0,1,1,0,1,1,1,1,1
11/12/2025 22:10,1.4503,1.0956,0,1.1487,1.2995,1.4503,1.0956,1.1487,1.725,23.873,2.0609,49.2125,49.2125,49.2125,23.873,2.0609,,,,47.1516,21.8121,22.148,22.7774,22.4227,1,1,1,0,1,1,0,1,1,1,1,1
11/12/2025 22:15,1.445,1.0938,0,1.1225,1.28375,1.445,1.0938,1.1225,1.725,23.873,2.0682,48.9125,48.9125,48.9125,23.873,2.0682,,,,46.8443,21.8048,22.148,22.7792,22.428,1,1,1,0,1,1,0,1,1,1,1,1
11/12/2025 22:20,1.4522,1.0944,0,1.1575,1.30485,1.4522,1.0944,1.1575,1.725,23.8843,2.0663,48.875,48.875,48.875,23.8843,2.0663,,,,46.8087,21.818,22.1593,22.7899,22.4321,1,1,1,0,1,1,0,1,1,1,1,1
11/12/2025 22:25,1.4416,1.0938,0,1.1587,1.30015,1.4416,1.0938,1.1587,1.675,23.8701,2.0627,48.8125,48.8125,48.8125,23.8701,2.0627,,,,46.7498,21.8074,22.1951,22.7763,22.4285,1,1,1,0,1,1,0,1,1,1,1,1
11/12/2025 22:30,1.4534,1.0928,0,1.1513,1.30235,1.4534,1.0928,1.1513,1.75,23.8673,2.0609,49.2,49.2,49.2,23.8673,2.0609,,,,47.1391,21.8064,22.1173,22.7745,22.4139,1,1,1,0,1,1,0,1,1,1,1,1
11/12/2025 22:35,1.4497,1.0941,0,1.1263,1.288,1.4497,1.0941,1.1263,1.725,23.8475,2.0609,49.1438,49.1438,49.1438,23.8475,2.0609,,,,47.0829,21.7866,22.1225,22.7534,22.3978,1,1,1,0,1,1,0,1,1,1,1,1
11/12/2025 22:40,1.4503,1.0922,0,1.1338,1.29205,1.4503,1.0922,1.1338,1.725,23.8334,2.0591,49,49,49,23.8334,2.0591,,,,46.9409,21.7743,22.1084,22.7412,22.3831,1,1,1,0,1,1,0,1,1,1,1,1
11/12/2025 22:45,1.4463,1.0953,0,1.1188,1.28255,1.4463,1.0953,1.1188,1.675,23.856,2.0591,48.75,48.75,48.75,23.856,2.0591,,,,46.6909,21.7969,22.181,22.7607,22.4097,1,1,1,0,1,1,0,1,1,1,1,1
11/12/2025 22:50,1.4406,1.0944,0,1.135,1.2878,1.4406,1.0944,1.135,1.675,23.8503,2.0591,48.7813,48.7813,48.7813,23.8503,2.0591,,,,46.7222,21.7912,22.1753,22.7559,22.4097,1,1,1,0,1,1,0,1,1,1,1,1
11/12/2025 22:55,1.4453,1.0956,0,1.1325,1.2889,1.4453,1.0956,1.1325,1.675,23.8503,2.0609,48.9125,48.9125,48.9125,23.8503,2.0609,,,,46.8516,21.7894,22.1753,22.7547,22.405,1,1,1,0,1,1,0,1,1,1,1,1
11/12/2025 23:00,1.4394,1.0944,0,1.1525,1.29595,1.4394,1.0944,1.1525,1.725,23.8588,2.0591,48.9063,48.9063,48.9063,23.8588,2.0591,,,,46.8472,21.7997,22.1338,22.7644,22.4194,1,1,1,0,1,1,0,1,1,1,1,1
11/12/2025 23:05,1.4475,1.095,0,1.14,1.29375,1.4475,1.095,1.14,1.675,23.8617,2.0663,49.175,49.175,49.175,23.8617,2.0663,,,,47.1087,21.7954,22.1867,22.7667,22.4142,1,1,1,0,1,1,0,1,1,1,1,1
11/12/2025 23:10,1.4481,1.0956,0,1.1213,1.2847,1.4481,1.0956,1.1213,1.675,23.8447,2.0645,48.9,48.9,48.9,23.8447,2.0645,,,,46.8355,21.7802,22.1697,22.7491,22.3966,1,1,1,0,1,1,0,1,1,1,1,1
11/12/2025 23:15,1.4388,1.0928,0,1.165,1.3019,1.4388,1.0928,1.165,1.725,23.8645,2.0645,48.9313,48.9313,48.9313,23.8645,2.0645,,,,46.8668,21.8,22.1395,22.7717,22.4257,1,1,1,0,1,1,0,1,1,1,1,1
11/12/2025 23:20,1.4406,1.0925,0,1.1587,1.29965,1.4406,1.0925,1.1587,1.675,23.8673,2.07,49.25,49.25,49.25,23.8673,2.07,,,,47.18,21.7973,22.1923,22.7748,22.4267,1,1,1,0,1,1,0,1,1,1,1,1
11/12/2025 23:25,1.4431,1.0934,0,1.155,1.29905,1.4431,1.0934,1.155,1.675,23.8701,2.0645,48.8625,48.8625,48.8625,23.8701,2.0645,,,,46.798,21.8056,22.1951,22.7767,22.427,1,1,1,0,1,1,0,1,1,1,1,1
11/12/2025 23:30,1.445,1.0909,0,1.1287,1.28685,1.445,1.0909,1.1287,1.675,23.8617,2.0609,49.0875,49.0875,49.0875,23.8617,2.0609,,,,47.0266,21.8008,22.1867,22.7708,22.4167,1,1,1,0,1,1,0,1,1,1,1,1
11/12/2025 23:35,1.4466,1.0925,0,1.1538,1.3002,1.4466,1.0925,1.1538,1.65,23.8532,2.0555,49.2625,49.2625,49.2625,23.8532,2.0555,,,,47.207,21.7977,22.2032,22.7607,22.4066,1,1,1,0,1,1,0,1,1,1,1,1
11/12/2025 23:40,1.4428,1.0925,0,1.1338,1.2883,1.4428,1.0925,1.1338,1.725,23.8617,2.0645,49.0813,49.0813,49.0813,23.8617,2.0645,,,,47.0168,21.7972,22.1367,22.7692,22.4189,1,1,1,0,1,1,0,1,1,1,1,1
11/12/2025 23:45,1.4484,1.0928,0,1.14,1.2942,1.4484,1.0928,1.14,1.675,23.8701,2.0682,49.0188,49.0188,49.0188,23.8701,2.0682,,,,46.9506,21.8019,22.1951,22.7773,22.4217,1,1,1,0,1,1,0,1,1,1,1,1
11/12/2025 23:50,1.4491,1.0953,0,1.0938,1.27145,1.4491,1.0953,1.0938,1.675,23.8701,2.0645,49.2313,49.2313,49.2313,23.8701,2.0645,,,,47.1668,21.8056,22.1951,22.7748,22.421,1,1,1,0,1,1,0,1,1,1,1,1
11/12/2025 23:55,1.4497,1.0941,0,1.135,1.29235,1.4497,1.0941,1.135,1.675,23.8503,2.0645,49.2,49.2,49.2,23.8503,2.0645,,,,47.1355,21.7858,22.1753,22.7562,22.4006,1,1,1,0,1,1,0,1,1,1,1,1
11/13/2025 0:00,1.4475,1.0944,0,1.1538,1.30065,1.4475,1.0944,1.1538,1.675,23.873,2.0591,48.9875,48.9875,48.9875,23.873,2.0591,,,,46.9284,21.8139,22.198,22.7786,22.4255,1,1,1,0,1,1,0,1,1,1,1,1
11/13/2025 0:05,1.4444,1.0947,0,1.1475,1.29595,1.4444,1.0947,1.1475,1.75,23.8617,2.0627,49.1875,49.1875,49.1875,23.8617,2.0627,,,,47.1248,21.799,22.1117,22.767,22.4173,1,1,1,0,1,1,0,1,1,1,1,1
11/13/2025 0:10,1.45,1.0925,0,1.1425,1.29625,1.45,1.0925,1.1425,1.675,23.8701,2.0555,49.2313,49.2313,49.2313,23.8701,2.0555,,,,47.1758,21.8146,22.1951,22.7776,22.4201,1,1,1,0,1,1,0,1,1,1,1,1
11/13/2025 0:15,1.4506,1.0928,0,1.1463,1.29845,1.4506,1.0928,1.1463,1.675,23.8843,2.0591,49.3563,49.3563,49.3563,23.8843,2.0591,,,,47.2972,21.8252,22.2093,22.7915,22.4337,1,1,1,0,1,1,0,1,1,1,1,1
11/13/2025 0:20,1.4506,1.0928,0,1.1463,1.29845,1.4506,1.0928,1.1463,1.675,23.8871,2.0645,49.1,49.1,49.1,23.8871,2.0645,,,,47.0355,21.8226,22.2121,22.7943,22.4365,1,1,1,0,1,1,0,1,1,1,1,1
11/13/2025 0:25,1.4459,1.095,0,1.165,1.30545,1.4459,1.095,1.165,1.65,23.8899,2.0682,49.125,49.125,49.125,23.8899,2.0682,,,,47.0568,21.8217,22.2399,22.7949,22.444,1,1,1,0,1,1,0,1,1,1,1,1
11/13/2025 0:30,1.4416,1.0953,0,1.1325,1.28705,1.4416,1.0953,1.1325,1.675,23.8758,2.0645,48.9063,48.9063,48.9063,23.8758,2.0645,,,,46.8418,21.8113,22.2008,22.7805,22.4342,1,1,1,0,1,1,0,1,1,1,1,1
11/13/2025 0:35,1.4453,1.095,0,1.1387,1.292,1.4453,1.095,1.1387,1.675,23.873,2.0682,49.1125,49.1125,49.1125,23.873,2.0682,,,,47.0443,21.8048,22.198,22.778,22.4277,1,1,1,0,1,1,0,1,1,1,1,1
11/13/2025 0:40,1.4534,1.0944,0,1.1575,1.30545,1.4534,1.0944,1.1575,1.725,23.856,2.0645,49.1563,49.1563,49.1563,23.856,2.0645,,,,47.0918,21.7915,22.131,22.7616,22.4026,1,1,1,0,1,1,0,1,1,1,1,1
11/13/2025 0:45,1.4456,1.0947,0,1.1587,1.30215,1.4456,1.0947,1.1587,1.725,23.8758,2.0591,49.0313,49.0313,49.0313,23.8758,2.0591,,,,46.9722,21.8167,22.1508,22.7811,22.4302,1,1,1,0,1,1,0,1,1,1,1,1
11/13/2025 0:50,1.4503,1.0913,0,1.1775,1.3139,1.4503,1.0913,1.1775,1.725,23.8843,2.0573,49.1188,49.1188,49.1188,23.8843,2.0573,,,,47.0615,21.827,22.1593,22.793,22.434,1,1,1,0,1,1,0,1,1,1,1,1
11/13/2025 0:55,1.4447,1.0944,0,1.1487,1.2967,1.4447,1.0944,1.1487,1.675,23.8475,2.0663,49.2313,49.2313,49.2313,23.8475,2.0663,,,,47.165,21.7812,22.1725,22.7531,22.4028,1,1,1,0,1,1,0,1,1,1,1,1
11/13/2025 1:00,1.4494,1.0947,0,1.1225,1.28595,1.4494,1.0947,1.1225,1.675,23.8701,2.0663,49.175,49.175,49.175,23.8701,2.0663,,,,47.1087,21.8038,22.1951,22.7754,22.4207,1,1,1,0,1,1,0,1,1,1,1,1
11/13/2025 1:05,1.4472,1.0953,0,1.165,1.3061,1.4472,1.0953,1.165,1.725,23.8532,2.0663,49.1313,49.1313,49.1313,23.8532,2.0663,,,,47.065,21.7869,22.1282,22.7579,22.406,1,1,1,0,1,1,0,1,1,1,1,1
11/13/2025 1:10,1.4441,1.0919,0,1.1738,1.30895,1.4441,1.0919,1.1738,1.675,23.856,2.0609,49.1063,49.1063,49.1063,23.856,2.0609,,,,47.0454,21.7951,22.181,22.7641,22.4119,1,1,1,0,1,1,0,1,1,1,1,1
11/13/2025 1:15,1.4444,1.0934,0,1.1575,1.30095,1.4444,1.0934,1.1575,1.65,23.8701,2.0609,49,49,49,23.8701,2.0609,,,,46.9391,21.8092,22.2201,22.7767,22.4257,1,1,1,0,1,1,0,1,1,1,1,1
11/13/2025 1:20,1.4503,1.0931,0,1.115,1.28265,1.4503,1.0931,1.115,1.675,23.8645,2.0591,49.1063,49.1063,49.1063,23.8645,2.0591,,,,47.0472,21.8054,22.1895,22.7714,22.4142,1,1,1,0,1,1,0,1,1,1,1,1
11/13/2025 1:25,1.4453,1.0913,0,1.1287,1.287,1.4453,1.0913,1.1287,1.675,23.8645,2.0645,49.1063,49.1063,49.1063,23.8645,2.0645,,,,47.0418,21.8,22.1895,22.7732,22.4192,1,1,1,0,1,1,0,1,1,1,1,1
11/13/2025 1:30,1.4481,1.0938,0,1.1463,1.2972,1.4481,1.0938,1.1463,1.725,23.8362,2.0627,49.075,49.075,49.075,23.8362,2.0627,,,,47.0123,21.7735,22.1112,22.7424,22.3881,1,1,1,0,1,1,0,1,1,1,1,1
11/13/2025 1:35,1.4503,1.0928,0,1.1487,1.2995,1.4503,1.0928,1.1487,1.675,23.8475,2.0663,48.975,48.975,48.975,23.8475,2.0663,,,,46.9087,21.7812,22.1725,22.7547,22.3972,1,1,1,0,1,1,0,1,1,1,1,1
11/13/2025 1:40,1.4447,1.0919,0,1.1287,1.2867,1.4447,1.0919,1.1287,1.725,23.873,2.0682,49.3188,49.3188,49.3188,23.873,2.0682,,,,47.2506,21.8048,22.148,22.7811,22.4283,1,1,1,0,1,1,0,1,1,1,1,1
11/13/2025 1:45,1.4509,1.0922,0,1.1313,1.2911,1.4509,1.0922,1.1313,1.725,23.8871,2.0591,49.0813,49.0813,49.0813,23.8871,2.0591,,,,47.0222,21.828,22.1621,22.7949,22.4362,1,1,1,0,1,1,0,1,1,1,1,1
11/13/2025 1:50,1.4469,1.0941,0,1.1425,1.2947,1.4469,1.0941,1.1425,1.675,23.8588,2.0627,48.9125,48.9125,48.9125,23.8588,2.0627,,,,46.8498,21.7961,22.1838,22.7647,22.4119,1,1,1,0,1,1,0,1,1,1,1,1
11/13/2025 1:55,1.445,1.0925,0,1.1413,1.29315,1.445,1.0925,1.1413,1.725,23.8758,2.0627,48.9125,48.9125,48.9125,23.8758,2.0627,,,,46.8498,21.8131,22.1508,22.7833,22.4308,1,1,1,0,1,1,0,1,1,1,1,1
11/13/2025 2:00,1.4459,1.0916,0,1.16,1.30295,1.4459,1.0916,1.16,1.725,23.8956,2.0573,48.925,48.925,48.925,23.8956,2.0573,,,,46.8677,21.8383,22.1706,22.804,22.4497,1,1,1,0,1,1,0,1,1,1,1,1
11/13/2025 2:05,1.4456,1.0928,0,1.1387,1.29215,1.4456,1.0928,1.1387,1.675,23.8786,2.0645,49,49,49,23.8786,2.0645,,,,46.9355,21.8141,22.2036,22.7858,22.433,1,1,1,0,1,1,0,1,1,1,1,1
11/13/2025 2:10,1.4484,1.0941,0,1.1425,1.29545,1.4484,1.0941,1.1425,1.65,23.8701,2.0645,49,49,49,23.8701,2.0645,,,,46.9355,21.8056,22.2201,22.776,22.4217,1,1,1,0,1,1,0,1,1,1,1,1
11/13/2025 2:15,1.4409,1.0934,0,1.1587,1.2998,1.4409,1.0934,1.1587,1.725,23.8871,2.0591,48.8938,48.8938,48.8938,23.8871,2.0591,,,,46.8347,21.828,22.1621,22.7937,22.4462,1,1,1,0,1,1,0,1,1,1,1,1
11/13/2025 2:20,0.0541,1.0916,0.03,0.0663,0.0302,0.0541,1.0916,0.0663,1.725,0,-0.0036,0,0,0,0,0.0036,,,,-0.0036,-0.0036,-1.725,-1.0916,-0.0541,1,1,1,0,1,1,0,1,1,1,1,1
11/13/2025 2:25,0.0078,1.0931,0,0,0.0039,0.0078,1.0931,0,1.725,0,-0.0018,0.1875,0.1875,0.1875,0,0.0018,,,,0.1857,-0.0018,-1.725,-1.0931,-0.0078,1,1,1,0,1,1,0,1,1,1,1,1
11/13/2025 9:39,0.3997,1.6738,0,0.6613,0.5305,0.3997,1.6738,0.6613,1.575,4.2262,-0.0036,10.0813,10.0813,10.0813,4.2262,0.0036,,,,10.0777,4.2226,2.6512,2.5524,3.8265,1,1,1,0,1,1,0,1,1,1,1,1
11/13/2025 9:44,1.4209,1.1778,0,1.1188,1.26985,1.4209,1.1778,1.1188,1.575,23.873,2.2578,48.425,48.425,48.425,23.873,2.2578,,,,46.1672,21.6152,22.298,22.6952,22.4521,1,1,1,0,1,1,0,1,1,1,1,1
11/13/2025 9:49,1.435,1.1231,0,1.1075,1.27125,1.435,1.1231,1.1075,1.625,23.8701,2.1314,48.5688,48.5688,48.5688,23.8701,2.1314,,,,46.4374,21.7387,22.2451,22.747,22.4351,1,1,1,0,1,1,0,1,1,1,1,1
11/13/2025 9:54,1.44,1.1034,0,1.165,1.3025,1.44,1.1034,1.165,1.575,23.8984,2.0844,48.8625,48.8625,48.8625,23.8984,2.0844,,,,46.7781,21.814,22.3234,22.795,22.4584,1,1,1,0,1,1,0,1,1,1,1,1
11/13/2025 9:59,1.4419,1.0966,0,1.1413,1.2916,1.4419,1.0966,1.1413,1.625,23.8673,2.0627,49.15,49.15,49.15,23.8673,2.0627,,,,47.0873,21.8046,22.2423,22.7707,22.4254,1,1,1,0,1,1,0,1,1,1,1,1
11/13/2025 10:04,1.4419,1.0919,0,1.1325,1.2872,1.4419,1.0919,1.1325,1.575,23.873,2.0537,49.1,49.1,49.1,23.873,2.0537,,,,47.0463,21.8193,22.298,22.7811,22.4311,1,1,1,0,1,1,0,1,1,1,1,1
11/13/2025 10:09,1.445,1.0913,0,1.155,1.3,1.445,1.0913,1.155,1.65,23.8927,2.0429,48.7813,48.7813,48.7813,23.8927,2.0429,,,,46.7384,21.8498,22.2427,22.8014,22.4477,1,1,1,0,1,1,0,1,1,1,1,1
11/13/2025 10:14,1.4344,1.0888,0,1.155,1.2947,1.4344,1.0888,1.155,1.725,23.8447,2.0447,48.9813,48.9813,48.9813,23.8447,2.0447,,,,46.9366,21.8,22.1197,22.7559,22.4103,1,1,1,0,1,1,0,1,1,1,1,1
11/13/2025 10:19,1.4434,1.0916,0,1.1513,1.29735,1.4434,1.0916,1.1513,1.65,23.8899,2.0393,48.8625,48.8625,48.8625,23.8899,2.0393,,,,46.8232,21.8506,22.2399,22.7983,22.4465,1,1,1,0,1,1,0,1,1,1,1,1
11/13/2025 10:24,1.4388,1.0903,0,1.1413,1.29005,1.4388,1.0903,1.1413,1.65,23.873,2.0356,49.1125,49.1125,49.1125,23.873,2.0356,,,,47.0769,21.8374,22.223,22.7827,22.4342,1,1,1,0,1,1,0,1,1,1,1,1
11/13/2025 10:29,1.4409,1.0903,0,1.1313,1.2861,1.4409,1.0903,1.1313,1.65,23.8701,2.0393,48.8625,48.8625,48.8625,23.8701,2.0393,,,,46.8232,21.8308,22.2201,22.7798,22.4292,1,1,1,0,1,1,0,1,1,1,1,1
11/13/2025 10:34,1.4359,1.0916,0,1.1663,1.3011,1.4359,1.0916,1.1663,1.675,23.8871,2.0302,49.0125,49.0125,49.0125,23.8871,2.0302,,,,46.9823,21.8569,22.2121,22.7955,22.4512,1,1,1,0,1,1,0,1,1,1,1,1
11/13/2025 10:39,1.4428,1.0891,0,1.155,1.2989,1.4428,1.0891,1.155,1.725,23.8927,2.0248,49.15,49.15,49.15,23.8927,2.0248,,,,47.1252,21.8679,22.1677,22.8036,22.4499,1,1,1,0,1,1,0,1,1,1,1,1
11/13/2025 10:44,1.4363,1.0906,0,1.1713,1.3038,1.4363,1.0906,1.1713,1.625,23.8617,2.0266,49.0813,49.0813,49.0813,23.8617,2.0266,,,,47.0547,21.8351,22.2367,22.7711,22.4254,1,1,1,0,1,1,0,1,1,1,1,1
11/13/2025 10:49,1.44,1.0938,0,1.14,1.29,1.44,1.0938,1.14,1.625,23.8814,2.0284,49.0188,49.0188,49.0188,23.8814,2.0284,,,,46.9904,21.853,22.2564,22.7876,22.4414,1,1,1,0,1,1,0,1,1,1,1,1
11/13/2025 10:54,1.4391,1.0903,0,1.1413,1.2902,1.4391,1.0903,1.1413,1.65,23.856,2.0338,49.0313,49.0313,49.0313,23.856,2.0338,,,,46.9975,21.8222,22.206,22.7657,22.4169,1,1,1,0,1,1,0,1,1,1,1,1
11/13/2025 10:59,1.4391,1.0913,0,1.1213,1.2802,1.4391,1.0913,1.1213,1.6,23.8503,2.0248,49.1438,49.1438,49.1438,23.8503,2.0248,,,,47.119,21.8255,22.2503,22.759,22.4112,1,1,1,0,1,1,0,1,1,1,1,1
11/13/2025 11:04,1.4319,1.0916,0,1.1487,1.2903,1.4319,1.0916,1.1487,1.65,23.8956,2.0266,48.9563,48.9563,48.9563,23.8956,2.0266,,,,46.9297,21.869,22.2456,22.804,22.4637,1,1,1,0,1,1,0,1,1,1,1,1
11/13/2025 11:09,1.4384,1.0928,0,1.1587,1.29855,1.4384,1.0928,1.1587,1.625,23.873,2.0302,48.7125,48.7125,48.7125,23.873,2.0302,,,,46.6823,21.8428,22.248,22.7802,22.4346,1,1,1,0,1,1,0,1,1,1,1,1
11/13/2025 11:14,1.4359,1.0894,0,1.1487,1.2923,1.4359,1.0894,1.1487,1.6,23.8588,2.0284,49.1313,49.1313,49.1313,23.8588,2.0284,,,,47.1029,21.8304,22.2588,22.7694,22.4229,1,1,1,0,1,1,0,1,1,1,1,1
11/13/2025 11:19,1.4419,1.0941,0,1.1225,1.2822,1.4419,1.0941,1.1225,1.65,23.8617,2.023,48.725,48.725,48.725,23.8617,2.023,,,,46.702,21.8387,22.2117,22.7676,22.4198,1,1,1,0,1,1,0,1,1,1,1,1
11/13/2025 11:24,1.4325,1.0906,0,1.125,1.27875,1.4325,1.0906,1.125,1.65,23.8843,2.0284,49,49,49,23.8843,2.0284,,,,46.9716,21.8559,22.2343,22.7937,22.4518,1,1,1,0,1,1,0,1,1,1,1,1
11/13/2025 11:29,1.4344,1.0919,0,1.1587,1.29655,1.4344,1.0919,1.1587,1.6,23.873,2.0266,48.9625,48.9625,48.9625,23.873,2.0266,,,,46.9359,21.8464,22.273,22.7811,22.4386,1,1,1,0,1,1,0,1,1,1,1,1
11/13/2025 11:34,1.4428,1.0897,0,1.1163,1.27955,1.4428,1.0897,1.1163,1.575,23.9125,2.0248,48.8563,48.8563,48.8563,23.9125,2.0248,,,,46.8315,21.8877,22.3375,22.8228,22.4697,1,1,1,0,1,1,0,1,1,1,1,1
11/13/2025 11:39,1.4428,1.0909,0,1.1413,1.29205,1.4428,1.0909,1.1413,1.625,23.8758,2.0212,48.9125,48.9125,48.9125,23.8758,2.0212,,,,46.8913,21.8546,22.2508,22.7849,22.433,1,1,1,0,1,1,0,1,1,1,1,1
11/13/2025 11:44,1.4394,1.0928,0,1.1225,1.28095,1.4394,1.0928,1.1225,1.65,23.8645,2.0284,48.875,48.875,48.875,23.8645,2.0284,,,,46.8466,21.8361,22.2145,22.7717,22.4251,1,1,1,0,1,1,0,1,1,1,1,1
11/13/2025 11:49,1.4303,1.0916,0,1.1587,1.2945,1.4303,1.0916,1.1587,1.625,23.8814,2.0284,48.8875,48.8875,48.8875,23.8814,2.0284,,,,46.8591,21.853,22.2564,22.7898,22.4511,1,1,1,0,1,1,0,1,1,1,1,1
11/13/2025 11:54,1.4353,1.0931,0,1.175,1.30515,1.4353,1.0931,1.175,1.65,23.8843,2.032,48.8813,48.8813,48.8813,23.8843,2.032,,,,46.8493,21.8523,22.2343,22.7912,22.449,1,1,1,0,1,1,0,1,1,1,1,1
11/13/2025 11:59,1.4353,1.0925,0,1.1125,1.2739,1.4353,1.0925,1.1125,1.625,23.8956,2.0284,48.7563,48.7563,48.7563,23.8956,2.0284,,,,46.7279,21.8672,22.2706,22.8031,22.4603,1,1,1,0,1,1,0,1,1,1,1,1
11/13/2025 12:04,1.4369,1.095,0,1.17,1.30345,1.4369,1.095,1.17,1.625,23.8645,2.032,48.875,48.875,48.875,23.8645,2.032,,,,46.843,21.8325,22.2395,22.7695,22.4276,1,1,1,0,1,1,0,1,1,1,1,1
11/13/2025 12:09,1.4363,1.0909,0,1.1287,1.2825,1.4363,1.0909,1.1287,1.65,23.9012,2.0284,48.7625,48.7625,48.7625,23.9012,2.0284,,,,46.7341,21.8728,22.2512,22.8103,22.4649,1,1,1,0,1,1,0,1,1,1,1,1
11/13/2025 12:14,1.4356,1.0944,0,1.155,1.2953,1.4356,1.0944,1.155,1.625,23.8786,2.032,49.1313,49.1313,49.1313,23.8786,2.032,,,,47.0993,21.8466,22.2536,22.7842,22.443,1,1,1,0,1,1,0,1,1,1,1,1
11/13/2025 12:19,1.4325,1.0947,0,1.1113,1.2719,1.4325,1.0947,1.1113,1.65,23.8645,2.0302,49.05,49.05,49.05,23.8645,2.0302,,,,47.0198,21.8343,22.2145,22.7698,22.432,1,1,1,0,1,1,0,1,1,1,1,1
11/13/2025 12:24,1.4353,1.0931,0,1.1313,1.2833,1.4353,1.0931,1.1313,1.625,23.8814,2.0338,48.9125,48.9125,48.9125,23.8814,2.0338,,,,46.8787,21.8476,22.2564,22.7883,22.4461,1,1,1,0,1,1,0,1,1,1,1,1
11/13/2025 12:29,1.4322,1.0922,0,1.1213,1.27675,1.4322,1.0922,1.1213,1.625,23.8503,2.0284,48.7313,48.7313,48.7313,23.8503,2.0284,,,,46.7029,21.8219,22.2253,22.7581,22.4181,1,1,1,0,1,1,0,1,1,1,1,1
11/13/2025 12:34,1.4359,1.0919,0,1.1463,1.2911,1.4359,1.0919,1.1463,1.625,23.8419,2.0266,48.9125,48.9125,48.9125,23.8419,2.0266,,,,46.8859,21.8153,22.2169,22.75,22.406,1,1,1,0,1,1,0,1,1,1,1,1
11/13/2025 12:39,1.4316,1.0922,0,1.1575,1.29455,1.4316,1.0922,1.1575,1.675,23.9012,2.032,48.7938,48.7938,48.7938,23.9012,2.032,,,,46.7618,21.8692,22.2262,22.809,22.4696,1,1,1,0,1,1,0,1,1,1,1,1
11/13/2025 12:44,1.4353,1.0941,0,1.1575,1.2964,1.4353,1.0941,1.1575,1.65,23.8588,2.032,48.9063,48.9063,48.9063,23.8588,2.032,,,,46.8743,21.8268,22.2088,22.7647,22.4235,1,1,1,0,1,1,0,1,1,1,1,1
11/13/2025 12:49,1.4306,1.09,0,1.1387,1.28465,1.4306,1.09,1.1387,1.65,23.856,2.0374,49.0063,49.0063,49.0063,23.856,2.0374,,,,46.9689,21.8186,22.206,22.766,22.4254,1,1,1,0,1,1,0,1,1,1,1,1
11/13/2025 12:54,1.4306,1.0925,0,1.14,1.2853,1.4306,1.0925,1.14,1.65,23.8814,2.032,48.875,48.875,48.875,23.8814,2.032,,,,46.843,21.8494,22.2314,22.7889,22.4508,1,1,1,0,1,1,0,1,1,1,1,1
11/13/2025 12:59,1.44,1.0925,0,1.1387,1.28935,1.44,1.0925,1.1387,1.65,23.8532,2.0338,48.8063,48.8063,48.8063,23.8532,2.0338,,,,46.7725,21.8194,22.2032,22.7607,22.4132,1,1,1,0,1,1,0,1,1,1,1,1
11/13/2025 13:04,1.435,1.0903,0,1.1587,1.29685,1.435,1.0903,1.1587,1.625,23.8447,2.0393,48.9625,48.9625,48.9625,23.8447,2.0393,,,,46.9232,21.8054,22.2197,22.7544,22.4097,1,1,1,0,1,1,0,1,1,1,1,1
11/13/2025 13:09,1.4303,1.0953,0,1.1325,1.2814,1.4303,1.0953,1.1325,1.675,23.8814,2.0356,48.8563,48.8563,48.8563,23.8814,2.0356,,,,46.8207,21.8458,22.2064,22.7861,22.4511,1,1,1,0,1,1,0,1,1,1,1,1
11/13/2025 13:14,1.4356,1.0922,0,1.12,1.2778,1.4356,1.0922,1.12,1.675,23.8673,2.0393,48.8875,48.8875,48.8875,23.8673,2.0393,,,,46.8482,21.828,22.1923,22.7751,22.4317,1,1,1,0,1,1,0,1,1,1,1,1
11/13/2025 13:19,1.4313,1.0913,0,1.115,1.27315,1.4313,1.0913,1.115,1.675,23.8786,2.0302,48.7,48.7,48.7,23.8786,2.0302,,,,46.6698,21.8484,22.2036,22.7873,22.4473,1,1,1,0,1,1,0,1,1,1,1,1
11/13/2025 13:24,1.4294,1.0944,0,1.1313,1.28035,1.4294,1.0944,1.1313,1.675,23.8617,2.0338,48.6125,48.6125,48.6125,23.8617,2.0338,,,,46.5787,21.8279,22.1867,22.7673,22.4323,1,1,1,0,1,1,0,1,1,1,1,1
11/13/2025 13:29,1.4344,1.0931,0,1.1188,1.2766,1.4344,1.0931,1.1188,1.625,23.8532,2.0393,48.5875,48.5875,48.5875,23.8532,2.0393,,,,46.5482,21.8139,22.2282,22.7601,22.4188,1,1,1,0,1,1,0,1,1,1,1,1
11/13/2025 13:34,1.4309,1.0941,0,1.1188,1.27485,1.4309,1.0941,1.1188,1.65,23.8786,2.0429,48.825,48.825,48.825,23.8786,2.0429,,,,46.7821,21.8357,22.2286,22.7845,22.4477,1,1,1,0,1,1,0,1,1,1,1,1
11/13/2025 13:39,1.4378,1.0925,0,1.1387,1.28825,1.4378,1.0925,1.1387,1.625,23.8758,2.0393,48.9188,48.9188,48.9188,23.8758,2.0393,,,,46.8795,21.8365,22.2508,22.7833,22.438,1,1,1,0,1,1,0,1,1,1,1,1
11/13/2025 13:44,1.4381,1.0928,0,1.14,1.28905,1.4381,1.0928,1.14,1.625,23.8617,2.0465,49.1438,49.1438,49.1438,23.8617,2.0465,,,,47.0973,21.8152,22.2367,22.7689,22.4236,1,1,1,0,1,1,0,1,1,1,1,1
11/13/2025 13:49,1.4453,1.0931,0,1.1513,1.2983,1.4453,1.0931,1.1513,1.625,23.8701,2.0338,48.9563,48.9563,48.9563,23.8701,2.0338,,,,46.9225,21.8363,22.2451,22.777,22.4248,1,1,1,0,1,1,0,1,1,1,1,1
11/13/2025 13:54,1.4369,1.0925,0,1.1325,1.2847,1.4369,1.0925,1.1325,1.625,23.8786,2.0411,48.8938,48.8938,48.8938,23.8786,2.0411,,,,46.8527,21.8375,22.2536,22.7861,22.4417,1,1,1,0,1,1,0,1,1,1,1,1
11/13/2025 13:59,1.4347,1.0944,0,1.0825,1.2586,1.4347,1.0944,1.0825,1.675,23.8701,2.0411,48.8063,48.8063,48.8063,23.8701,2.0411,,,,46.7652,21.829,22.1951,22.7757,22.4354,1,1,1,0,1,1,0,1,1,1,1,1
11/13/2025 14:04,1.4372,1.0938,0,1.1325,1.28485,1.4372,1.0938,1.1325,1.65,23.8758,2.0411,48.6563,48.6563,48.6563,23.8758,2.0411,,,,46.6152,21.8347,22.2258,22.782,22.4386,1,1,1,0,1,1,0,1,1,1,1,1
11/13/2025 14:09,1.4375,1.0934,0,1.14,1.28875,1.4375,1.0934,1.14,1.675,23.8673,2.0393,48.7563,48.7563,48.7563,23.8673,2.0393,,,,46.717,21.828,22.1923,22.7739,22.4298,1,1,1,0,1,1,0,1,1,1,1,1
11/13/2025 14:14,1.4334,1.0931,0,1.16,1.2967,1.4334,1.0931,1.16,1.65,23.9125,2.0447,48.825,48.825,48.825,23.9125,2.0447,,,,46.7803,21.8678,22.2625,22.8194,22.4791,1,1,1,0,1,1,0,1,1,1,1,1
11/13/2025 14:19,1.4309,1.0966,0,1.1225,1.2767,1.4309,1.0966,1.1225,1.625,23.8588,2.0465,48.8688,48.8688,48.8688,23.8588,2.0465,,,,46.8223,21.8123,22.2338,22.7622,22.4279,1,1,1,0,1,1,0,1,1,1,1,1
11/13/2025 14:24,1.4394,1.0956,0,1.1463,1.29285,1.4394,1.0956,1.1463,1.675,23.9125,2.0393,48.9688,48.9688,48.9688,23.9125,2.0393,,,,46.9295,21.8732,22.2375,22.8169,22.4731,1,1,1,0,1,1,0,1,1,1,1,1
11/13/2025 14:29,1.435,1.0916,0,1.1463,1.29065,1.435,1.0916,1.1463,1.675,23.8645,2.0519,48.775,48.775,48.775,23.8645,2.0519,,,,46.7231,21.8126,22.1895,22.7729,22.4295,1,1,1,0,1,1,0,1,1,1,1,1
11/13/2025 14:34,1.4384,1.0922,0,1.14,1.2892,1.4384,1.0922,1.14,1.65,23.9182,2.0483,48.825,48.825,48.825,23.9182,2.0483,,,,46.7767,21.8699,22.2682,22.826,22.4798,1,1,1,0,1,1,0,1,1,1,1,1
11/13/2025 14:39,1.4303,1.0922,0,1.1225,1.2764,1.4303,1.0922,1.1225,1.65,23.8503,2.0465,48.8563,48.8563,48.8563,23.8503,2.0465,,,,46.8098,21.8038,22.2003,22.7581,22.42,1,1,1,0,1,1,0,1,1,1,1,1
11/13/2025 14:44,1.4391,1.0956,0,1.155,1.29705,1.4391,1.0956,1.155,1.675,23.8927,2.0447,48.8938,48.8938,48.8938,23.8927,2.0447,,,,46.8491,21.848,22.2177,22.7971,22.4536,1,1,1,0,1,1,0,1,1,1,1,1
11/13/2025 14:49,1.435,1.0938,0,1.1088,1.2719,1.435,1.0938,1.1088,1.675,23.8532,2.0411,48.7875,48.7875,48.7875,23.8532,2.0411,,,,46.7464,21.8121,22.1782,22.7594,22.4182,1,1,1,0,1,1,0,1,1,1,1,1
11/13/2025 14:54,1.4375,1.0962,0,1.1088,1.27315,1.4375,1.0962,1.1088,1.675,23.8956,2.0501,48.8125,48.8125,48.8125,23.8956,2.0501,,,,46.7624,21.8455,22.2206,22.7994,22.4581,1,1,1,0,1,1,0,1,1,1,1,1
11/13/2025 14:59,1.4372,1.0919,0,1.1413,1.28925,1.4372,1.0919,1.1413,1.625,23.8899,2.0447,48.9875,48.9875,48.9875,23.8899,2.0447,,,,46.9428,21.8452,22.2649,22.798,22.4527,1,1,1,0,1,1,0,1,1,1,1,1
11/13/2025 15:04,1.4325,1.0931,0,1.1,1.26625,1.4325,1.0931,1.1,1.675,23.8617,2.0447,48.8375,48.8375,48.8375,23.8617,2.0447,,,,46.7928,21.817,22.1867,22.7686,22.4292,1,1,1,0,1,1,0,1,1,1,1,1
11/13/2025 15:09,1.4334,1.0925,0,1.14,1.2867,1.4334,1.0925,1.14,1.675,23.8701,2.0501,48.9063,48.9063,48.9063,23.8701,2.0501,,,,46.8562,21.82,22.1951,22.7776,22.4367,1,1,1,0,1,1,0,1,1,1,1,1
11/13/2025 15:14,1.4375,1.0956,0,1.1413,1.2894,1.4375,1.0956,1.1413,1.675,23.9012,2.0411,48.8813,48.8813,48.8813,23.9012,2.0411,,,,46.8402,21.8601,22.2262,22.8056,22.4637,1,1,1,0,1,1,0,1,1,1,1,1
11/13/2025 15:19,1.4294,1.0934,0,1.115,1.2722,1.4294,1.0934,1.115,1.65,23.8475,2.0411,48.75,48.75,48.75,23.8475,2.0411,,,,46.7089,21.8064,22.1975,22.7541,22.4181,1,1,1,0,1,1,0,1,1,1,1,1
11/13/2025 15:24,1.4369,1.0931,0,1.1125,1.2747,1.4369,1.0931,1.1125,1.725,23.8645,2.0465,48.4875,48.4875,48.4875,23.8645,2.0465,,,,46.441,21.818,22.1395,22.7714,22.4276,1,1,1,0,1,1,0,1,1,1,1,1
11/13/2025 15:29,1.4322,1.0947,0,1.145,1.2886,1.4322,1.0947,1.145,1.8,23.8758,2.0429,48.9813,48.9813,48.9813,23.8758,2.0429,,,,46.9384,21.8329,22.0758,22.7811,22.4436,1,1,1,0,1,1,0,1,1,1,1,1
11/13/2025 15:34,1.4294,1.095,0,1.1188,1.2741,1.4294,1.095,1.1188,1.75,23.8786,2.0465,48.7813,48.7813,48.7813,23.8786,2.0465,,,,46.7348,21.8321,22.1286,22.7836,22.4492,1,1,1,0,1,1,0,1,1,1,1,1
11/13/2025 15:39,1.4347,1.0925,0,1.1125,1.2736,1.4347,1.0925,1.1125,1.75,23.8701,2.0465,48.8625,48.8625,48.8625,23.8701,2.0465,,,,46.816,21.8236,22.1201,22.7776,22.4354,1,1,1,0,1,1,0,1,1,1,1,1
11/13/2025 15:44,1.4313,1.0916,0,1.1487,1.29,1.4313,1.0916,1.1487,1.725,23.8588,2.0429,48.95,48.95,48.95,23.8588,2.0429,,,,46.9071,21.8159,22.1338,22.7672,22.4275,1,1,1,0,1,1,0,1,1,1,1,1
11/13/2025 15:49,1.4303,1.0931,0,1.14,1.28515,1.4303,1.0931,1.14,1.725,23.8758,2.0483,48.575,48.575,48.575,23.8758,2.0483,,,,46.5267,21.8275,22.1508,22.7827,22.4455,1,1,1,0,1,1,0,1,1,1,1,1
11/13/2025 15:54,1.4363,1.0947,0,1.1375,1.2869,1.4363,1.0947,1.1375,1.775,23.9041,2.0393,48.9063,48.9063,48.9063,23.9041,2.0393,,,,46.867,21.8648,22.1291,22.8094,22.4678,1,1,1,0,1,1,0,1,1,1,1,1
11/13/2025 15:59,1.4344,1.0922,0,1.1487,1.29155,1.4344,1.0922,1.1487,1.725,23.8588,2.0483,48.7313,48.7313,48.7313,23.8588,2.0483,,,,46.683,21.8105,22.1338,22.7666,22.4244,1,1,1,0,1,1,0,1,1,1,1,1
11/13/2025 16:04,1.4284,1.0919,0,1.14,1.2842,1.4284,1.0919,1.14,1.725,23.8814,2.0519,48.8313,48.8313,48.8313,23.8814,2.0519,,,,46.7794,21.8295,22.1564,22.7895,22.453,1,1,1,0,1,1,0,1,1,1,1,1
11/13/2025 16:09,1.4328,1.0934,0,1.1113,1.27205,1.4328,1.0934,1.1113,1.775,23.8843,2.0429,49.0563,49.0563,49.0563,23.8843,2.0429,,,,47.0134,21.8414,22.1093,22.7909,22.4515,1,1,1,0,1,1,0,1,1,1,1,1
11/13/2025 16:14,1.4403,1.0944,0,1.1138,1.27705,1.4403,1.0944,1.1138,1.725,23.8758,2.0519,48.8563,48.8563,48.8563,23.8758,2.0519,,,,46.8044,21.8239,22.1508,22.7814,22.4355,1,1,1,0,1,1,0,1,1,1,1,1
11/13/2025 16:19,1.4419,1.0922,0,1.1075,1.2747,1.4419,1.0922,1.1075,1.725,23.8956,2.0429,48.975,48.975,48.975,23.8956,2.0429,,,,46.9321,21.8527,22.1706,22.8034,22.4537,1,1,1,0,1,1,0,1,1,1,1,1
11/13/2025 16:24,1.4363,1.0944,0,1.1475,1.2919,1.4363,1.0944,1.1475,1.75,23.873,2.0465,48.6688,48.6688,48.6688,23.873,2.0465,,,,46.6223,21.8265,22.123,22.7786,22.4367,1,1,1,0,1,1,0,1,1,1,1,1
11/13/2025 16:29,1.4325,1.095,0,1.1225,1.2775,1.4325,1.095,1.1225,1.725,23.8673,2.0483,48.5938,48.5938,48.5938,23.8673,2.0483,,,,46.5455,21.819,22.1423,22.7723,22.4348,1,1,1,0,1,1,0,1,1,1,1,1
11/13/2025 16:34,1.4372,1.0913,0,1.14,1.2886,1.4372,1.0913,1.14,1.75,23.8447,2.0411,48.9,48.9,48.9,23.8447,2.0411,,,,46.8589,21.8036,22.0947,22.7534,22.4075,1,1,1,0,1,1,0,1,1,1,1,1
11/13/2025 16:39,1.4359,1.0925,0,1.1225,1.2792,1.4359,1.0925,1.1225,1.75,23.8758,2.0483,48.8813,48.8813,48.8813,23.8758,2.0483,,,,46.833,21.8275,22.1258,22.7833,22.4399,1,1,1,0,1,1,0,1,1,1,1,1
11/13/2025 16:44,1.4344,1.0947,0,1.1113,1.27285,1.4344,1.0947,1.1113,1.725,23.873,2.0483,48.9,48.9,48.9,23.873,2.0483,,,,46.8517,21.8247,22.148,22.7783,22.4386,1,1,1,0,1,1,0,1,1,1,1,1
11/13/2025 16:49,1.4363,1.0938,0,1.1475,1.2919,1.4363,1.0938,1.1475,1.725,23.921,2.0555,48.8875,48.8875,48.8875,23.921,2.0555,,,,46.832,21.8655,22.196,22.8272,22.4847,1,1,1,0,1,1,0,1,1,1,1,1
11/13/2025 16:54,1.4338,1.0925,0,1.1525,1.29315,1.4338,1.0925,1.1525,1.775,23.8927,2.0501,49.05,49.05,49.05,23.8927,2.0501,,,,46.9999,21.8426,22.1177,22.8002,22.4589,1,1,1,0,1,1,0,1,1,1,1,1
11/13/2025 16:59,1.4369,1.0944,0,1.1575,1.2972,1.4369,1.0944,1.1575,1.75,23.9012,2.0465,48.875,48.875,48.875,23.9012,2.0465,,,,46.8285,21.8547,22.1512,22.8068,22.4643,1,1,1,0,1,1,0,1,1,1,1,1
11/13/2025 17:04,1.4372,1.0962,0,1.12,1.2786,1.4372,1.0962,1.12,1.725,23.873,2.0537,49.0125,49.0125,49.0125,23.873,2.0537,,,,46.9588,21.8193,22.148,22.7768,22.4358,1,1,1,0,1,1,0,1,1,1,1,1
11/13/2025 17:09,1.4341,1.0916,0,1.1387,1.2864,1.4341,1.0916,1.1387,1.75,23.8899,2.0483,48.925,48.925,48.925,23.8899,2.0483,,,,46.8767,21.8416,22.1399,22.7983,22.4558,1,1,1,0,1,1,0,1,1,1,1,1
11/13/2025 17:14,1.4422,1.0922,0,1.1075,1.27485,1.4422,1.0922,1.1075,1.8,23.8786,2.0573,48.65,48.65,48.65,23.8786,2.0573,,,,46.5927,21.8213,22.0786,22.7864,22.4364,1,1,1,0,1,1,0,1,1,1,1,1
11/13/2025 17:19,1.4316,1.0913,0,1.17,1.3008,1.4316,1.0913,1.17,1.85,23.8871,2.0483,49.1125,49.1125,49.1125,23.8871,2.0483,,,,47.0642,21.8388,22.0371,22.7958,22.4555,1,1,1,0,1,1,0,1,1,1,1,1
11/13/2025 17:24,1.4378,1.0941,0,1.1413,1.28955,1.4378,1.0941,1.1413,1.85,23.8758,2.0483,48.7438,48.7438,48.7438,23.8758,2.0483,,,,46.6955,21.8275,22.0258,22.7817,22.438,1,1,1,0,1,1,0,1,1,1,1,1
11/13/2025 17:29,1.4438,1.0916,0,1.1425,1.29315,1.4438,1.0916,1.1425,1.775,23.8645,2.0447,49.1,49.1,49.1,23.8645,2.0447,,,,47.0553,21.8198,22.0895,22.7729,22.4207,1,1,1,0,1,1,0,1,1,1,1,1
11/13/2025 17:34,1.4309,1.0919,0,1.1325,1.2817,1.4309,1.0919,1.1325,1.775,23.9125,2.0465,48.7438,48.7438,48.7438,23.9125,2.0465,,,,46.6973,21.866,22.1375,22.8206,22.4816,1,1,1,0,1,1,0,1,1,1,1,1
11/13/2025 17:39,1.4338,1.0925,0,1.145,1.2894,1.4338,1.0925,1.145,1.775,23.8617,2.0537,48.9563,48.9563,48.9563,23.8617,2.0537,,,,46.9026,21.808,22.0867,22.7692,22.4279,1,1,1,0,1,1,0,1,1,1,1,1
11/13/2025 17:44,1.4397,1.0938,0,1.14,1.28985,1.4397,1.0938,1.14,1.85,23.8814,2.0465,48.75,48.75,48.75,23.8814,2.0465,,,,46.7035,21.8349,22.0314,22.7876,22.4417,1,1,1,0,1,1,0,1,1,1,1,1
11/13/2025 17:49,1.4369,1.0916,0,1.1575,1.2972,1.4369,1.0916,1.1575,1.85,23.8786,2.0447,48.9,48.9,48.9,23.8786,2.0447,,,,46.8553,21.8339,22.0286,22.787,22.4417,1,1,1,0,1,1,0,1,1,1,1,1
11/13/2025 17:54,1.4394,1.0944,0,1.1387,1.28905,1.4394,1.0944,1.1387,1.85,23.9125,2.0573,48.9125,48.9125,48.9125,23.9125,2.0573,,,,46.8552,21.8552,22.0625,22.8181,22.4731,1,1,1,0,1,1,0,1,1,1,1,1
11/13/2025 17:59,1.4319,1.0925,0,1.1163,1.2741,1.4319,1.0925,1.1163,1.8,23.873,2.0483,49.0688,49.0688,49.0688,23.873,2.0483,,,,47.0205,21.8247,22.073,22.7805,22.4411,1,1,1,0,1,1,0,1,1,1,1,1
11/13/2025 18:04,1.4366,1.0903,0,1.1263,1.28145,1.4366,1.0903,1.1263,1.8,23.8871,2.0519,48.8625,48.8625,48.8625,23.8871,2.0519,,,,46.8106,21.8352,22.0871,22.7968,22.4505,1,1,1,0,1,1,0,1,1,1,1,1
11/13/2025 18:09,1.4356,1.0909,0,1.1575,1.29655,1.4356,1.0909,1.1575,1.775,23.873,2.0519,48.8625,48.8625,48.8625,23.873,2.0519,,,,46.8106,21.8211,22.098,22.7821,22.4374,1,1,1,0,1,1,0,1,1,1,1,1
11/13/2025 18:14,1.4394,1.0925,0,1.1287,1.28405,1.4394,1.0925,1.1287,1.775,23.8956,2.0573,49.0688,49.0688,49.0688,23.8956,2.0573,,,,47.0115,21.8383,22.1206,22.8031,22.4562,1,1,1,0,1,1,0,1,1,1,1,1
11/13/2025 18:19,1.4422,1.0916,0,1.12,1.2811,1.4422,1.0916,1.12,1.775,23.9012,2.0501,48.8125,48.8125,48.8125,23.9012,2.0501,,,,46.7624,21.8511,22.1262,22.8096,22.459,1,1,1,0,1,1,0,1,1,1,1,1
11/13/2025 18:24,1.4353,1.0941,0,1.1188,1.27705,1.4353,1.0941,1.1188,1.775,23.9012,2.0483,49.0375,49.0375,49.0375,23.9012,2.0483,,,,46.9892,21.8529,22.1262,22.8071,22.4659,1,1,1,0,1,1,0,1,1,1,1,1
11/13/2025 18:29,1.4378,1.0909,0,1.14,1.2889,1.4378,1.0909,1.14,1.775,23.8984,2.0519,49.1063,49.1063,49.1063,23.8984,2.0519,,,,47.0544,21.8465,22.1234,22.8075,22.4606,1,1,1,0,1,1,0,1,1,1,1,1
11/13/2025 18:34,1.44,1.0934,0,1.135,1.2875,1.44,1.0934,1.135,1.8,23.8984,2.0573,49.1063,49.1063,49.1063,23.8984,2.0573,,,,47.049,21.8411,22.0984,22.805,22.4584,1,1,1,0,1,1,0,1,1,1,1,1
11/13/2025 18:39,1.4378,1.0919,0,1.135,1.2864,1.4378,1.0919,1.135,1.8,23.8871,2.0555,49.0188,49.0188,49.0188,23.8871,2.0555,,,,46.9633,21.8316,22.0871,22.7952,22.4493,1,1,1,0,1,1,0,1,1,1,1,1
11/13/2025 18:44,1.4394,1.0919,0,1.135,1.2872,1.4394,1.0919,1.135,1.775,23.9069,2.0501,49.05,49.05,49.05,23.9069,2.0501,,,,46.9999,21.8568,22.1319,22.815,22.4675,1,1,1,0,1,1,0,1,1,1,1,1
11/13/2025 18:49,1.4391,1.0909,0,1.1413,1.2902,1.4391,1.0909,1.1413,1.8,23.873,2.0519,48.925,48.925,48.925,23.873,2.0519,,,,46.8731,21.8211,22.073,22.7821,22.4339,1,1,1,0,1,1,0,1,1,1,1,1
11/13/2025 18:54,1.4484,1.0897,0,1.1487,1.29855,1.4484,1.0897,1.1487,1.775,23.8871,2.0537,48.8938,48.8938,48.8938,23.8871,2.0537,,,,46.8401,21.8334,22.1121,22.7974,22.4387,1,1,1,0,1,1,0,1,1,1,1,1
11/13/2025 18:59,1.4475,1.09,0,1.1525,1.3,1.4475,1.09,1.1525,1.775,23.8899,2.0537,49,49,49,23.8899,2.0537,,,,46.9463,21.8362,22.1149,22.7999,22.4424,1,1,1,0,1,1,0,1,1,1,1,1
11/13/2025 19:04,1.4428,1.0906,0,1.14,1.2914,1.4428,1.0906,1.14,1.775,23.8588,2.0537,49.2063,49.2063,49.2063,23.8588,2.0537,,,,47.1526,21.8051,22.0838,22.7682,22.416,1,1,1,0,1,1,0,1,1,1,1,1
11/13/2025 19:09,1.4394,1.0931,0,1.1225,1.28095,1.4394,1.0931,1.1225,1.775,23.8899,2.0537,49.05,49.05,49.05,23.8899,2.0537,,,,46.9963,21.8362,22.1149,22.7968,22.4505,1,1,1,0,1,1,0,1,1,1,1,1
11/13/2025 19:14,1.4469,1.0906,0,1.1338,1.29035,1.4469,1.0906,1.1338,1.8,23.8984,2.0483,48.9438,48.9438,48.9438,23.8984,2.0483,,,,46.8955,21.8501,22.0984,22.8078,22.4515,1,1,1,0,1,1,0,1,1,1,1,1
11/13/2025 19:19,1.4453,1.0906,0,1.1475,1.2964,1.4453,1.0906,1.1475,1.775,23.8984,2.0537,49.0688,49.0688,49.0688,23.8984,2.0537,,,,47.0151,21.8447,22.1234,22.8078,22.4531,1,1,1,0,1,1,0,1,1,1,1,1
11/13/2025 19:24,1.445,1.09,0,1.1213,1.28315,1.445,1.09,1.1213,1.775,23.873,2.0573,49.15,49.15,49.15,23.873,2.0573,,,,47.0927,21.8157,22.098,22.783,22.428,1,1,1,0,1,1,0,1,1,1,1,1
11/13/2025 19:29,1.4366,1.0934,0,1.1275,1.28205,1.4366,1.0934,1.1275,1.775,23.8786,2.0519,49.025,49.025,49.025,23.8786,2.0519,,,,46.9731,21.8267,22.1036,22.7852,22.442,1,1,1,0,1,1,0,1,1,1,1,1
11/13/2025 19:34,1.4422,1.0925,0,1.145,1.2936,1.4422,1.0925,1.145,1.8,23.8645,2.0519,48.9188,48.9188,48.9188,23.8645,2.0519,,,,46.8669,21.8126,22.0645,22.772,22.4223,1,1,1,0,1,1,0,1,1,1,1,1
11/13/2025 19:39,1.4447,1.0916,0,1.1287,1.2867,1.4447,1.0916,1.1287,1.775,23.8871,2.0483,49.0188,49.0188,49.0188,23.8871,2.0483,,,,46.9705,21.8388,22.1121,22.7955,22.4424,1,1,1,0,1,1,0,1,1,1,1,1
11/13/2025 19:44,1.4453,1.0919,0,1.1675,1.3064,1.4453,1.0919,1.1675,1.775,23.8956,2.0483,48.8125,48.8125,48.8125,23.8956,2.0483,,,,46.7642,21.8473,22.1206,22.8037,22.4503,1,1,1,0,1,1,0,1,1,1,1,1
11/13/2025 19:49,1.44,1.0913,0,1.1325,1.28625,1.44,1.0913,1.1325,1.775,23.8871,2.0627,48.9,48.9,48.9,23.8871,2.0627,,,,46.8373,21.8244,22.1121,22.7958,22.4471,1,1,1,0,1,1,0,1,1,1,1,1
11/13/2025 19:54,1.4409,1.0925,0,1.1275,1.2842,1.4409,1.0925,1.1275,1.775,23.8786,2.0573,49.1813,49.1813,49.1813,23.8786,2.0573,,,,47.124,21.8213,22.1036,22.7861,22.4377,1,1,1,0,1,1,0,1,1,1,1,1
11/13/2025 19:59,1.4472,1.09,0,1.1163,1.28175,1.4472,1.09,1.1163,1.775,23.8673,2.0537,49.2313,49.2313,49.2313,23.8673,2.0537,,,,47.1776,21.8136,22.0923,22.7773,22.4201,1,1,1,0,1,1,0,1,1,1,1,1
11/13/2025 20:04,1.4375,1.09,0,1.1538,1.29565,1.4375,1.09,1.1538,1.8,23.8843,2.0573,49.125,49.125,49.125,23.8843,2.0573,,,,47.0677,21.827,22.0843,22.7943,22.4468,1,1,1,0,1,1,0,1,1,1,1,1
11/13/2025 20:09,1.445,1.0919,0,1.1813,1.31315,1.445,1.0919,1.1813,1.75,23.8984,2.0483,48.9125,48.9125,48.9125,23.8984,2.0483,,,,46.8642,21.8501,22.1484,22.8065,22.4534,1,1,1,0,1,1,0,1,1,1,1,1
11/13/2025 20:14,1.4431,1.0916,0,1.1375,1.2903,1.4431,1.0916,1.1375,1.725,23.8984,2.0591,48.9063,48.9063,48.9063,23.8984,2.0591,,,,46.8472,21.8393,22.1734,22.8068,22.4553,1,1,1,0,1,1,0,1,1,1,1,1
11/13/2025 20:19,1.4519,1.0906,0,1.1225,1.2872,1.4519,1.0906,1.1225,1.675,23.8871,2.0537,48.9688,48.9688,48.9688,23.8871,2.0537,,,,46.9151,21.8334,22.2121,22.7965,22.4352,1,1,1,0,1,1,0,1,1,1,1,1
11/13/2025 20:24,1.4397,1.0903,0,1.1425,1.2911,1.4397,1.0903,1.1425,1.675,23.8786,2.0537,49.0313,49.0313,49.0313,23.8786,2.0537,,,,46.9776,21.8249,22.2036,22.7883,22.4389,1,1,1,0,1,1,0,1,1,1,1,1
11/13/2025 20:29,1.4428,1.0897,0,1.1225,1.28265,1.4428,1.0897,1.1225,1.675,23.856,2.0537,48.925,48.925,48.925,23.856,2.0537,,,,46.8713,21.8023,22.181,22.7663,22.4132,1,1,1,0,1,1,0,1,1,1,1,1
11/13/2025 20:34,1.4484,1.0897,0,1.17,1.3092,1.4484,1.0897,1.17,1.775,23.8843,2.0627,49.1,49.1,49.1,23.8843,2.0627,,,,47.0373,21.8216,22.1093,22.7946,22.4359,1,1,1,0,1,1,0,1,1,1,1,1
11/13/2025 20:39,1.4369,1.0916,0,1.1513,1.2941,1.4369,1.0916,1.1513,1.75,23.8927,2.0555,49.1375,49.1375,49.1375,23.8927,2.0555,,,,47.082,21.8372,22.1427,22.8011,22.4558,1,1,1,0,1,1,0,1,1,1,1,1
11/13/2025 20:44,1.4484,1.0913,0,1.1663,1.30735,1.4484,1.0913,1.1663,1.8,23.9154,2.0537,49.0125,49.0125,49.0125,23.9154,2.0537,,,,46.9588,21.8617,22.1154,22.8241,22.467,1,1,1,0,1,1,0,1,1,1,1,1
11/13/2025 20:49,1.4488,1.0916,0,1.1387,1.29375,1.4488,1.0916,1.1387,1.675,23.9041,2.0573,48.8875,48.8875,48.8875,23.9041,2.0573,,,,46.8302,21.8468,22.2291,22.8125,22.4553,1,1,1,0,1,1,0,1,1,1,1,1
11/13/2025 20:54,1.4381,1.0925,0,1.1113,1.2747,1.4381,1.0925,1.1113,1.675,23.8899,2.0591,49.2188,49.2188,49.2188,23.8899,2.0591,,,,47.1597,21.8308,22.2149,22.7974,22.4518,1,1,1,0,1,1,0,1,1,1,1,1
11/13/2025 20:59,1.4434,1.0931,0,1.1475,1.29545,1.4434,1.0931,1.1475,1.8,23.8617,2.0501,49.175,49.175,49.175,23.8617,2.0501,,,,47.1249,21.8116,22.0617,22.7686,22.4183,1,1,1,0,1,1,0,1,1,1,1,1
11/13/2025 21:04,1.4444,1.0906,0,1.1638,1.3041,1.4444,1.0906,1.1638,1.775,23.9125,2.0591,49.125,49.125,49.125,23.9125,2.0591,,,,47.0659,21.8534,22.1375,22.8219,22.4681,1,1,1,0,1,1,0,1,1,1,1,1
11/13/2025 21:09,1.4484,1.0913,0,1.1413,1.29485,1.4484,1.0913,1.1413,1.75,23.873,2.0501,48.8625,48.8625,48.8625,23.873,2.0501,,,,46.8124,21.8229,22.123,22.7817,22.4246,1,1,1,0,1,1,0,1,1,1,1,1
11/13/2025 21:14,1.4394,1.0903,0,1.145,1.2922,1.4394,1.0903,1.145,1.8,23.8758,2.0573,49.1063,49.1063,49.1063,23.8758,2.0573,,,,47.049,21.8185,22.0758,22.7855,22.4364,1,1,1,0,1,1,0,1,1,1,1,1
11/13/2025 21:19,1.4497,1.0919,0,1.1263,1.288,1.4497,1.0919,1.1263,1.8,23.8701,2.0537,48.875,48.875,48.875,23.8701,2.0537,,,,46.8213,21.8164,22.0701,22.7782,22.4204,1,1,1,0,1,1,0,1,1,1,1,1
11/13/2025 21:24,1.4475,1.0894,0,1.1325,1.29,1.4475,1.0894,1.1325,1.75,23.9154,2.0537,49.2563,49.2563,49.2563,23.9154,2.0537,,,,47.2026,21.8617,22.1654,22.826,22.4679,1,1,1,0,1,1,0,1,1,1,1,1
11/13/2025 21:29,1.4491,1.0881,0,1.115,1.28205,1.4491,1.0881,1.115,1.675,23.8814,2.0555,49.15,49.15,49.15,23.8814,2.0555,,,,47.0945,21.8259,22.2064,22.7933,22.4323,1,1,1,0,1,1,0,1,1,1,1,1
11/13/2025 21:34,1.4394,1.0897,0,1.1425,1.29095,1.4394,1.0897,1.1425,1.675,23.8617,2.0537,48.9313,48.9313,48.9313,23.8617,2.0537,,,,46.8776,21.808,22.1867,22.772,22.4223,1,1,1,0,1,1,0,1,1,1,1,1
11/13/2025 21:39,1.4478,1.0925,0,1.1463,1.29705,1.4478,1.0925,1.1463,1.675,23.9069,2.0501,49.075,49.075,49.075,23.9069,2.0501,,,,47.0249,21.8568,22.2319,22.8144,22.4591,1,1,1,0,1,1,0,1,1,1,1,1
11/13/2025 21:44,1.4459,1.0909,0,1.1487,1.2973,1.4459,1.0909,1.1487,1.725,23.8617,2.0501,48.9688,48.9688,48.9688,23.8617,2.0501,,,,46.9187,21.8116,22.1367,22.7708,22.4158,1,1,1,0,1,1,0,1,1,1,1,1
11/13/2025 21:49,1.4484,1.0916,0,1.1725,1.31045,1.4484,1.0916,1.1725,1.675,23.8871,2.0591,48.9625,48.9625,48.9625,23.8871,2.0591,,,,46.9034,21.828,22.2121,22.7955,22.4387,1,1,1,0,1,1,0,1,1,1,1,1
11/13/2025 21:54,1.4412,1.0894,0,1.1638,1.3025,1.4412,1.0894,1.1638,1.75,23.8984,2.0501,48.9688,48.9688,48.9688,23.8984,2.0501,,,,46.9187,21.8483,22.1484,22.809,22.4572,1,1,1,0,1,1,0,1,1,1,1,1
11/13/2025 21:59,1.4472,1.0925,0,1.1638,1.3055,1.4472,1.0925,1.1638,1.675,23.9069,2.0537,49.2438,49.2438,49.2438,23.9069,2.0537,,,,47.1901,21.8532,22.2319,22.8144,22.4597,1,1,1,0,1,1,0,1,1,1,1,1
11/13/2025 22:04,1.4388,1.0909,0,1.1738,1.3063,1.4388,1.0909,1.1738,1.725,23.9069,2.0573,49.0938,49.0938,49.0938,23.9069,2.0573,,,,47.0365,21.8496,22.1819,22.816,22.4681,1,1,1,0,1,1,0,1,1,1,1,1
11/13/2025 22:09,1.4425,1.0897,0,1.1313,1.2869,1.4425,1.0897,1.1313,1.675,23.9041,2.0555,49.275,49.275,49.275,23.9041,2.0555,,,,47.2195,21.8486,22.2291,22.8144,22.4616,1,1,1,0,1,1,0,1,1,1,1,1
11/13/2025 22:14,1.4469,1.0913,0,1.1675,1.3072,1.4469,1.0913,1.1675,1.725,23.8984,2.0519,49.0438,49.0438,49.0438,23.8984,2.0519,,,,46.9919,21.8465,22.1734,22.8071,22.4515,1,1,1,0,1,1,0,1,1,1,1,1
11/13/2025 22:19,1.4463,1.0891,0,1.1375,1.2919,1.4463,1.0891,1.1375,1.75,23.8532,2.0501,48.925,48.925,48.925,23.8532,2.0501,,,,46.8749,21.8031,22.1032,22.7641,22.4069,1,1,1,0,1,1,0,1,1,1,1,1
11/13/2025 22:24,1.4459,1.0894,0,1.1487,1.2973,1.4459,1.0894,1.1487,1.675,23.8843,2.0573,48.8813,48.8813,48.8813,23.8843,2.0573,,,,46.824,21.827,22.2093,22.7949,22.4384,1,1,1,0,1,1,0,1,1,1,1,1
11/13/2025 22:29,1.4503,1.09,0,1.14,1.29515,1.4503,1.09,1.14,1.75,23.8588,2.0519,48.9188,48.9188,48.9188,23.8588,2.0519,,,,46.8669,21.8069,22.1088,22.7688,22.4085,1,1,1,0,1,1,0,1,1,1,1,1
11/13/2025 22:34,1.4381,1.0909,0,1.1587,1.2984,1.4381,1.0909,1.1587,1.675,23.8786,2.0501,49.0625,49.0625,49.0625,23.8786,2.0501,,,,47.0124,21.8285,22.2036,22.7877,22.4405,1,1,1,0,1,1,0,1,1,1,1,1
11/13/2025 22:39,1.4469,1.09,0,1.1425,1.2947,1.4469,1.09,1.1425,1.675,23.8701,2.0591,49.0688,49.0688,49.0688,23.8701,2.0591,,,,47.0097,21.811,22.1951,22.7801,22.4232,1,1,1,0,1,1,0,1,1,1,1,1
11/13/2025 22:44,1.4422,1.0894,0,1.1463,1.29425,1.4422,1.0894,1.1463,1.675,23.9125,2.0555,49.1813,49.1813,49.1813,23.9125,2.0555,,,,47.1258,21.857,22.2375,22.8231,22.4703,1,1,1,0,1,1,0,1,1,1,1,1
11/13/2025 22:49,1.4466,1.09,0,1.1413,1.29395,1.4466,1.09,1.1413,1.675,23.9041,2.0537,49.1375,49.1375,49.1375,23.9041,2.0537,,,,47.0838,21.8504,22.2291,22.8141,22.4575,1,1,1,0,1,1,0,1,1,1,1,1
11/13/2025 22:54,1.4484,1.09,0,1.1538,1.3011,1.4484,1.09,1.1538,1.675,23.8617,2.0519,49.25,49.25,49.25,23.8617,2.0519,,,,47.1981,21.8098,22.1867,22.7717,22.4133,1,1,1,0,1,1,0,1,1,1,1,1
11/13/2025 22:59,1.4547,1.09,0,1.135,1.29485,1.4547,1.09,1.135,1.675,23.8871,2.0537,49.1438,49.1438,49.1438,23.8871,2.0537,,,,47.0901,21.8334,22.2121,22.7971,22.4324,1,1,1,0,1,1,0,1,1,1,1,1
11/13/2025 23:04,1.4434,1.0897,0,1.1463,1.29485,1.4434,1.0897,1.1463,1.675,23.856,2.0501,48.9,48.9,48.9,23.856,2.0501,,,,46.8499,21.8059,22.181,22.7663,22.4126,1,1,1,0,1,1,0,1,1,1,1,1
11/13/2025 23:09,1.44,1.0884,0,1.1738,1.3069,1.44,1.0884,1.1738,1.725,23.9012,2.0537,48.8125,48.8125,48.8125,23.9012,2.0537,,,,46.7588,21.8475,22.1762,22.8128,22.4612,1,1,1,0,1,1,0,1,1,1,1,1
11/13/2025 23:14,1.4488,1.0881,0,1.1338,1.2913,1.4488,1.0881,1.1338,1.675,23.8701,2.0555,48.9438,48.9438,48.9438,23.8701,2.0555,,,,46.8883,21.8146,22.1951,22.782,22.4213,1,1,1,0,1,1,0,1,1,1,1,1
11/13/2025 23:19,1.4428,1.09,0,1.1287,1.28575,1.4428,1.09,1.1287,1.65,23.873,2.0573,49.2313,49.2313,49.2313,23.873,2.0573,,,,47.174,21.8157,22.223,22.783,22.4302,1,1,1,0,1,1,0,1,1,1,1,1
11/13/2025 23:24,1.4412,1.0891,0,1.12,1.2806,1.4412,1.0891,1.12,1.75,23.8701,2.0483,48.85,48.85,48.85,23.8701,2.0483,,,,46.8017,21.8218,22.1201,22.781,22.4289,1,1,1,0,1,1,0,1,1,1,1,1
11/13/2025 23:29,1.4478,1.0897,0,1.0962,1.272,1.4478,1.0897,1.0962,1.675,23.8843,2.0429,48.8563,48.8563,48.8563,23.8843,2.0429,,,,46.8134,21.8414,22.2093,22.7946,22.4365,1,1,1,0,1,1,0,1,1,1,1,1
11/13/2025 23:34,1.4463,1.0903,0,1.1413,1.2938,1.4463,1.0903,1.1413,1.675,23.8814,2.0519,49.1625,49.1625,49.1625,23.8814,2.0519,,,,47.1106,21.8295,22.2064,22.7911,22.4351,1,1,1,0,1,1,0,1,1,1,1,1
11/13/2025 23:39,1.4456,1.0903,0,1.1213,1.28345,1.4456,1.0903,1.1213,1.675,23.8701,2.0573,49.2188,49.2188,49.2188,23.8701,2.0573,,,,47.1615,21.8128,22.1951,22.7798,22.4245,1,1,1,0,1,1,0,1,1,1,1,1
11/13/2025 23:44,1.4434,1.0884,0,1.135,1.2892,1.4434,1.0884,1.135,1.725,23.8927,2.0519,49.0625,49.0625,49.0625,23.8927,2.0519,,,,47.0106,21.8408,22.1677,22.8043,22.4493,1,1,1,0,1,1,0,1,1,1,1,1
11/13/2025 23:49,1.4475,1.0884,0,1.145,1.29625,1.4475,1.0884,1.145,1.675,23.9069,2.0501,48.9438,48.9438,48.9438,23.9069,2.0501,,,,46.8937,21.8568,22.2319,22.8185,22.4594,1,1,1,0,1,1,0,1,1,1,1,1
11/13/2025 23:54,1.4453,1.0906,0,1.145,1.29515,1.4453,1.0906,1.145,1.675,23.873,2.0537,49.25,49.25,49.25,23.873,2.0537,,,,47.1963,21.8193,22.198,22.7824,22.4277,1,1,1,0,1,1,0,1,1,1,1,1
11/13/2025 23:59,1.4466,1.0888,0,1.1538,1.3002,1.4466,1.0888,1.1538,1.675,23.9069,2.0555,49.0688,49.0688,49.0688,23.9069,2.0555,,,,47.0133,21.8514,22.2319,22.8181,22.4603,1,1,1,0,1,1,0,1,1,1,1,1
11/14/2025 0:04,1.4475,1.0897,0,1.1638,1.30565,1.4475,1.0897,1.1638,1.675,23.8843,2.0519,49.075,49.075,49.075,23.8843,2.0519,,,,47.0231,21.8324,22.2093,22.7946,22.4368,1,1,1,0,1,1,0,1,1,1,1,1
11/14/2025 0:09,1.4419,1.0897,0,1.17,1.30595,1.4419,1.0897,1.17,1.725,23.8673,2.0483,48.9875,48.9875,48.9875,23.8673,2.0483,,,,46.9392,21.819,22.1423,22.7776,22.4254,1,1,1,0,1,1,0,1,1,1,1,1
11/14/2025 0:14,1.4484,1.0881,0,1.1475,1.29795,1.4484,1.0881,1.1475,1.725,23.8871,2.0483,49.0125,49.0125,49.0125,23.8871,2.0483,,,,46.9642,21.8388,22.1621,22.799,22.4387,1,1,1,0,1,1,0,1,1,1,1,1
11/14/2025 0:19,1.4503,1.0888,0,1.1775,1.3139,1.4503,1.0888,1.1775,1.725,23.9012,2.0447,48.9313,48.9313,48.9313,23.9012,2.0447,,,,46.8866,21.8565,22.1762,22.8124,22.4509,1,1,1,0,1,1,0,1,1,1,1,1
11/14/2025 0:24,1.4469,1.0891,0,1.135,1.29095,1.4469,1.0891,1.135,1.725,23.8984,2.0519,49.1563,49.1563,49.1563,23.8984,2.0519,,,,47.1044,21.8465,22.1734,22.8093,22.4515,1,1,1,0,1,1,0,1,1,1,1,1
11/14/2025 0:29,1.4356,1.0878,0,1.16,1.2978,1.4356,1.0878,1.16,1.65,23.9069,2.0537,49.1875,49.1875,49.1875,23.9069,2.0537,,,,47.1338,21.8532,22.2569,22.8191,22.4713,1,1,1,0,1,1,0,1,1,1,1,1
11/14/2025 0:34,1.4528,1.0888,0,1.1525,1.30265,1.4528,1.0888,1.1525,1.675,23.8701,2.0609,49.2688,49.2688,49.2688,23.8701,2.0609,,,,47.2079,21.8092,22.1951,22.7813,22.4173,1,1,1,0,1,1,0,1,1,1,1,1
11/14/2025 0:39,1.4472,1.0881,0,1.1575,1.30235,1.4472,1.0881,1.1575,1.725,23.8786,2.0501,48.9,48.9,48.9,23.8786,2.0501,,,,46.8499,21.8285,22.1536,22.7905,22.4314,1,1,1,0,1,1,0,1,1,1,1,1
11/14/2025 0:44,1.4447,1.0888,0,1.1263,1.2855,1.4447,1.0888,1.1263,1.725,23.9323,2.0519,48.9938,48.9938,48.9938,23.9323,2.0519,,,,46.9419,21.8804,22.2073,22.8435,22.4876,1,1,1,0,1,1,0,1,1,1,1,1
11/14/2025 0:49,1.4506,1.0897,0,1.135,1.2928,1.4506,1.0897,1.135,1.725,23.8871,2.0555,49.0688,49.0688,49.0688,23.8871,2.0555,,,,47.0133,21.8316,22.1621,22.7974,22.4365,1,1,1,0,1,1,0,1,1,1,1,1
11/14/2025 0:54,1.4516,1.0881,0,1.125,1.2883,1.4516,1.0881,1.125,1.725,23.8899,2.0483,48.975,48.975,48.975,23.8899,2.0483,,,,46.9267,21.8416,22.1649,22.8018,22.4383,1,1,1,0,1,1,0,1,1,1,1,1
11/14/2025 0:59,1.4409,1.0888,0,1.1538,1.29735,1.4409,1.0888,1.1538,1.725,23.8871,2.0519,49.1813,49.1813,49.1813,23.8871,2.0519,,,,47.1294,21.8352,22.1621,22.7983,22.4462,1,1,1,0,1,1,0,1,1,1,1,1
11/14/2025 1:04,1.4497,1.0894,0,1.1525,1.3011,1.4497,1.0894,1.1525,1.725,23.8758,2.0609,49.15,49.15,49.15,23.8758,2.0609,,,,47.0891,21.8149,22.1508,22.7864,22.4261,1,1,1,0,1,1,0,1,1,1,1,1
11/14/2025 1:09,1.4509,1.0891,0,1.125,1.28795,1.4509,1.0891,1.125,1.75,23.8814,2.0465,49.1938,49.1938,49.1938,23.8814,2.0465,,,,47.1473,21.8349,22.1314,22.7923,22.4305,1,1,1,0,1,1,0,1,1,1,1,1
11/14/2025 1:14,1.4516,1.0878,0,1.1487,1.30015,1.4516,1.0878,1.1487,1.65,23.8984,2.0519,49.2938,49.2938,49.2938,23.8984,2.0519,,,,47.2419,21.8465,22.2484,22.8106,22.4468,1,1,1,0,1,1,0,1,1,1,1,1
11/14/2025 1:19,1.4456,1.0872,0,1.135,1.2903,1.4456,1.0872,1.135,1.725,23.9125,2.0519,49.0125,49.0125,49.0125,23.9125,2.0519,,,,46.9606,21.8606,22.1875,22.8253,22.4669,1,1,1,0,1,1,0,1,1,1,1,1
11/14/2025 1:24,1.4547,1.0906,0,1.155,1.30485,1.4547,1.0906,1.155,1.65,23.9097,2.0483,49.1063,49.1063,49.1063,23.9097,2.0483,,,,47.058,21.8614,22.2597,22.8191,22.455,1,1,1,0,1,1,0,1,1,1,1,1
11/14/2025 1:29,1.4453,1.0872,0,1.1587,1.302,1.4453,1.0872,1.1587,1.675,23.8758,2.0465,48.925,48.925,48.925,23.8758,2.0465,,,,46.8785,21.8293,22.2008,22.7886,22.4305,1,1,1,0,1,1,0,1,1,1,1,1
11/14/2025 1:34,1.4381,1.0872,0,1.1213,1.2797,1.4381,1.0872,1.1213,1.65,23.9012,2.0591,49.075,49.075,49.075,23.9012,2.0591,,,,47.0159,21.8421,22.2512,22.814,22.4631,1,1,1,0,1,1,0,1,1,1,1,1
11/14/2025 1:39,1.4453,1.0859,0,1.1425,1.2939,1.4453,1.0859,1.1425,1.65,23.8843,2.0537,49.0563,49.0563,49.0563,23.8843,2.0537,,,,47.0026,21.8306,22.2343,22.7984,22.439,1,1,1,0,1,1,0,1,1,1,1,1
11/14/2025 1:44,1.4456,1.0897,0,1.145,1.2953,1.4456,1.0897,1.145,1.65,23.8843,2.0447,48.9188,48.9188,48.9188,23.8843,2.0447,,,,46.8741,21.8396,22.2343,22.7946,22.4387,1,1,1,0,1,1,0,1,1,1,1,1
11/14/2025 1:49,1.4453,1.0881,0,1.1287,1.287,1.4453,1.0881,1.1287,1.725,23.8956,2.0501,49.2938,49.2938,49.2938,23.8956,2.0501,,,,47.2437,21.8455,22.1706,22.8075,22.4503,1,1,1,0,1,1,0,1,1,1,1,1
11/14/2025 1:54,1.4512,1.0866,0,1.1638,1.3075,1.4512,1.0866,1.1638,1.65,23.8645,2.0501,49.2,49.2,49.2,23.8645,2.0501,,,,47.1499,21.8144,22.2145,22.7779,22.4133,1,1,1,0,1,1,0,1,1,1,1,1
11/14/2025 1:59,1.4484,1.0878,0,1.145,1.2967,1.4484,1.0878,1.145,1.65,23.8814,2.0465,48.8875,48.8875,48.8875,23.8814,2.0465,,,,46.841,21.8349,22.2314,22.7936,22.433,1,1,1,0,1,1,0,1,1,1,1,1
11/14/2025 2:04,1.445,1.0866,0,1.1575,1.30125,1.445,1.0866,1.1575,1.6,23.8645,2.0483,49,49,49,23.8645,2.0483,,,,46.9517,21.8162,22.2645,22.7779,22.4195,1,1,1,0,1,1,0,1,1,1,1,1
11/14/2025 2:09,1.4481,1.0894,0,1.1025,1.2753,1.4481,1.0894,1.1025,1.65,23.873,2.0465,49.0188,49.0188,49.0188,23.873,2.0465,,,,46.9723,21.8265,22.223,22.7836,22.4249,1,1,1,0,1,1,0,1,1,1,1,1
11/14/2025 2:14,1.4503,1.0888,0,1.1275,1.2889,1.4503,1.0888,1.1275,1.65,23.8786,2.0483,49.1063,49.1063,49.1063,23.8786,2.0483,,,,47.058,21.8303,22.2286,22.7898,22.4283,1,1,1,0,1,1,0,1,1,1,1,1
11/14/2025 2:19,0.05,1.0856,0.0238,0.0663,0.03435,0.05,1.0856,0.0663,1.65,0.0028,-0.0018,-0.0813,-0.0813,-0.0813,0.0028,0.0018,,,,-0.0831,0.001,-1.6472,-1.0828,-0.0472,1,1,1,0,1,1,0,1,1,1,1,1
11/14/2025 2:24,0.0041,1.0862,0,0,0.00205,0.0041,1.0862,0,1.725,0,-0.0054,0.3188,0.3188,0.3188,0,0.0054,,,,0.3134,-0.0054,-1.725,-1.0862,-0.0041,1,1,1,0,1,1,0,1,1,1,1,1
11/14/2025 9:31,0.0541,1.6144,0,0.18,0.11705,0.0541,1.6144,0.18,1.65,0,-0.0054,8.6937,8.6937,8.6937,0,0.0054,,,,8.6883,-0.0054,-1.65,-1.6144,-0.0541,1,1,1,0,1,1,0,1,1,1,1,1
11/14/2025 9:36,1.4188,1.1553,0.0288,1.1188,1.24,1.4188,1.1553,1.1188,1.65,23.9012,2.2072,48.1625,48.1625,48.1625,23.9012,2.2072,,,,45.9553,21.694,22.2512,22.7459,22.4824,1,1,1,0,1,1,0,1,1,1,1,1
11/14/2025 9:41,1.4375,1.1119,0.0338,1.1375,1.2537,1.4375,1.1119,1.1375,1.65,23.8871,2.1007,48.7563,48.7563,48.7563,23.8871,2.1007,,,,46.6556,21.7864,22.2371,22.7752,22.4496,1,1,1,0,1,1,0,1,1,1,1,1
11/14/2025 9:46,1.4456,1.0944,0.0338,1.1313,1.25465,1.4456,1.0944,1.1313,1.65,23.8984,2.0591,48.8688,48.8688,48.8688,23.8984,2.0591,,,,46.8097,21.8393,22.2484,22.804,22.4528,1,1,1,0,1,1,0,1,1,1,1,1
11/14/2025 9:51,1.4412,1.0841,0.035,1.1638,1.2675,1.4412,1.0841,1.1638,1.65,23.9154,2.0501,49.1875,49.1875,49.1875,23.9154,2.0501,,,,47.1374,21.8653,22.2654,22.8313,22.4742,1,1,1,0,1,1,0,1,1,1,1,1
11/14/2025 9:56,1.4456,1.0828,0.035,1.1638,1.2697,1.4456,1.0828,1.1638,1.675,23.8871,2.032,48.8813,48.8813,48.8813,23.8871,2.032,,,,46.8493,21.8551,22.2121,22.8043,22.4415,1,1,1,0,1,1,0,1,1,1,1,1
11/14/2025 10:01,1.4409,1.0813,0.035,1.1113,1.2411,1.4409,1.0813,1.1113,1.65,23.8645,2.0248,49.1813,49.1813,49.1813,23.8645,2.0248,,,,47.1565,21.8397,22.2145,22.7832,22.4236,1,1,1,0,1,1,0,1,1,1,1,1
11/14/2025 10:06,1.4388,1.0822,0.04,1.1375,1.24815,1.4388,1.0822,1.1375,1.65,23.8786,2.0212,48.9875,48.9875,48.9875,23.8786,2.0212,,,,46.9663,21.8574,22.2286,22.7964,22.4398,1,1,1,0,1,1,0,1,1,1,1,1
11/14/2025 10:11,1.4431,1.08,0.0362,1.1387,1.2547,1.4431,1.08,1.1387,1.725,23.8843,2.0194,48.8563,48.8563,48.8563,23.8843,2.0194,,,,46.8369,21.8649,22.1593,22.8043,22.4412,1,1,1,0,1,1,0,1,1,1,1,1
11/14/2025 10:16,1.4353,1.0856,0.04,1.1525,1.2539,1.4353,1.0856,1.1525,1.675,23.8617,2.014,49.1563,49.1563,49.1563,23.8617,2.014,,,,47.1423,21.8477,22.1867,22.7761,22.4264,1,1,1,0,1,1,0,1,1,1,1,1
11/14/2025 10:21,1.4456,1.08,0.04,1.1275,1.24655,1.4456,1.08,1.1275,1.675,23.8814,2.0122,49.1688,49.1688,49.1688,23.8814,2.0122,,,,47.1566,21.8692,22.2064,22.8014,22.4358,1,1,1,0,1,1,0,1,1,1,1,1
11/14/2025 10:26,1.4366,1.0809,0.035,1.1375,1.25205,1.4366,1.0809,1.1375,1.65,23.9097,2.014,49.0563,49.0563,49.0563,23.9097,2.014,,,,47.0423,21.8957,22.2597,22.8288,22.4731,1,1,1,0,1,1,0,1,1,1,1,1
11/14/2025 10:31,1.4338,1.0784,0.04,1.1163,1.23505,1.4338,1.0784,1.1163,1.6,23.8927,2.0176,48.95,48.95,48.95,23.8927,2.0176,,,,46.9324,21.8751,22.2927,22.8143,22.4589,1,1,1,0,1,1,0,1,1,1,1,1
11/14/2025 10:36,1.4466,1.0825,0.0362,1.1613,1.26775,1.4466,1.0825,1.1613,1.6,23.8927,2.0122,49.1063,49.1063,49.1063,23.8927,2.0122,,,,47.0941,21.8805,22.2927,22.8102,22.4461,1,1,1,0,1,1,0,1,1,1,1,1
11/14/2025 10:41,1.4469,1.0806,0.04,1.1475,1.2572,1.4469,1.0806,1.1475,1.6,23.9012,2.0013,48.9813,48.9813,48.9813,23.9012,2.0013,,,,46.98,21.8999,22.3012,22.8206,22.4543,1,1,1,0,1,1,0,1,1,1,1,1
11/14/2025 10:46,1.4397,1.0819,0.0362,1.1538,1.26055,1.4397,1.0819,1.1538,1.6,23.8984,2.0049,49.025,49.025,49.025,23.8984,2.0049,,,,47.0201,21.8935,22.2984,22.8165,22.4587,1,1,1,0,1,1,0,1,1,1,1,1
11/14/2025 10:51,1.4434,1.0816,0.0362,1.165,1.268,1.4434,1.0816,1.165,1.675,23.8871,2.0013,48.9563,48.9563,48.9563,23.8871,2.0013,,,,46.955,21.8858,22.2121,22.8055,22.4437,1,1,1,0,1,1,0,1,1,1,1,1
11/14/2025 10:56,1.4338,1.0834,0.0338,1.1525,1.25935,1.4338,1.0834,1.1525,1.625,23.8673,2.0122,48.8,48.8,48.8,23.8673,2.0122,,,,46.7878,21.8551,22.2423,22.7839,22.4335,1,1,1,0,1,1,0,1,1,1,1,1
11/14/2025 11:01,1.4428,1.0834,0.0375,1.1638,1.2658,1.4428,1.0834,1.1638,1.6,23.873,2.0086,48.7563,48.7563,48.7563,23.873,2.0086,,,,46.7477,21.8644,22.273,22.7896,22.4302,1,1,1,0,1,1,0,1,1,1,1,1
11/14/2025 11:06,1.44,1.0809,0.0362,1.1525,1.26005,1.44,1.0809,1.1525,1.6,23.856,2.0031,49.0375,49.0375,49.0375,23.856,2.0031,,,,47.0344,21.8529,22.256,22.7751,22.416,1,1,1,0,1,1,0,1,1,1,1,1
11/14/2025 11:11,1.4366,1.0816,0.0338,1.1475,1.25825,1.4366,1.0816,1.1475,1.6,23.8758,1.9995,49.0375,49.0375,49.0375,23.8758,1.9995,,,,47.038,21.8763,22.2758,22.7942,22.4392,1,1,1,0,1,1,0,1,1,1,1,1
11/14/2025 11:16,1.4419,1.0809,0.0362,1.115,1.24225,1.4419,1.0809,1.115,1.6,23.8927,2.0031,48.825,48.825,48.825,23.8927,2.0031,,,,46.8219,21.8896,22.2927,22.8118,22.4508,1,1,1,0,1,1,0,1,1,1,1,1
11/14/2025 11:21,1.4372,1.0813,0.0362,1.12,1.2424,1.4372,1.0813,1.12,1.65,23.8843,2.0104,48.8313,48.8313,48.8313,23.8843,2.0104,,,,46.8209,21.8739,22.2343,22.803,22.4471,1,1,1,0,1,1,0,1,1,1,1,1
11/14/2025 11:26,1.44,1.0806,0.0362,1.1425,1.25505,1.44,1.0806,1.1425,1.65,23.8786,2.0067,48.8938,48.8938,48.8938,23.8786,2.0067,,,,46.8871,21.8719,22.2286,22.798,22.4386,1,1,1,0,1,1,0,1,1,1,1,1
11/14/2025 11:31,1.4331,1.0806,0.04,1.1188,1.23595,1.4331,1.0806,1.1188,1.625,23.8532,2.0086,48.975,48.975,48.975,23.8532,2.0086,,,,46.9664,21.8446,22.2282,22.7726,22.4201,1,1,1,0,1,1,0,1,1,1,1,1
11/14/2025 11:36,1.4378,1.0806,0.0362,1.155,1.2602,1.4378,1.0806,1.155,1.625,23.9069,2.0086,48.975,48.975,48.975,23.9069,2.0086,,,,46.9664,21.8983,22.2819,22.8263,22.4691,1,1,1,0,1,1,0,1,1,1,1,1
11/14/2025 11:41,1.4338,1.0803,0.035,1.1413,1.25255,1.4338,1.0803,1.1413,1.6,23.8701,2.0049,48.7938,48.7938,48.7938,23.8701,2.0049,,,,46.7889,21.8652,22.2701,22.7898,22.4363,1,1,1,0,1,1,0,1,1,1,1,1
11/14/2025 11:46,1.4325,1.0819,0.0362,1.1275,1.2438,1.4325,1.0819,1.1275,1.65,23.8786,1.9995,48.95,48.95,48.95,23.8786,1.9995,,,,46.9505,21.8791,22.2286,22.7967,22.4461,1,1,1,0,1,1,0,1,1,1,1,1
11/14/2025 11:51,1.4347,1.08,0.035,1.1287,1.2467,1.4347,1.08,1.1287,1.625,23.9012,1.9995,48.7688,48.7688,48.7688,23.9012,1.9995,,,,46.7693,21.9017,22.2762,22.8212,22.4665,1,1,1,0,1,1,0,1,1,1,1,1
11/14/2025 11:56,1.4369,1.0809,0.0338,1.1425,1.2559,1.4369,1.0809,1.1425,1.675,23.8871,2.0067,48.8813,48.8813,48.8813,23.8871,2.0067,,,,46.8746,21.8804,22.2121,22.8062,22.4502,1,1,1,0,1,1,0,1,1,1,1,1
11/14/2025 12:01,1.4291,1.0816,0.0375,1.1463,1.2502,1.4291,1.0816,1.1463,1.6,23.8899,2.0122,48.85,48.85,48.85,23.8899,2.0122,,,,46.8378,21.8777,22.2899,22.8083,22.4608,1,1,1,0,1,1,0,1,1,1,1,1
11/14/2025 12:06,1.4391,1.0831,0.035,1.1338,1.25145,1.4391,1.0831,1.1338,1.65,23.8701,2.0086,48.8625,48.8625,48.8625,23.8701,2.0086,,,,46.8539,21.8615,22.2201,22.787,22.431,1,1,1,0,1,1,0,1,1,1,1,1
11/14/2025 12:11,1.4394,1.0838,0.0362,1.1125,1.23975,1.4394,1.0838,1.1125,1.625,23.8956,2.0049,48.8688,48.8688,48.8688,23.8956,2.0049,,,,46.8639,21.8907,22.2706,22.8118,22.4562,1,1,1,0,1,1,0,1,1,1,1,1
11/14/2025 12:16,1.4331,1.0825,0.0375,1.1538,1.25595,1.4331,1.0825,1.1538,1.625,23.8588,2.0031,49.0188,49.0188,49.0188,23.8588,2.0031,,,,47.0157,21.8557,22.2338,22.7763,22.4257,1,1,1,0,1,1,0,1,1,1,1,1
11/14/2025 12:21,1.4328,1.0822,0.035,1.1338,1.2483,1.4328,1.0822,1.1338,1.575,23.873,2.0086,48.8625,48.8625,48.8625,23.873,2.0086,,,,46.8539,21.8644,22.298,22.7908,22.4402,1,1,1,0,1,1,0,1,1,1,1,1
11/14/2025 12:26,1.4353,1.0791,0.0338,1.1287,1.2482,1.4353,1.0791,1.1287,1.65,23.8617,2.0122,49.0063,49.0063,49.0063,23.8617,2.0122,,,,46.9941,21.8495,22.2117,22.7826,22.4264,1,1,1,0,1,1,0,1,1,1,1,1
11/14/2025 12:31,1.4294,1.0819,0.035,1.14,1.2497,1.4294,1.0819,1.14,1.625,23.8617,2.0104,49.1063,49.1063,49.1063,23.8617,2.0104,,,,47.0959,21.8513,22.2367,22.7798,22.4323,1,1,1,0,1,1,0,1,1,1,1,1
11/14/2025 12:36,1.4338,1.0825,0.0362,1.1487,1.25505,1.4338,1.0825,1.1487,1.625,23.8786,2.0067,48.9125,48.9125,48.9125,23.8786,2.0067,,,,46.9058,21.8719,22.2536,22.7961,22.4448,1,1,1,0,1,1,0,1,1,1,1,1
11/14/2025 12:41,1.4363,1.0813,0.0375,1.12,1.24065,1.4363,1.0813,1.12,1.65,23.9041,2.014,48.7875,48.7875,48.7875,23.9041,2.014,,,,46.7735,21.8901,22.2541,22.8228,22.4678,1,1,1,0,1,1,0,1,1,1,1,1
11/14/2025 12:46,1.4331,1.0841,0.035,1.1287,1.2459,1.4331,1.0841,1.1287,1.625,23.9154,2.0122,49.0125,49.0125,49.0125,23.9154,2.0122,,,,47.0003,21.9032,22.2904,22.8313,22.4823,1,1,1,0,1,1,0,1,1,1,1,1
11/14/2025 12:51,1.4363,1.0866,0.035,1.12,1.24315,1.4363,1.0866,1.12,1.65,23.8814,2.0122,48.7813,48.7813,48.7813,23.8814,2.0122,,,,46.7691,21.8692,22.2314,22.7948,22.4451,1,1,1,0,1,1,0,1,1,1,1,1
11/14/2025 12:56,1.4381,1.085,0.0362,1.1463,1.256,1.4381,1.085,1.1463,1.625,23.8758,2.0176,48.875,48.875,48.875,23.8758,2.0176,,,,46.8574,21.8582,22.2508,22.7908,22.4377,1,1,1,0,1,1,0,1,1,1,1,1
11/14/2025 13:01,1.4319,1.0831,0.035,1.1088,1.23535,1.4319,1.0831,1.1088,1.625,23.8814,2.0067,48.8875,48.8875,48.8875,23.8814,2.0067,,,,46.8808,21.8747,22.2564,22.7983,22.4495,1,1,1,0,1,1,0,1,1,1,1,1
11/14/2025 13:06,1.4369,1.0834,0.035,1.1475,1.2572,1.4369,1.0834,1.1475,1.65,23.8673,2.0122,48.9938,48.9938,48.9938,23.8673,2.0122,,,,46.9816,21.8551,22.2173,22.7839,22.4304,1,1,1,0,1,1,0,1,1,1,1,1
11/14/2025 13:11,1.4394,1.0822,0.0362,1.1,1.2335,1.4394,1.0822,1.1,1.65,23.8673,2.0158,49.0125,49.0125,49.0125,23.8673,2.0158,,,,46.9967,21.8515,22.2173,22.7851,22.4279,1,1,1,0,1,1,0,1,1,1,1,1
11/14/2025 13:16,1.435,1.0813,0.0375,1.1287,1.24435,1.435,1.0813,1.1287,1.625,23.8956,2.0176,49.0188,49.0188,49.0188,23.8956,2.0176,,,,47.0012,21.878,22.2706,22.8143,22.4606,1,1,1,0,1,1,0,1,1,1,1,1
11/14/2025 13:21,1.4375,1.0809,0.035,1.1375,1.2525,1.4375,1.0809,1.1375,1.625,23.8419,2.014,48.9375,48.9375,48.9375,23.8419,2.014,,,,46.9235,21.8279,22.2169,22.761,22.4044,1,1,1,0,1,1,0,1,1,1,1,1
11/14/2025 13:26,1.4331,1.0819,0.0413,1.1613,1.2559,1.4331,1.0819,1.1613,1.65,23.8588,2.0194,48.8125,48.8125,48.8125,23.8588,2.0194,,,,46.7931,21.8394,22.2088,22.7769,22.4257,1,1,1,0,1,1,0,1,1,1,1,1
11/14/2025 13:31,1.4347,1.08,0.0375,1.1338,1.24675,1.4347,1.08,1.1338,1.675,23.8899,2.0158,48.8125,48.8125,48.8125,23.8899,2.0158,,,,46.7967,21.8741,22.2149,22.8099,22.4552,1,1,1,0,1,1,0,1,1,1,1,1
11/14/2025 13:36,1.4391,1.0838,0.0362,1.17,1.26835,1.4391,1.0838,1.17,1.625,23.8984,2.014,48.8438,48.8438,48.8438,23.8984,2.014,,,,46.8298,21.8844,22.2734,22.8146,22.4593,1,1,1,0,1,1,0,1,1,1,1,1
11/14/2025 13:41,1.4306,1.0838,0.035,1.1487,1.25465,1.4306,1.0838,1.1487,1.65,23.8871,2.0158,48.8438,48.8438,48.8438,23.8871,2.0158,,,,46.828,21.8713,22.2371,22.8033,22.4565,1,1,1,0,1,1,0,1,1,1,1,1
11/14/2025 13:46,1.4372,1.085,0.0362,1.1263,1.24555,1.4372,1.085,1.1263,1.625,23.9182,2.0176,48.7375,48.7375,48.7375,23.9182,2.0176,,,,46.7199,21.9006,22.2932,22.8332,22.481,1,1,1,0,1,1,0,1,1,1,1,1
11/14/2025 13:51,1.4322,1.0847,0.0362,1.1325,1.24615,1.4322,1.0847,1.1325,1.675,23.9069,2.014,48.7313,48.7313,48.7313,23.9069,2.014,,,,46.7173,21.8929,22.2319,22.8222,22.4747,1,1,1,0,1,1,0,1,1,1,1,1
11/14/2025 13:56,1.4359,1.0847,0.035,1.1075,1.2367,1.4359,1.0847,1.1075,1.65,23.8871,2.014,48.925,48.925,48.925,23.8871,2.014,,,,46.911,21.8731,22.2371,22.8024,22.4512,1,1,1,0,1,1,0,1,1,1,1,1
11/14/2025 14:01,1.4359,1.0844,0.0362,1.1513,1.2574,1.4359,1.0844,1.1513,1.625,23.9012,2.0248,49.0375,49.0375,49.0375,23.9012,2.0248,,,,47.0127,21.8764,22.2762,22.8168,22.4653,1,1,1,0,1,1,0,1,1,1,1,1
11/14/2025 14:06,1.4356,1.0816,0.035,1.1587,1.26215,1.4356,1.0816,1.1587,1.675,23.9069,2.0212,49.1125,49.1125,49.1125,23.9069,2.0212,,,,47.0913,21.8857,22.2319,22.8253,22.4713,1,1,1,0,1,1,0,1,1,1,1,1
11/14/2025 14:11,1.4331,1.0841,0.04,1.1638,1.25845,1.4331,1.0841,1.1638,1.625,23.9323,2.0194,48.8625,48.8625,48.8625,23.9323,2.0194,,,,46.8431,21.9129,22.3073,22.8482,22.4992,1,1,1,0,1,1,0,1,1,1,1,1
11/14/2025 14:16,1.4406,1.0828,0.035,1.1138,1.2422,1.4406,1.0828,1.1138,1.675,23.8984,2.0122,48.9188,48.9188,48.9188,23.8984,2.0122,,,,46.9066,21.8862,22.2234,22.8156,22.4578,1,1,1,0,1,1,0,1,1,1,1,1
11/14/2025 14:21,1.4375,1.0825,0.0362,1.1375,1.2513,1.4375,1.0825,1.1375,1.625,23.9182,2.0212,48.6875,48.6875,48.6875,23.9182,2.0212,,,,46.6663,21.897,22.2932,22.8357,22.4807,1,1,1,0,1,1,0,1,1,1,1,1
11/14/2025 14:26,1.4381,1.0822,0.0375,1.14,1.25155,1.4381,1.0822,1.14,1.65,23.8956,2.0248,49.0063,49.0063,49.0063,23.8956,2.0248,,,,46.9815,21.8708,22.2456,22.8134,22.4575,1,1,1,0,1,1,0,1,1,1,1,1
11/14/2025 14:31,1.4319,1.0822,0.0375,1.1425,1.2497,1.4319,1.0822,1.1425,1.675,23.9097,2.0212,48.8438,48.8438,48.8438,23.9097,2.0212,,,,46.8226,21.8885,22.2347,22.8275,22.4778,1,1,1,0,1,1,0,1,1,1,1,1
11/14/2025 14:36,1.4363,1.0844,0.0362,1.12,1.24195,1.4363,1.0844,1.12,1.675,23.873,2.0194,48.7375,48.7375,48.7375,23.873,2.0194,,,,46.7181,21.8536,22.198,22.7886,22.4367,1,1,1,0,1,1,0,1,1,1,1,1
11/14/2025 14:41,1.4356,1.0853,0.0362,1.125,1.2441,1.4356,1.0853,1.125,1.675,23.8927,2.0212,48.7438,48.7438,48.7438,23.8927,2.0212,,,,46.7226,21.8715,22.2177,22.8074,22.4571,1,1,1,0,1,1,0,1,1,1,1,1
11/14/2025 14:46,1.4369,1.0847,0.04,1.105,1.23095,1.4369,1.0847,1.105,1.675,23.9097,2.023,48.9063,48.9063,48.9063,23.9097,2.023,,,,46.8833,21.8867,22.2347,22.825,22.4728,1,1,1,0,1,1,0,1,1,1,1,1
11/14/2025 14:51,1.4366,1.0841,0.035,1.1325,1.24955,1.4366,1.0841,1.1325,1.675,23.8899,2.0158,48.7875,48.7875,48.7875,23.8899,2.0158,,,,46.7717,21.8741,22.2149,22.8058,22.4533,1,1,1,0,1,1,0,1,1,1,1,1
11/14/2025 14:56,1.4344,1.0866,0.0362,1.1287,1.24535,1.4344,1.0866,1.1287,1.65,23.8814,2.0248,48.675,48.675,48.675,23.8814,2.0248,,,,46.6502,21.8566,22.2314,22.7948,22.447,1,1,1,0,1,1,0,1,1,1,1,1
11/14/2025 15:01,1.4344,1.0838,0.0338,1.1188,1.2428,1.4344,1.0838,1.1188,1.65,23.8701,2.0194,48.9125,48.9125,48.9125,23.8701,2.0194,,,,46.8931,21.8507,22.2201,22.7863,22.4357,1,1,1,0,1,1,0,1,1,1,1,1
11/14/2025 15:06,1.4272,1.0844,0.0313,1.1487,1.25665,1.4272,1.0844,1.1487,1.65,23.9041,2.0266,48.975,48.975,48.975,23.9041,2.0266,,,,46.9484,21.8775,22.2541,22.8197,22.4769,1,1,1,0,1,1,0,1,1,1,1,1
11/14/2025 15:11,1.44,1.0822,0.0338,1.1487,1.26055,1.44,1.0822,1.1487,1.65,23.8814,2.023,48.7688,48.7688,48.7688,23.8814,2.023,,,,46.7458,21.8584,22.2314,22.7992,22.4414,1,1,1,0,1,1,0,1,1,1,1,1
11/14/2025 15:16,1.4378,1.0853,0.0362,1.1287,1.24705,1.4378,1.0853,1.1287,1.65,23.8871,2.023,48.7,48.7,48.7,23.8871,2.023,,,,46.677,21.8641,22.2371,22.8018,22.4493,1,1,1,0,1,1,0,1,1,1,1,1
11/14/2025 15:21,1.4338,1.085,0.0338,1.155,1.2606,1.4338,1.085,1.155,1.65,23.8673,2.0266,48.8563,48.8563,48.8563,23.8673,2.0266,,,,46.8297,21.8407,22.2173,22.7823,22.4335,1,1,1,0,1,1,0,1,1,1,1,1
11/14/2025 15:26,1.4384,1.0847,0.04,1.1325,1.24545,1.4384,1.0847,1.1325,1.775,23.8758,2.0284,48.7188,48.7188,48.7188,23.8758,2.0284,,,,46.6904,21.8474,22.1008,22.7911,22.4374,1,1,1,0,1,1,0,1,1,1,1,1
11/14/2025 15:31,1.4394,1.0844,0.0375,1.1138,1.2391,1.4394,1.0844,1.1138,1.775,23.8814,2.0194,48.8438,48.8438,48.8438,23.8814,2.0194,,,,46.8244,21.862,22.1064,22.797,22.442,1,1,1,0,1,1,0,1,1,1,1,1
11/14/2025 15:36,1.4344,1.0822,0.0362,1.1125,1.23725,1.4344,1.0822,1.1125,1.725,23.9069,2.0266,48.9688,48.9688,48.9688,23.9069,2.0266,,,,46.9422,21.8803,22.1819,22.8247,22.4725,1,1,1,0,1,1,0,1,1,1,1,1
11/14/2025 15:41,1.4344,1.0838,0.0375,1.1487,1.25405,1.4344,1.0838,1.1487,1.725,23.8786,2.0212,48.5688,48.5688,48.5688,23.8786,2.0212,,,,46.5476,21.8574,22.1536,22.7948,22.4442,1,1,1,0,1,1,0,1,1,1,1,1
11/14/2025 15:46,1.4341,1.0831,0.0362,1.1088,1.23525,1.4341,1.0831,1.1088,1.775,23.8532,2.023,48.7625,48.7625,48.7625,23.8532,2.023,,,,46.7395,21.8302,22.0782,22.7701,22.4191,1,1,1,0,1,1,0,1,1,1,1,1
11/14/2025 15:51,1.4291,1.0822,0.04,1.1225,1.2358,1.4291,1.0822,1.1225,1.725,23.8843,2.0266,48.7188,48.7188,48.7188,23.8843,2.0266,,,,46.6922,21.8577,22.1593,22.8021,22.4552,1,1,1,0,1,1,0,1,1,1,1,1
11/14/2025 15:56,1.4322,1.0834,0.035,1.1475,1.25485,1.4322,1.0834,1.1475,1.75,23.8927,2.0248,49.0188,49.0188,49.0188,23.8927,2.0248,,,,46.994,21.8679,22.1427,22.8093,22.4605,1,1,1,0,1,1,0,1,1,1,1,1
11/14/2025 16:01,1.4344,1.0838,0.0338,1.1413,1.25405,1.4344,1.0838,1.1413,1.65,23.8419,2.0302,48.7625,48.7625,48.7625,23.8419,2.0302,,,,46.7323,21.8117,22.1919,22.7581,22.4075,1,1,1,0,1,1,0,1,1,1,1,1
11/14/2025 16:06,1.4306,1.0844,0.035,1.135,1.2478,1.4306,1.0844,1.135,1.775,23.8956,2.0266,48.9063,48.9063,48.9063,23.8956,2.0266,,,,46.8797,21.869,22.1206,22.8112,22.465,1,1,1,0,1,1,0,1,1,1,1,1
11/14/2025 16:11,1.4359,1.0822,0.035,1.1113,1.2386,1.4359,1.0822,1.1113,1.75,23.8927,2.0248,48.7,48.7,48.7,23.8927,2.0248,,,,46.6752,21.8679,22.1427,22.8105,22.4568,1,1,1,0,1,1,0,1,1,1,1,1
11/14/2025 16:16,1.4363,1.0862,0.0362,1.1675,1.2657,1.4363,1.0862,1.1675,1.75,23.8701,2.0212,48.7375,48.7375,48.7375,23.8701,2.0212,,,,46.7163,21.8489,22.1201,22.7839,22.4338,1,1,1,0,1,1,0,1,1,1,1,1
11/14/2025 16:21,1.4372,1.0834,0.0338,1.1225,1.24605,1.4372,1.0834,1.1225,1.775,23.856,2.0194,48.8688,48.8688,48.8688,23.856,2.0194,,,,46.8494,21.8366,22.081,22.7726,22.4188,1,1,1,0,1,1,0,1,1,1,1,1
11/14/2025 16:26,1.4369,1.0825,0.0362,1.1413,1.2529,1.4369,1.0825,1.1413,1.775,23.8475,2.0266,48.975,48.975,48.975,23.8475,2.0266,,,,46.9484,21.8209,22.0725,22.765,22.4106,1,1,1,0,1,1,0,1,1,1,1,1
11/14/2025 16:31,1.435,1.0825,0.035,1.1213,1.24315,1.435,1.0825,1.1213,1.75,23.839,2.0266,48.8563,48.8563,48.8563,23.839,2.0266,,,,46.8297,21.8124,22.089,22.7565,22.404,1,1,1,0,1,1,0,1,1,1,1,1
11/14/2025 16:36,1.4284,1.0831,0.0362,1.125,1.2405,1.4284,1.0831,1.125,1.725,23.8899,2.0284,48.875,48.875,48.875,23.8899,2.0284,,,,46.8466,21.8615,22.1649,22.8068,22.4615,1,1,1,0,1,1,0,1,1,1,1,1
11/14/2025 16:41,1.4309,1.085,0.035,1.1613,1.2611,1.4309,1.085,1.1613,1.75,23.856,2.0284,48.875,48.875,48.875,23.856,2.0284,,,,46.8466,21.8276,22.106,22.771,22.4251,1,1,1,0,1,1,0,1,1,1,1,1
11/14/2025 16:46,1.4384,1.0809,0.0375,1.135,1.2492,1.4384,1.0809,1.135,1.725,23.8701,2.0266,48.8063,48.8063,48.8063,23.8701,2.0266,,,,46.7797,21.8435,22.1451,22.7892,22.4317,1,1,1,0,1,1,0,1,1,1,1,1
11/14/2025 16:51,1.4316,1.0822,0.035,1.145,1.2533,1.4316,1.0822,1.145,1.75,23.8617,2.0248,48.8375,48.8375,48.8375,23.8617,2.0248,,,,46.8127,21.8369,22.1117,22.7795,22.4301,1,1,1,0,1,1,0,1,1,1,1,1
11/14/2025 16:56,1.4328,1.0819,0.0362,1.145,1.2527,1.4328,1.0819,1.145,1.725,23.8758,2.0302,48.6875,48.6875,48.6875,23.8758,2.0302,,,,46.6573,21.8456,22.1508,22.7939,22.443,1,1,1,0,1,1,0,1,1,1,1,1
11/14/2025 17:01,1.4369,1.085,0.035,1.1325,1.2497,1.4369,1.085,1.1325,1.775,23.8617,2.0248,48.9813,48.9813,48.9813,23.8617,2.0248,,,,46.9565,21.8369,22.0867,22.7767,22.4248,1,1,1,0,1,1,0,1,1,1,1,1
11/14/2025 17:06,1.4313,1.0841,0.035,1.1213,1.2413,1.4313,1.0841,1.1213,1.75,23.8871,2.0248,48.7625,48.7625,48.7625,23.8871,2.0248,,,,46.7377,21.8623,22.1371,22.803,22.4558,1,1,1,0,1,1,0,1,1,1,1,1
11/14/2025 17:11,1.4347,1.0816,0.0362,1.1325,1.2474,1.4347,1.0816,1.1325,1.75,23.8475,2.0266,48.775,48.775,48.775,23.8475,2.0266,,,,46.7484,21.8209,22.0975,22.7659,22.4128,1,1,1,0,1,1,0,1,1,1,1,1
11/14/2025 17:16,1.4344,1.0825,0.0362,1.1425,1.25225,1.4344,1.0825,1.1425,1.725,23.8701,2.023,49.0125,49.0125,49.0125,23.8701,2.023,,,,46.9895,21.8471,22.1451,22.7876,22.4357,1,1,1,0,1,1,0,1,1,1,1,1
11/14/2025 17:21,1.4297,1.0841,0.035,1.1287,1.2442,1.4297,1.0841,1.1287,1.75,23.839,2.0302,48.8938,48.8938,48.8938,23.839,2.0302,,,,46.8636,21.8088,22.089,22.7549,22.4093,1,1,1,0,1,1,0,1,1,1,1,1
11/14/2025 17:26,1.4391,1.0816,0.035,1.155,1.26205,1.4391,1.0816,1.155,1.725,23.8475,2.0284,49.1438,49.1438,49.1438,23.8475,2.0284,,,,47.1154,21.8191,22.1225,22.7659,22.4084,1,1,1,0,1,1,0,1,1,1,1,1
11/14/2025 17:31,1.4325,1.0816,0.035,1.1213,1.2419,1.4325,1.0816,1.1213,1.85,23.8617,2.0212,48.6813,48.6813,48.6813,23.8617,2.0212,,,,46.6601,21.8405,22.0117,22.7801,22.4292,1,1,1,0,1,1,0,1,1,1,1,1
11/14/2025 17:36,1.4313,1.0822,0.035,1.1487,1.255,1.4313,1.0822,1.1487,1.8,23.8645,2.0248,48.6313,48.6313,48.6313,23.8645,2.0248,,,,46.6065,21.8397,22.0645,22.7823,22.4332,1,1,1,0,1,1,0,1,1,1,1,1
11/14/2025 17:41,1.4353,1.0831,0.0362,1.1513,1.2571,1.4353,1.0831,1.1513,1.775,23.8645,2.0266,48.9,48.9,48.9,23.8645,2.0266,,,,46.8734,21.8379,22.0895,22.7814,22.4292,1,1,1,0,1,1,0,1,1,1,1,1
11/14/2025 17:46,1.4353,1.0816,0.0362,1.1313,1.2471,1.4353,1.0816,1.1313,1.85,23.8758,2.0194,48.8,48.8,48.8,23.8758,2.0194,,,,46.7806,21.8564,22.0258,22.7942,22.4405,1,1,1,0,1,1,0,1,1,1,1,1
11/14/2025 17:51,1.4341,1.0831,0.0362,1.1338,1.24775,1.4341,1.0831,1.1338,1.775,23.8786,2.0284,48.8688,48.8688,48.8688,23.8786,2.0284,,,,46.8404,21.8502,22.1036,22.7955,22.4445,1,1,1,0,1,1,0,1,1,1,1,1
11/14/2025 17:56,1.4366,1.0825,0.0362,1.17,1.2671,1.4366,1.0825,1.17,1.8,23.873,2.0284,49.0563,49.0563,49.0563,23.873,2.0284,,,,47.0279,21.8446,22.073,22.7905,22.4364,1,1,1,0,1,1,0,1,1,1,1,1
11/14/2025 18:01,1.4419,1.0825,0.0362,1.1275,1.2485,1.4419,1.0825,1.1275,1.8,23.8843,2.0302,48.725,48.725,48.725,23.8843,2.0302,,,,46.6948,21.8541,22.0843,22.8018,22.4424,1,1,1,0,1,1,0,1,1,1,1,1
11/14/2025 18:06,1.4372,1.0813,0.0313,1.1338,1.2542,1.4372,1.0813,1.1338,1.775,23.8617,2.0212,49.0313,49.0313,49.0313,23.8617,2.0212,,,,47.0101,21.8405,22.0867,22.7804,22.4245,1,1,1,0,1,1,0,1,1,1,1,1
11/14/2025 18:11,1.4403,1.0813,0.0362,1.1387,1.2533,1.4403,1.0813,1.1387,1.775,23.8786,2.0266,48.7438,48.7438,48.7438,23.8786,2.0266,,,,46.7172,21.852,22.1036,22.7973,22.4383,1,1,1,0,1,1,0,1,1,1,1,1
11/14/2025 18:16,1.4391,1.0828,0.035,1.12,1.24455,1.4391,1.0828,1.12,1.8,23.8645,2.0284,48.9313,48.9313,48.9313,23.8645,2.0284,,,,46.9029,21.8361,22.0645,22.7817,22.4254,1,1,1,0,1,1,0,1,1,1,1,1
11/14/2025 18:21,1.4334,1.0841,0.035,1.1263,1.24485,1.4334,1.0841,1.1263,1.85,23.8899,2.0302,48.8688,48.8688,48.8688,23.8899,2.0302,,,,46.8386,21.8597,22.0399,22.8058,22.4565,1,1,1,0,1,1,0,1,1,1,1,1
11/14/2025 18:26,1.4363,1.0819,0.035,1.1575,1.2619,1.4363,1.0819,1.1575,1.775,23.8786,2.0176,48.775,48.775,48.775,23.8786,2.0176,,,,46.7574,21.861,22.1036,22.7967,22.4423,1,1,1,0,1,1,0,1,1,1,1,1
11/14/2025 18:31,1.4372,1.0828,0.0375,1.1475,1.25485,1.4372,1.0828,1.1475,1.775,23.8871,2.0302,48.7875,48.7875,48.7875,23.8871,2.0302,,,,46.7573,21.8569,22.1121,22.8043,22.4499,1,1,1,0,1,1,0,1,1,1,1,1
11/14/2025 18:36,1.4388,1.0831,0.0375,1.1587,1.26125,1.4388,1.0831,1.1587,1.8,23.8843,2.0248,48.9563,48.9563,48.9563,23.8843,2.0248,,,,46.9315,21.8595,22.0843,22.8012,22.4455,1,1,1,0,1,1,0,1,1,1,1,1
11/14/2025 18:41,1.4391,1.0803,0.035,1.1738,1.27145,1.4391,1.0803,1.1738,1.8,23.9069,2.0248,48.975,48.975,48.975,23.9069,2.0248,,,,46.9502,21.8821,22.1069,22.8266,22.4678,1,1,1,0,1,1,0,1,1,1,1,1
11/14/2025 18:46,1.4397,1.0834,0.0362,1.1575,1.2624,1.4397,1.0834,1.1575,1.775,23.8871,2.0212,48.7813,48.7813,48.7813,23.8871,2.0212,,,,46.7601,21.8659,22.1121,22.8037,22.4474,1,1,1,0,1,1,0,1,1,1,1,1
11/14/2025 18:51,1.4344,1.0831,0.0362,1.125,1.2435,1.4344,1.0831,1.125,1.8,23.9097,2.0284,48.8563,48.8563,48.8563,23.9097,2.0284,,,,46.8279,21.8813,22.1097,22.8266,22.4753,1,1,1,0,1,1,0,1,1,1,1,1
11/14/2025 18:56,1.4412,1.0819,0.0362,1.1375,1.25315,1.4412,1.0819,1.1375,1.775,23.8814,2.023,48.9625,48.9625,48.9625,23.8814,2.023,,,,46.9395,21.8584,22.1064,22.7995,22.4402,1,1,1,0,1,1,0,1,1,1,1,1
11/14/2025 19:01,1.4359,1.0813,0.0362,1.145,1.25425,1.4359,1.0813,1.145,1.775,23.8758,2.0374,48.875,48.875,48.875,23.8758,2.0374,,,,46.8376,21.8384,22.1008,22.7945,22.4399,1,1,1,0,1,1,0,1,1,1,1,1
11/14/2025 19:06,1.4438,1.0803,0.0375,1.135,1.2519,1.4438,1.0803,1.135,1.8,23.8758,2.0212,48.9313,48.9313,48.9313,23.8758,2.0212,,,,46.9101,21.8546,22.0758,22.7955,22.432,1,1,1,0,1,1,0,1,1,1,1,1
11/14/2025 19:11,1.4378,1.0806,0.035,1.1375,1.25265,1.4378,1.0806,1.1375,1.775,23.9097,2.023,48.75,48.75,48.75,23.9097,2.023,,,,46.727,21.8867,22.1347,22.8291,22.4719,1,1,1,0,1,1,0,1,1,1,1,1
11/14/2025 19:16,1.4384,1.0809,0.0362,1.1525,1.25925,1.4384,1.0809,1.1525,1.775,23.873,2.0356,48.9,48.9,48.9,23.873,2.0356,,,,46.8644,21.8374,22.098,22.7921,22.4346,1,1,1,0,1,1,0,1,1,1,1,1
11/14/2025 19:21,1.4384,1.0841,0.04,1.14,1.2492,1.4384,1.0841,1.14,1.775,23.9125,2.0284,48.8063,48.8063,48.8063,23.9125,2.0284,,,,46.7779,21.8841,22.1375,22.8284,22.4741,1,1,1,0,1,1,0,1,1,1,1,1
11/14/2025 19:26,1.4416,1.0828,0.035,1.14,1.2558,1.4416,1.0828,1.14,1.775,23.8701,2.023,48.9,48.9,48.9,23.8701,2.023,,,,46.877,21.8471,22.0951,22.7873,22.4285,1,1,1,0,1,1,0,1,1,1,1,1
11/14/2025 19:31,1.4338,1.0819,0.0362,1.1025,1.23195,1.4338,1.0819,1.1025,1.775,23.873,2.0338,49.1563,49.1563,49.1563,23.873,2.0338,,,,47.1225,21.8392,22.098,22.7911,22.4392,1,1,1,0,1,1,0,1,1,1,1,1
11/14/2025 19:36,1.4466,1.0803,0.035,1.1475,1.26205,1.4466,1.0803,1.1475,1.775,23.8984,2.032,48.95,48.95,48.95,23.8984,2.032,,,,46.918,21.8664,22.1234,22.8181,22.4518,1,1,1,0,1,1,0,1,1,1,1,1
11/14/2025 19:41,1.4444,1.0803,0.035,1.1325,1.25345,1.4444,1.0803,1.1325,1.725,23.8532,2.0266,48.7438,48.7438,48.7438,23.8532,2.0266,,,,46.7172,21.8266,22.1282,22.7729,22.4088,1,1,1,0,1,1,0,1,1,1,1,1
11/14/2025 19:46,1.4422,1.0831,0.0362,1.1287,1.24925,1.4422,1.0831,1.1287,1.675,23.8956,2.0302,48.7625,48.7625,48.7625,23.8956,2.0302,,,,46.7323,21.8654,22.2206,22.8125,22.4534,1,1,1,0,1,1,0,1,1,1,1,1
11/14/2025 19:51,1.4434,1.0825,0.0375,1.1487,1.25855,1.4434,1.0825,1.1487,1.675,23.8871,2.0302,48.7688,48.7688,48.7688,23.8871,2.0302,,,,46.7386,21.8569,22.2121,22.8046,22.4437,1,1,1,0,1,1,0,1,1,1,1,1
11/14/2025 19:56,1.4425,1.0797,0.035,1.1188,1.24565,1.4425,1.0797,1.1188,1.8,23.8503,2.023,48.6125,48.6125,48.6125,23.8503,2.023,,,,46.5895,21.8273,22.0503,22.7706,22.4078,1,1,1,0,1,1,0,1,1,1,1,1
11/14/2025 20:01,1.4469,1.0803,0.0375,1.1213,1.2466,1.4469,1.0803,1.1213,1.775,23.873,2.0338,49.0375,49.0375,49.0375,23.873,2.0338,,,,47.0037,21.8392,22.098,22.7927,22.4261,1,1,1,0,1,1,0,1,1,1,1,1
11/14/2025 20:06,1.4459,1.0831,0.035,1.1525,1.2642,1.4459,1.0831,1.1525,1.775,23.9041,2.0266,48.8625,48.8625,48.8625,23.9041,2.0266,,,,46.8359,21.8775,22.1291,22.821,22.4582,1,1,1,0,1,1,0,1,1,1,1,1
11/14/2025 20:11,1.4406,1.0803,0.0338,1.1088,1.2409,1.4406,1.0803,1.1088,1.775,23.8984,2.032,48.9625,48.9625,48.9625,23.8984,2.032,,,,46.9305,21.8664,22.1234,22.8181,22.4578,1,1,1,0,1,1,0,1,1,1,1,1
11/14/2025 20:16,1.4419,1.0806,0.0338,1.16,1.26715,1.4419,1.0806,1.16,1.8,23.8617,2.032,48.9688,48.9688,48.9688,23.8617,2.032,,,,46.9368,21.8297,22.0617,22.7811,22.4198,1,1,1,0,1,1,0,1,1,1,1,1
11/14/2025 20:21,1.4434,1.0822,0.0338,1.14,1.2579,1.4434,1.0822,1.14,1.8,23.8786,2.0266,48.9688,48.9688,48.9688,23.8786,2.0266,,,,46.9422,21.852,22.0786,22.7964,22.4352,1,1,1,0,1,1,0,1,1,1,1,1
11/14/2025 20:26,1.4372,1.0809,0.0338,1.1413,1.25545,1.4372,1.0809,1.1413,1.775,23.9012,2.0302,48.95,48.95,48.95,23.9012,2.0302,,,,46.9198,21.871,22.1262,22.8203,22.464,1,1,1,0,1,1,0,1,1,1,1,1
11/14/2025 20:31,1.4438,1.0828,0.0362,1.1275,1.24945,1.4438,1.0828,1.1275,1.75,23.8927,2.032,49.1188,49.1188,49.1188,23.8927,2.032,,,,47.0868,21.8607,22.1427,22.8099,22.4489,1,1,1,0,1,1,0,1,1,1,1,1
11/14/2025 20:36,1.4384,1.0819,0.0338,1.1113,1.24105,1.4384,1.0819,1.1113,1.775,23.8786,2.0356,49.1938,49.1938,49.1938,23.8786,2.0356,,,,47.1582,21.843,22.1036,22.7967,22.4402,1,1,1,0,1,1,0,1,1,1,1,1
11/14/2025 20:41,1.4403,1.0813,0.0375,1.1575,1.2614,1.4403,1.0813,1.1575,1.75,23.8984,2.023,48.7438,48.7438,48.7438,23.8984,2.023,,,,46.7208,21.8754,22.1484,22.8171,22.4581,1,1,1,0,1,1,0,1,1,1,1,1
11/14/2025 20:46,1.4431,1.0803,0.0338,1.1663,1.2709,1.4431,1.0803,1.1663,1.75,23.8927,2.0266,49.025,49.025,49.025,23.8927,2.0266,,,,46.9984,21.8661,22.1427,22.8124,22.4496,1,1,1,0,1,1,0,1,1,1,1,1
11/14/2025 20:51,1.4394,1.0813,0.04,1.1775,1.26845,1.4394,1.0813,1.1775,1.75,23.8701,2.0302,49.0688,49.0688,49.0688,23.8701,2.0302,,,,47.0386,21.8399,22.1201,22.7888,22.4307,1,1,1,0,1,1,0,1,1,1,1,1
11/14/2025 20:56,1.4463,1.0803,0.0362,1.1525,1.2632,1.4463,1.0803,1.1525,1.8,23.8673,2.032,49.1563,49.1563,49.1563,23.8673,2.032,,,,47.1243,21.8353,22.0673,22.787,22.421,1,1,1,0,1,1,0,1,1,1,1,1
11/14/2025 21:01,1.4428,1.0819,0.0362,1.145,1.2577,1.4428,1.0819,1.145,1.725,23.873,2.023,48.7,48.7,48.7,23.873,2.023,,,,46.677,21.85,22.148,22.7911,22.4302,1,1,1,0,1,1,0,1,1,1,1,1
11/14/2025 21:06,1.4378,1.0816,0.04,1.155,1.2564,1.4378,1.0816,1.155,1.75,23.8786,2.032,48.8125,48.8125,48.8125,23.8786,2.032,,,,46.7805,21.8466,22.1286,22.797,22.4408,1,1,1,0,1,1,0,1,1,1,1,1
11/14/2025 21:11,1.4441,1.0825,0.035,1.1525,1.2633,1.4441,1.0825,1.1525,1.725,23.8899,2.0266,49.075,49.075,49.075,23.8899,2.0266,,,,47.0484,21.8633,22.1649,22.8074,22.4458,1,1,1,0,1,1,0,1,1,1,1,1
11/14/2025 21:16,1.4419,1.0819,0.035,1.1387,1.2553,1.4419,1.0819,1.1387,1.75,23.8645,2.0302,49.125,49.125,49.125,23.8645,2.0302,,,,47.0948,21.8343,22.1145,22.7826,22.4226,1,1,1,0,1,1,0,1,1,1,1,1
11/14/2025 21:21,1.4419,1.0809,0.0375,1.1425,1.2547,1.4419,1.0809,1.1425,1.675,23.8871,2.032,48.9813,48.9813,48.9813,23.8871,2.032,,,,46.9493,21.8551,22.2121,22.8062,22.4452,1,1,1,0,1,1,0,1,1,1,1,1
11/14/2025 21:26,1.4394,1.0816,0.0375,1.1475,1.25595,1.4394,1.0816,1.1475,1.75,23.8503,2.032,49.2,49.2,49.2,23.8503,2.032,,,,47.168,21.8183,22.1003,22.7687,22.4109,1,1,1,0,1,1,0,1,1,1,1,1
11/14/2025 21:31,1.4391,1.0831,0.0362,1.1425,1.2546,1.4391,1.0831,1.1425,1.75,23.8871,2.0338,48.9938,48.9938,48.9938,23.8871,2.0338,,,,46.96,21.8533,22.1371,22.804,22.448,1,1,1,0,1,1,0,1,1,1,1,1
11/14/2025 21:36,1.4391,1.0794,0.035,1.1138,1.24145,1.4391,1.0794,1.1138,1.75,23.8843,2.0248,49.0125,49.0125,49.0125,23.8843,2.0248,,,,46.9877,21.8595,22.1343,22.8049,22.4452,1,1,1,0,1,1,0,1,1,1,1,1
11/14/2025 21:41,1.4356,1.0822,0.0375,1.1513,1.25595,1.4356,1.0822,1.1513,1.725,23.8645,2.0284,48.8938,48.8938,48.8938,23.8645,2.0284,,,,46.8654,21.8361,22.1395,22.7823,22.4289,1,1,1,0,1,1,0,1,1,1,1,1
11/14/2025 21:46,1.4459,1.0806,0.0338,1.1487,1.2635,1.4459,1.0806,1.1487,1.8,23.9041,2.0302,48.8375,48.8375,48.8375,23.9041,2.0302,,,,46.8073,21.8739,22.1041,22.8235,22.4582,1,1,1,0,1,1,0,1,1,1,1,1
11/14/2025 21:51,1.4431,1.0825,0.035,1.145,1.25905,1.4431,1.0825,1.145,1.75,23.8617,2.023,48.7813,48.7813,48.7813,23.8617,2.023,,,,46.7583,21.8387,22.1117,22.7792,22.4186,1,1,1,0,1,1,0,1,1,1,1,1
11/14/2025 21:56,1.4428,1.0813,0.0338,1.1613,1.26825,1.4428,1.0813,1.1613,1.75,23.8758,2.0266,49.0563,49.0563,49.0563,23.8758,2.0266,,,,47.0297,21.8492,22.1258,22.7945,22.433,1,1,1,0,1,1,0,1,1,1,1,1
11/14/2025 22:01,1.4366,1.0819,0.0375,1.1188,1.2402,1.4366,1.0819,1.1188,1.75,23.8701,2.0284,49.0188,49.0188,49.0188,23.8701,2.0284,,,,46.9904,21.8417,22.1201,22.7882,22.4335,1,1,1,0,1,1,0,1,1,1,1,1
11/14/2025 22:06,1.4431,1.0809,0.035,1.1375,1.2553,1.4431,1.0809,1.1375,1.75,23.8532,2.0248,49.0625,49.0625,49.0625,23.8532,2.0248,,,,47.0377,21.8284,22.1032,22.7723,22.4101,1,1,1,0,1,1,0,1,1,1,1,1
11/14/2025 22:11,1.4494,1.08,0.0375,1.1413,1.25785,1.4494,1.08,1.1413,1.75,23.856,2.0266,49.1375,49.1375,49.1375,23.856,2.0266,,,,47.1109,21.8294,22.106,22.776,22.4066,1,1,1,0,1,1,0,1,1,1,1,1
11/14/2025 22:16,1.4394,1.0791,0.0362,1.1375,1.25225,1.4394,1.0791,1.1375,1.675,23.9041,2.0212,48.975,48.975,48.975,23.9041,2.0212,,,,46.9538,21.8829,22.2291,22.825,22.4647,1,1,1,0,1,1,0,1,1,1,1,1
11/14/2025 22:21,1.4466,1.0794,0.0338,1.1313,1.25515,1.4466,1.0794,1.1313,1.75,23.8899,2.0302,48.85,48.85,48.85,23.8899,2.0302,,,,46.8198,21.8597,22.1399,22.8105,22.4433,1,1,1,0,1,1,0,1,1,1,1,1
11/14/2025 22:26,1.4425,1.0816,0.0362,1.1538,1.26195,1.4425,1.0816,1.1538,1.75,23.8532,2.0248,49.2,49.2,49.2,23.8532,2.0248,,,,47.1752,21.8284,22.1032,22.7716,22.4107,1,1,1,0,1,1,0,1,1,1,1,1
11/14/2025 22:31,1.4406,1.0809,0.04,1.1413,1.25095,1.4406,1.0809,1.1413,1.8,23.8532,2.0266,48.9813,48.9813,48.9813,23.8532,2.0266,,,,46.9547,21.8266,22.0532,22.7723,22.4126,1,1,1,0,1,1,0,1,1,1,1,1
11/14/2025 22:36,1.4356,1.0778,0.04,1.1325,1.24405,1.4356,1.0778,1.1325,1.775,23.856,2.0302,48.7438,48.7438,48.7438,23.856,2.0302,,,,46.7136,21.8258,22.081,22.7782,22.4204,1,1,1,0,1,1,0,1,1,1,1,1
11/14/2025 22:41,1.4419,1.0809,0.0362,1.1325,1.251,1.4419,1.0809,1.1325,1.75,23.8814,2.0284,48.9813,48.9813,48.9813,23.8814,2.0284,,,,46.9529,21.853,22.1314,22.8005,22.4395,1,1,1,0,1,1,0,1,1,1,1,1
11/14/2025 22:46,1.44,1.0806,0.0375,1.14,1.2525,1.44,1.0806,1.14,1.8,23.8617,2.0248,48.9625,48.9625,48.9625,23.8617,2.0248,,,,46.9377,21.8369,22.0617,22.7811,22.4217,1,1,1,0,1,1,0,1,1,1,1,1
11/14/2025 22:51,1.4466,1.0784,0.0375,1.1713,1.27145,1.4466,1.0784,1.1713,1.775,23.8814,2.0284,48.9938,48.9938,48.9938,23.8814,2.0284,,,,46.9654,21.853,22.1064,22.803,22.4348,1,1,1,0,1,1,0,1,1,1,1,1
11/14/2025 22:56,1.4425,1.0813,0.0375,1.155,1.26125,1.4425,1.0813,1.155,1.675,23.8786,2.0266,48.85,48.85,48.85,23.8786,2.0266,,,,46.8234,21.852,22.2036,22.7973,22.4361,1,1,1,0,1,1,0,1,1,1,1,1
11/14/2025 23:01,1.4425,1.0806,0.04,1.1613,1.2619,1.4425,1.0806,1.1613,1.675,23.8617,2.0212,48.9625,48.9625,48.9625,23.8617,2.0212,,,,46.9413,21.8405,22.1867,22.7811,22.4192,1,1,1,0,1,1,0,1,1,1,1,1
11/14/2025 23:06,1.4512,1.0794,0.035,1.1838,1.2825,1.4512,1.0794,1.1838,1.725,23.8814,2.0194,48.925,48.925,48.925,23.8814,2.0194,,,,46.9056,21.862,22.1564,22.802,22.4302,1,1,1,0,1,1,0,1,1,1,1,1
11/14/2025 23:11,1.44,1.0813,0.0362,1.1788,1.2732,1.44,1.0813,1.1788,1.675,23.8871,2.0284,48.7875,48.7875,48.7875,23.8871,2.0284,,,,46.7591,21.8587,22.2121,22.8058,22.4471,1,1,1,0,1,1,0,1,1,1,1,1
11/14/2025 23:16,1.4441,1.0806,0.0362,1.1313,1.2515,1.4441,1.0806,1.1313,1.725,23.8673,2.0284,49.0563,49.0563,49.0563,23.8673,2.0284,,,,47.0279,21.8389,22.1423,22.7867,22.4232,1,1,1,0,1,1,0,1,1,1,1,1
11/14/2025 23:21,1.4428,1.0803,0.0375,1.155,1.2614,1.4428,1.0803,1.155,1.75,23.8871,2.0302,48.9938,48.9938,48.9938,23.8871,2.0302,,,,46.9636,21.8569,22.1371,22.8068,22.4443,1,1,1,0,1,1,0,1,1,1,1,1
11/14/2025 23:26,1.4463,1.0797,0.0413,1.17,1.26685,1.4463,1.0797,1.17,1.75,23.8503,2.0302,49.3063,49.3063,49.3063,23.8503,2.0302,,,,47.2761,21.8201,22.1003,22.7706,22.404,1,1,1,0,1,1,0,1,1,1,1,1
11/14/2025 23:31,1.4503,1.0806,0.0362,1.1338,1.25585,1.4503,1.0806,1.1338,1.75,23.8617,2.0248,49,49,49,23.8617,2.0248,,,,46.9752,21.8369,22.1117,22.7811,22.4114,1,1,1,0,1,1,0,1,1,1,1,1
11/14/2025 23:36,1.4434,1.0794,0.0375,1.1475,1.25795,1.4434,1.0794,1.1475,1.65,23.8758,2.0266,48.9313,48.9313,48.9313,23.8758,2.0266,,,,46.9047,21.8492,22.2258,22.7964,22.4324,1,1,1,0,1,1,0,1,1,1,1,1
11/14/2025 23:41,1.4463,1.0828,0.0362,1.1513,1.2626,1.4463,1.0828,1.1513,1.775,23.8701,2.0302,49.025,49.025,49.025,23.8701,2.0302,,,,46.9948,21.8399,22.0951,22.7873,22.4238,1,0,1,0,1,1,0,1,1,1,1,1
11/14/2025 23:46,1.4416,1.0797,0.0362,1.155,1.2621,1.4416,1.0797,1.155,1.775,23.8843,2.0302,49.0563,49.0563,49.0563,23.8843,2.0302,,,,47.0261,21.8541,22.1093,22.8046,22.4427,1,0,1,0,1,1,0,1,1,1,1,1
11/14/2025 23:51,1.4444,1.0806,0.0362,1.1325,1.25225,1.4444,1.0806,1.1325,1.775,23.8758,2.0302,49.0563,49.0563,49.0563,23.8758,2.0302,,,,47.0261,21.8456,22.1008,22.7952,22.4314,1,0,1,0,1,1,0,1,1,1,1,1
11/14/2025 23:56,1.4503,1.0791,0.04,1.1638,1.26705,1.4503,1.0791,1.1638,1.75,23.8673,2.0302,49.225,49.225,49.225,23.8673,2.0302,,,,47.1948,21.8371,22.1173,22.7882,22.417,1,0,1,0,1,1,0,1,1,1,1,1
11/15/2025 0:01,1.4503,1.0784,0.035,1.1275,1.2539,1.4503,1.0784,1.1275,1.8,23.8588,2.0248,49.1375,49.1375,49.1375,23.8588,2.0248,,,,47.1127,21.834,22.0588,22.7804,22.4085,1,0,1,0,1,1,0,1,1,1,1,1
11/15/2025 0:06,1.4484,1.08,0.0375,1.185,1.2792,1.4484,1.08,1.185,1.8,23.873,2.023,49.3688,49.3688,49.3688,23.873,2.023,,,,47.3458,21.85,22.073,22.793,22.4246,1,0,1,0,1,1,0,1,1,1,1,1
11/15/2025 0:11,1.4438,1.0788,0.0362,1.1487,1.26005,1.4438,1.0788,1.1487,1.75,23.8588,2.032,49.0313,49.0313,49.0313,23.8588,2.032,,,,46.9993,21.8268,22.1088,22.78,22.415,1,0,1,0,1,1,0,1,1,1,1,1
11/15/2025 0:16,1.4397,1.0788,0.0375,1.145,1.25485,1.4397,1.0788,1.145,1.8,23.8673,2.023,49.1125,49.1125,49.1125,23.8673,2.023,,,,47.0895,21.8443,22.0673,22.7885,22.4276,1,0,1,0,1,1,0,1,1,1,1,1
11/15/2025 0:21,1.4478,1.0794,0.0413,1.1575,1.26135,1.4478,1.0794,1.1575,1.65,23.8984,2.0248,49.1563,49.1563,49.1563,23.8984,2.0248,,,,47.1315,21.8736,22.2484,22.819,22.4506,1,0,1,0,1,1,0,1,1,1,1,1
11/15/2025 0:26,1.4463,1.0806,0.04,1.1387,1.2525,1.4463,1.0806,1.1387,1.65,23.8701,2.0284,49.1063,49.1063,49.1063,23.8701,2.0284,,,,47.0779,21.8417,22.2201,22.7895,22.4238,1,0,1,0,1,1,0,1,1,1,1,1
11/15/2025 0:31,1.4412,1.0769,0.04,1.1325,1.24685,1.4412,1.0769,1.1325,1.65,23.8645,2.032,48.9813,48.9813,48.9813,23.8645,2.032,,,,46.9493,21.8325,22.2145,22.7876,22.4233,1,0,1,0,1,1,0,1,1,1,1,1
11/15/2025 0:36,1.4331,1.0791,0.0413,1.1325,1.2415,1.4331,1.0791,1.1325,1.65,23.8617,2.0248,49,49,49,23.8617,2.0248,,,,46.9752,21.8369,22.2117,22.7826,22.4286,1,0,1,0,1,1,0,1,1,1,1,1
11/15/2025 0:41,1.4419,1.0813,0.0375,1.1725,1.2697,1.4419,1.0813,1.1725,1.65,23.9041,2.0212,48.9813,48.9813,48.9813,23.9041,2.0212,,,,46.9601,21.8829,22.2541,22.8228,22.4622,1,0,1,0,1,1,0,1,1,1,1,1
11/15/2025 0:46,1.4488,1.0781,0.0338,1.1413,1.26125,1.4488,1.0781,1.1413,1.65,23.8871,2.0284,49.1,49.1,49.1,23.8871,2.0284,,,,47.0716,21.8587,22.2371,22.809,22.4383,1,0,1,0,1,1,0,1,1,1,1,1
11/15/2025 0:51,1.4431,1.0791,0.04,1.1313,1.2472,1.4431,1.0791,1.1313,1.65,23.8814,2.0266,49.2438,49.2438,49.2438,23.8814,2.0266,,,,47.2172,21.8548,22.2314,22.8023,22.4383,1,0,1,0,1,1,0,1,1,1,1,1
11/15/2025 0:56,1.4534,1.0788,0.0362,1.1263,1.25365,1.4534,1.0788,1.1263,1.65,23.9012,2.0302,49.025,49.025,49.025,23.9012,2.0302,,,,46.9948,21.871,22.2512,22.8224,22.4478,1,0,1,0,1,1,0,1,1,1,1,1
11/15/2025 1:01,1.4409,1.0794,0.0375,1.1463,1.2561,1.4409,1.0794,1.1463,1.675,23.856,2.032,48.9688,48.9688,48.9688,23.856,2.032,,,,46.9368,21.824,22.181,22.7766,22.4151,1,0,1,0,1,1,0,1,1,1,1,1
11/15/2025 1:06,1.4509,1.0784,0.0362,1.1325,1.2555,1.4509,1.0784,1.1325,1.775,23.8617,2.032,48.9125,48.9125,48.9125,23.8617,2.032,,,,46.8805,21.8297,22.0867,22.7833,22.4108,1,0,1,0,1,1,0,1,1,1,1,1
11/15/2025 1:11,1.4522,1.0809,0.0362,1.1413,1.26055,1.4522,1.0809,1.1413,1.65,23.8645,2.0266,49.0625,49.0625,49.0625,23.8645,2.0266,,,,47.0359,21.8379,22.2145,22.7836,22.4123,1,0,1,0,1,1,0,1,1,1,1,1
11/15/2025 1:16,1.45,1.0797,0.0338,1.1525,1.26745,1.45,1.0797,1.1525,1.725,23.8843,2.0266,48.9063,48.9063,48.9063,23.8843,2.0266,,,,46.8797,21.8577,22.1593,22.8046,22.4343,1,0,1,0,1,1,0,1,1,1,1,1
11/15/2025 1:21,1.4378,1.0775,0.0375,1.1275,1.24515,1.4378,1.0775,1.1275,1.75,23.8786,2.0338,49.0875,49.0875,49.0875,23.8786,2.0338,,,,47.0537,21.8448,22.1286,22.8011,22.4408,1,0,1,0,1,1,0,1,1,1,1,1
11/15/2025 1:26,1.4484,1.0813,0.04,1.1525,1.26045,1.4484,1.0813,1.1525,1.65,23.8588,2.0302,48.9125,48.9125,48.9125,23.8588,2.0302,,,,46.8823,21.8286,22.2088,22.7775,22.4104,1,0,1,0,1,1,0,1,1,1,1,1
11/15/2025 1:31,1.4469,1.0797,0.0338,1.1738,1.27655,1.4469,1.0797,1.1738,1.675,23.8899,2.0284,48.9313,48.9313,48.9313,23.8899,2.0284,,,,46.9029,21.8615,22.2149,22.8102,22.443,1,0,1,0,1,1,0,1,1,1,1,1
11/15/2025 1:36,1.4463,1.0794,0.0362,1.1788,1.27635,1.4463,1.0794,1.1788,1.65,23.856,2.023,48.9188,48.9188,48.9188,23.856,2.023,,,,46.8958,21.833,22.206,22.7766,22.4097,1,0,1,0,1,1,0,1,1,1,1,1
11/15/2025 1:41,1.4416,1.0781,0.035,1.1413,1.25645,1.4416,1.0781,1.1413,1.65,23.8503,2.0266,48.9563,48.9563,48.9563,23.8503,2.0266,,,,46.9297,21.8237,22.2003,22.7722,22.4087,1,0,1,0,1,1,0,1,1,1,1,1
11/15/2025 1:46,1.4494,1.0781,0.035,1.1263,1.25285,1.4494,1.0781,1.1263,1.65,23.873,2.0248,49.275,49.275,49.275,23.873,2.0248,,,,47.2502,21.8482,22.223,22.7949,22.4236,1,0,1,0,1,1,0,1,1,1,1,1
11/15/2025 1:51,1.4491,1.0794,0.035,1.1387,1.2589,1.4491,1.0794,1.1387,1.65,23.8927,2.0266,49.0313,49.0313,49.0313,23.8927,2.0266,,,,47.0047,21.8661,22.2427,22.8133,22.4436,1,0,1,0,1,1,0,1,1,1,1,1
11/15/2025 1:56,1.4441,1.0791,0.0362,1.1938,1.28275,1.4441,1.0791,1.1938,1.725,23.873,2.023,48.8063,48.8063,48.8063,23.873,2.023,,,,46.7833,21.85,22.148,22.7939,22.4289,1,0,1,0,1,1,0,1,1,1,1,1
11/15/2025 2:01,1.4434,1.0797,0.035,1.1538,1.2636,1.4434,1.0797,1.1538,1.675,23.8447,2.0212,48.9375,48.9375,48.9375,23.8447,2.0212,,,,46.9163,21.8235,22.1697,22.765,22.4013,1,0,1,0,1,1,0,1,1,1,1,1
11/15/2025 2:06,1.4481,1.0784,0.0375,1.1313,1.2522,1.4481,1.0784,1.1313,1.65,23.8814,2.0266,49.2188,49.2188,49.2188,23.8814,2.0266,,,,47.1922,21.8548,22.2314,22.803,22.4333,1,0,1,0,1,1,0,1,1,1,1,1
11/15/2025 2:11,0.0503,1.0762,0.0313,0.0663,0.027,0.0503,1.0762,0.0663,1.65,0,-0.0018,0.0313,0.0313,0.0313,0,2.0266,,,,47.2235,21.8861,22.2314,24.8296,22.4333,1,0,1,0,1,1,0,1,1,1,1,1
11/15/2025 2:16,0.0003,1.0772,0,0,0.00015,0.0003,1.0772,0,1.725,0,-0.0036,0.1938,0.1938,0.1938,23.856,2.0266,,,,47.0297,21.6923,22.0376,21.078,24.4599,1,1,1,1,1,0,0,1,1,0,0,0
