Time,RO유입압력_PT008,RO처리압력_PT009,RO농축압력_PT010,RO유입압력_PT011,RO압력_RO-TMP,RO유입전도도_EC002,RO처리전도도_EC003,RO유입유량_FT001,RO처리유량_FT002,RO유입적산유량_FI001,RO처리적산유량_FI002,RO유입온도_TT004,ROpH_pH002,ROpH_pH003,RO산화환원전위_ORP001,RO펌프_P001,RO펌프_P002,XV013
10/22/2025 11:04,21.0625,0.55,20.1375,0.47,9.87375,32025,6655,5.4562,2.7225,125.323,2393.28,24.5813,2.7225,7.0225,24.5813,1.15,27.3038,1
10/22/2025 11:09,21.05,0.55,20.1375,0.47,9.87375,32050,6660,5.4413,2.7225,125.323,2393.507,24.7,2.7225,7.0225,24.7,1.15,27.4225,0
10/22/2025 11:14,21.0625,0.5375,20.1375,0.4575,9.88,31950,6625,5.4525,2.7337,125.323,2393.734,24.8125,2.7337,7.0337,24.8125,1.15,27.5462,1
10/22/2025 11:19,21.0625,0.5375,20.1375,0.4575,9.88,31950,6600,5.4487,2.7225,125.323,2393.962,24.85,2.7225,7.0225,24.85,1.15,27.5725,1
10/22/2025 11:24,21.0375,0.55,20.1375,0.47,9.87375,32075,6580,5.4413,2.73,125.323,2394.19,24.9313,2.73,7.03,24.9313,1.15,27.6613,1
10/22/2025 11:29,21.05,0.5375,20.1625,0.4575,9.8925,32000,6585,5.4337,2.73,125.323,2394.417,24.9563,2.73,7.03,24.9563,1.15,27.6863,1
10/22/2025 11:34,21.0125,0.55,20.125,0.47,9.8675,32000,6555,5.43,2.7188,125.323,2394.644,25.0125,2.7188,7.0188,25.0125,1.15,27.7313,1
10/22/2025 11:39,21.0125,0.5625,20.1125,0.4825,9.855,31950,6565,5.43,2.7188,125.323,2394.871,25.0188,2.7188,7.0188,25.0188,1.15,27.7376,1
10/22/2025 11:44,21.0375,0.5625,20.125,0.4825,9.86125,32025,6535,5.4188,2.7188,125.323,2395.097,25.0313,2.7188,7.0188,25.0313,1.15,27.7501,1
10/22/2025 11:49,21.05,0.5625,20.1625,0.4825,9.88,32150,6525,5.4188,2.7188,125.323,2395.325,25.05,2.7188,7.0188,25.05,1.15,27.7688,1
10/22/2025 11:54,21.05,0.5625,20.1375,0.4825,9.8675,32025,6500,5.4225,2.715,125.323,2395.551,25.05,2.715,7.015,25.05,1.15,27.765,1
10/22/2025 11:59,21.05,0.6,20.1625,0.52,9.86125,32125,6520,5.4188,2.715,125.323,2395.778,25.0563,2.715,7.015,25.0563,1.15,27.7713,1
10/22/2025 12:04,21.0375,0.5625,20.125,0.4825,9.86125,32025,6520,5.415,2.7112,125.323,2396.004,25.0813,2.7112,7.0112,25.0813,1.15,27.7925,1
10/22/2025 12:09,21.0375,0.575,20.1375,0.495,9.86125,32175,6500,5.4112,2.7112,125.323,2396.229,25.0813,2.7112,7.0112,25.0813,1.15,27.7925,1
10/22/2025 12:14,21.0375,0.575,20.1375,0.495,9.86125,32125,6480,5.4112,2.7112,125.323,2396.455,25.075,2.7112,7.0112,25.075,1.15,27.7862,1
10/22/2025 12:19,21.0375,0.6,20.125,0.52,9.8425,32150,6480,5.4112,2.7112,125.323,2396.682,25.1063,2.7112,7.0112,25.1063,1.15,27.8175,1
10/22/2025 12:24,21.0125,0.5625,20.125,0.4825,9.86125,32150,6470,5.4188,2.7112,125.323,2396.907,25.1313,2.7112,7.0112,25.1313,1.15,27.8425,1
10/22/2025 12:29,21.0375,0.575,20.125,0.495,9.855,32000,6470,5.4112,2.7,125.323,2397.133,25.1313,2.7,7,25.1313,1.15,27.8313,1
10/22/2025 12:34,21.0375,0.6,20.125,0.52,9.8425,32025,6485,5.4,2.7,125.323,2397.358,25.1375,2.7,7,25.1375,1.15,27.8375,1
10/22/2025 12:39,21.0125,0.5625,20.1125,0.4825,9.855,32150,6470,5.3963,2.6963,125.323,2397.582,25.1313,2.6963,6.9963,25.1313,1.15,27.8276,1
10/22/2025 12:44,21,0.6,20.125,0.52,9.8425,32175,6450,5.3963,2.6963,125.323,2397.806,25.1625,2.6963,6.9963,25.1625,1.15,27.8588,1
10/22/2025 12:49,21,0.575,20.1125,0.495,9.84875,32150,6495,5.4,2.6963,125.323,2398.031,25.2,2.6963,6.9963,25.2,1.15,27.8963,1
10/22/2025 12:54,21,0.5625,20.1,0.4825,9.84875,32125,6485,5.3963,2.6887,125.323,2398.256,25.2,2.6887,6.9887,25.2,1.15,27.8887,1
10/22/2025 12:59,21,0.575,20.1,0.495,9.8425,32025,6485,5.3812,2.6887,125.323,2398.48,25.2188,2.6887,6.9887,25.2188,1.15,27.9075,1
10/22/2025 13:04,21,0.575,20.1,0.495,9.8425,32050,6460,5.385,2.6775,125.323,2398.704,25.2375,2.6775,6.9775,25.2375,1.15,27.915,1
10/22/2025 13:09,20.9875,0.5625,20.1,0.4825,9.84875,32050,6480,5.3775,2.6775,125.323,2398.927,25.2625,2.6775,6.9775,25.2625,1.15,27.94,1
10/22/2025 13:14,20.9875,0.5625,20.1125,0.4825,9.855,32075,6475,5.385,2.6775,125.323,2399.151,25.2875,2.6775,6.9775,25.2875,1.15,27.965,1
10/22/2025 13:19,21,0.55,20.125,0.47,9.8675,32200,6470,5.3775,2.6812,125.323,2399.374,25.2875,2.6812,6.9812,25.2875,1.15,27.9687,1
10/22/2025 13:24,20.975,0.6,20.1125,0.52,9.83625,32200,6485,5.3737,2.6738,125.323,2399.598,25.3313,2.6738,6.9738,25.3313,1.15,28.0051,1
10/22/2025 13:29,20.95,0.6,20.075,0.52,9.8175,32250,6480,5.3737,2.6738,125.323,2399.821,25.3313,2.6738,6.9738,25.3313,1.15,28.0051,1
10/22/2025 13:34,20.95,0.575,20.1,0.495,9.8425,32125,6460,5.3812,2.6738,125.323,2400.044,25.3375,2.6738,6.9738,25.3375,1.15,28.0113,1
10/22/2025 13:39,20.95,0.5375,20.1,0.4575,9.86125,32200,6495,5.37,2.6738,125.323,2400.267,25.3563,2.6738,6.9738,25.3563,1.15,28.0301,1
10/22/2025 13:44,20.975,0.5625,20.1,0.4825,9.84875,32200,6475,5.3737,2.67,125.323,2400.489,25.375,2.67,6.97,25.375,1.15,28.045,1
10/22/2025 13:49,20.975,0.5625,20.1125,0.4825,9.855,32200,6470,5.3737,2.6738,125.323,2400.712,25.3875,2.6738,6.9738,25.3875,1.15,28.0613,1
10/22/2025 13:54,20.95,0.575,20.1,0.495,9.8425,32175,6470,5.3737,2.67,125.323,2400.934,25.4063,2.67,6.97,25.4063,1.15,28.0763,1
10/22/2025 13:59,20.95,0.575,20.075,0.495,9.83,32150,6460,5.3587,2.67,125.323,2401.157,25.4188,2.67,6.97,25.4188,1.15,28.0888,1
10/22/2025 14:04,20.9375,0.55,20.1,0.47,9.855,32075,6475,5.3737,2.6625,125.323,2401.379,25.4375,2.6625,6.9625,25.4375,1.15,28.1,1
10/22/2025 14:09,20.95,0.575,20.075,0.495,9.83,32075,6505,5.3625,2.6587,125.323,2401.601,25.4375,2.6587,6.9587,25.4375,1.15,28.0962,1
10/22/2025 14:14,2.2,0.5,2.05,0.42,0.855,32050,595,0,0,125.323,2401.79,25.4375,0,4.3,25.4375,1.15,25.4375,1
10/23/2025 8:05,21.1125,0.5625,20.1875,0.4825,9.8925,32300,6875,5.5687,2.8575,125.323,2403.488,23.7063,2.8575,7.1575,23.7063,1.15,26.5638,1
10/23/2025 8:10,21.125,0.5625,20.2,0.4825,9.89875,32425,6900,5.52,2.8013,125.323,2403.724,23.7313,2.8013,7.1013,23.7313,1.15,26.5326,1
10/23/2025 8:15,21.1375,0.6,20.225,0.52,9.8925,32300,6845,5.4975,2.775,125.323,2403.957,23.6813,2.775,7.075,23.6813,1.15,26.4563,1
10/23/2025 8:20,21.15,0.575,20.225,0.495,9.905,32300,6785,5.4787,2.76,125.323,2404.187,23.6813,2.76,7.06,23.6813,1.15,26.4413,1
10/23/2025 8:25,21.1375,0.6,20.2,0.52,9.88,32275,6740,5.46,2.7413,125.323,2404.417,23.7375,2.7413,7.0413,23.7375,1.15,26.4788,1
10/23/2025 8:30,21.1375,0.5625,20.2,0.4825,9.89875,32400,6720,5.46,2.7337,125.323,2404.645,23.775,2.7337,7.0337,23.775,1.15,26.5087,1
10/23/2025 8:35,21.125,0.575,20.2,0.495,9.8925,32425,6680,5.4487,2.7225,125.323,2404.872,23.8188,2.7225,7.0225,23.8188,1.15,26.5413,1
10/23/2025 8:40,21.1125,0.6,20.225,0.52,9.8925,32275,6640,5.4375,2.7188,125.323,2405.099,23.8563,2.7188,7.0188,23.8563,1.15,26.5751,1
10/23/2025 8:45,21.1375,0.575,20.225,0.495,9.905,32300,6650,5.4413,2.715,125.323,2405.326,23.8688,2.715,7.015,23.8688,1.15,26.5838,1
10/23/2025 8:50,21.1375,0.6,20.25,0.52,9.905,32325,6630,5.4112,2.7037,125.323,2405.552,23.8938,2.7037,7.0037,23.8938,1.15,26.5975,1
10/23/2025 8:55,21.1375,0.575,20.2,0.495,9.8925,32300,6600,5.415,2.7,125.323,2405.778,23.9063,2.7,7,23.9063,1.15,26.6063,1
10/23/2025 9:00,21.125,0.575,20.2,0.495,9.8925,32300,6585,5.415,2.7,125.323,2406.003,23.9375,2.7,7,23.9375,1.15,26.6375,1
10/23/2025 9:05,21.125,0.5625,20.2,0.4825,9.89875,32275,6565,5.415,2.6963,125.323,2406.228,23.9625,2.6963,6.9963,23.9625,1.15,26.6588,1
10/23/2025 9:10,21.1375,0.575,20.2,0.495,9.8925,32275,6600,5.4037,2.6925,125.323,2406.453,23.9938,2.6925,6.9925,23.9938,1.15,26.6863,1
10/23/2025 9:15,21.125,0.575,20.225,0.495,9.905,32375,6580,5.4037,2.6925,125.323,2406.677,24.0063,2.6925,6.9925,24.0063,1.15,26.6988,1
10/23/2025 9:20,21.1125,0.5625,20.225,0.4825,9.91125,32275,6545,5.415,2.6887,125.323,2406.901,24.0375,2.6887,6.9887,24.0375,1.15,26.7262,1
10/23/2025 9:25,21.1375,0.575,20.225,0.495,9.905,32300,6530,5.4112,2.6925,125.323,2407.126,24.0313,2.6925,6.9925,24.0313,1.15,26.7238,1
10/23/2025 9:30,21.125,0.575,20.225,0.495,9.905,32375,6530,5.415,2.6812,125.323,2407.349,24.075,2.6812,6.9812,24.075,1.15,26.7562,1
10/23/2025 9:35,21.1125,0.6125,20.2,0.5325,9.87375,32375,6535,5.4,2.6887,125.323,2407.574,24.2375,2.6887,6.9887,24.2375,1.15,26.9262,1
10/23/2025 9:40,21.1125,0.5625,20.225,0.4825,9.91125,32275,6530,5.4112,2.6925,125.323,2407.797,24.3625,2.6925,6.9925,24.3625,1.15,27.055,1
10/23/2025 9:45,21.0875,0.575,20.175,0.495,9.88,32275,6545,5.3963,2.6812,125.323,2408.021,24.3938,2.6812,6.9812,24.3938,1.15,27.075,1
10/23/2025 9:50,21.0625,0.575,20.175,0.495,9.88,32200,6545,5.3925,2.6775,125.323,2408.244,24.4563,2.6775,6.9775,24.4563,1.15,27.1338,1
10/23/2025 9:55,21.05,0.575,20.175,0.495,9.88,31925,6460,5.46,2.7375,125.323,2408.471,24.7375,2.7375,7.0375,24.7375,1.15,27.475,1
10/23/2025 10:00,21.0625,0.5625,20.1875,0.4825,9.8925,31925,6470,5.4413,2.7337,125.323,2408.699,24.7375,2.7337,7.0337,24.7375,1.15,27.4712,1
10/23/2025 10:05,21.0625,0.575,20.175,0.495,9.88,32000,6485,5.4413,2.715,125.323,2408.927,24.7438,2.715,7.015,24.7438,1.15,27.4588,1
10/23/2025 10:10,21.05,0.575,20.1625,0.495,9.87375,32075,6495,5.4375,2.715,125.323,2409.154,24.7688,2.715,7.015,24.7688,1.15,27.4838,1
10/23/2025 10:15,21.0375,0.5625,20.1375,0.4825,9.8675,32025,6505,5.43,2.715,125.323,2409.379,24.7563,2.715,7.015,24.7563,1.15,27.4713,1
10/23/2025 10:20,21.0375,0.575,20.1625,0.495,9.87375,32025,6450,5.43,2.7112,125.323,2409.605,24.7938,2.7112,7.0112,24.7938,1.15,27.505,1
10/23/2025 10:25,21.05,0.55,20.1625,0.47,9.88625,32175,6470,5.4225,2.7037,125.323,2409.831,24.8313,2.7037,7.0037,24.8313,1.15,27.535,1
10/23/2025 10:30,21.0375,0.55,20.175,0.47,9.8925,32050,6460,5.415,2.7,125.323,2410.057,24.85,2.7,7,24.85,1.15,27.55,1
10/23/2025 10:35,21.0125,0.55,20.1625,0.47,9.88625,32150,6485,5.415,2.7,125.323,2410.282,24.8625,2.7,7,24.8625,1.15,27.5625,1
10/23/2025 10:40,21.0375,0.575,20.1625,0.495,9.87375,32150,6475,5.4112,2.7,125.323,2410.508,24.8688,2.7,7,24.8688,1.15,27.5688,1
10/23/2025 10:45,21.0125,0.6,20.1625,0.52,9.86125,32125,6455,5.4112,2.7,125.323,2410.732,24.875,2.7,7,24.875,1.15,27.575,1
10/23/2025 10:50,21.0125,0.6,20.125,0.52,9.8425,32200,6470,5.3963,2.6963,125.323,2410.957,24.9063,2.6963,6.9963,24.9063,1.15,27.6026,1
10/23/2025 10:55,21.0125,0.575,20.1625,0.495,9.87375,32150,6450,5.4112,2.6963,125.323,2411.182,24.9438,2.6963,6.9963,24.9438,1.15,27.6401,1
10/23/2025 11:00,21.0125,0.575,20.175,0.495,9.88,32175,6460,5.4037,2.6925,125.323,2411.406,24.9688,2.6925,6.9925,24.9688,1.15,27.6613,1
10/23/2025 11:05,21.0125,0.6,20.1625,0.52,9.86125,32175,6470,5.3925,2.6887,125.323,2411.631,24.9813,2.6887,6.9887,24.9813,1.15,27.67,1
10/23/2025 11:10,21.0125,0.6,20.1625,0.52,9.86125,32150,6450,5.3925,2.6925,125.323,2411.856,25.025,2.6925,6.9925,25.025,1.15,27.7175,1
10/23/2025 11:15,21.0375,0.575,20.1625,0.495,9.87375,32175,6475,5.3963,2.6887,125.323,2412.08,25.0313,2.6887,6.9887,25.0313,1.15,27.72,1
10/23/2025 11:20,21.0125,0.6125,20.1375,0.5325,9.8425,32200,6455,5.3925,2.6887,125.323,2412.304,25.05,2.6887,6.9887,25.05,1.15,27.7387,1
10/23/2025 11:25,21.0125,0.575,20.1625,0.495,9.87375,32050,6480,5.3963,2.6887,125.323,2412.527,25.05,2.6887,6.9887,25.05,1.15,27.7387,1
10/23/2025 11:30,21.0125,0.575,20.1625,0.495,9.87375,32175,6460,5.3925,2.6887,125.323,2412.751,25.0813,2.6887,6.9887,25.0813,1.15,27.77,1
10/23/2025 11:35,21.0125,0.5625,20.1625,0.4825,9.88,32075,6450,5.3963,2.6812,125.323,2412.975,25.0813,2.6812,6.9812,25.0813,1.15,27.7625,1
10/23/2025 11:40,21.0125,0.575,20.1625,0.495,9.87375,32200,6440,5.3963,2.6812,125.323,2413.199,25.0938,2.6812,6.9812,25.0938,1.15,27.775,1
10/23/2025 11:45,21.0125,0.6,20.1625,0.52,9.86125,32250,6440,5.3963,2.6812,125.323,2413.423,25.0938,2.6812,6.9812,25.0938,1.15,27.775,1
10/23/2025 11:50,21.0375,0.5625,20.1375,0.4825,9.8675,32125,6450,5.385,2.6775,125.323,2413.647,25.1125,2.6775,6.9775,25.1125,1.15,27.79,1
10/23/2025 11:55,21.0375,0.575,20.175,0.495,9.88,32200,6440,5.3963,2.6775,125.323,2413.87,25.1125,2.6775,6.9775,25.1125,1.15,27.79,1
10/23/2025 12:00,21.0125,0.6,20.1625,0.52,9.86125,32275,6440,5.3925,2.6775,125.323,2414.093,25.1188,2.6775,6.9775,25.1188,1.15,27.7963,1
10/23/2025 12:05,21.0125,0.6,20.1375,0.52,9.84875,32275,6440,5.3737,2.6738,125.323,2414.316,25.1375,2.6738,6.9738,25.1375,1.15,27.8113,1
10/23/2025 12:10,21.0375,0.5625,20.175,0.4825,9.88625,32125,6440,5.3925,2.6775,125.323,2414.539,25.15,2.6775,6.9775,25.15,1.15,27.8275,1
10/23/2025 12:15,21.0375,0.6,20.1375,0.52,9.84875,32200,6460,5.3775,2.6738,125.323,2414.762,25.1438,2.6738,6.9738,25.1438,1.15,27.8176,1
10/23/2025 12:20,21.0375,0.6125,20.1625,0.5325,9.855,32250,6460,5.3737,2.6738,125.323,2414.985,25.15,2.6738,6.9738,25.15,1.15,27.8238,1
10/23/2025 12:25,21.0375,0.6,20.1625,0.52,9.86125,32275,6450,5.3775,2.6738,125.323,2415.208,25.1688,2.6738,6.9738,25.1688,1.15,27.8426,1
10/23/2025 12:30,21,0.5625,20.1375,0.4825,9.8675,32200,6440,5.385,2.6625,125.323,2415.43,25.1688,2.6625,6.9625,25.1688,1.15,27.8313,1
10/23/2025 12:35,21.0125,0.575,20.1375,0.495,9.86125,32250,6455,5.3775,2.67,125.323,2415.652,25.1938,2.67,6.97,25.1938,1.15,27.8638,1
10/23/2025 12:40,21.0125,0.575,20.1625,0.495,9.87375,32325,6475,5.355,2.6625,125.323,2415.875,25.2188,2.6625,6.9625,25.2188,1.15,27.8813,1
10/23/2025 12:45,21.0125,0.5625,20.1375,0.4825,9.8675,32175,6470,5.37,2.67,125.323,2416.097,25.225,2.67,6.97,25.225,1.15,27.895,1
10/23/2025 12:50,21.0125,0.6,20.125,0.52,9.8425,32275,6470,5.37,2.6625,125.323,2416.319,25.25,2.6625,6.9625,25.25,1.15,27.9125,1
10/23/2025 12:55,21,0.6,20.1375,0.52,9.84875,32300,6475,5.37,2.655,125.323,2416.541,25.2688,2.655,6.955,25.2688,1.15,27.9238,1
10/23/2025 13:00,21,0.575,20.1375,0.495,9.86125,32250,6470,5.37,2.655,125.323,2416.763,25.3063,2.655,6.955,25.3063,1.15,27.9613,1
10/23/2025 13:05,20.9875,0.575,20.125,0.495,9.855,32325,6470,5.3587,2.655,125.323,2416.984,25.3375,2.655,6.955,25.3375,1.15,27.9925,1
10/23/2025 13:10,20.9875,0.575,20.125,0.495,9.855,32150,6485,5.3512,2.655,125.323,2417.205,25.3375,2.655,6.955,25.3375,1.15,27.9925,1
10/23/2025 13:15,20.9875,0.5625,20.125,0.4825,9.86125,32275,6480,5.37,2.655,125.323,2417.426,25.3688,2.655,6.955,25.3688,1.15,28.0238,1
10/23/2025 13:20,20.9875,0.5625,20.125,0.4825,9.86125,32300,6460,5.3625,2.6513,125.323,2417.647,25.375,2.6513,6.9513,25.375,1.15,28.0263,1
10/23/2025 13:25,20.975,0.575,20.1125,0.495,9.84875,32250,6485,5.355,2.6513,125.323,2417.868,25.3938,2.6513,6.9513,25.3938,1.15,28.0451,1
10/23/2025 13:30,20.9875,0.575,20.125,0.495,9.855,32375,6485,5.3512,2.655,125.323,2418.089,25.4125,2.655,6.955,25.4125,1.15,28.0675,1
10/23/2025 13:35,0.4625,0.4875,0.3375,0.4075,0.005,32250,305,0,0.0037,125.323,2418.221,25.3813,0.0037,4.3037,25.3813,1.15,25.385,1
10/24/2025 8:06,21.15,0.6,20.2,0.52,9.88,32400,6865,5.5538,2.8388,125.323,2420.063,23.3,2.8388,7.1388,23.3,1.15,26.1388,1
10/24/2025 8:11,21.1875,0.6125,20.2375,0.5325,9.8925,32425,6940,5.5088,2.7937,125.323,2420.298,23.3563,2.7937,7.0937,23.3563,1.15,26.15,1
10/24/2025 8:16,21.175,0.6,20.225,0.52,9.8925,32400,6865,5.475,2.76,125.323,2420.53,23.3375,2.76,7.06,23.3375,1.15,26.0975,1
10/24/2025 8:21,21.175,0.625,20.25,0.545,9.8925,32525,6800,5.4675,2.7487,125.323,2420.759,23.425,2.7487,7.0487,23.425,1.15,26.1737,1
10/24/2025 8:26,21.1375,0.6,20.2375,0.52,9.89875,32400,6735,5.4562,2.7337,125.323,2420.987,23.475,2.7337,7.0337,23.475,1.15,26.2087,1
10/24/2025 8:31,21.15,0.625,20.2375,0.545,9.88625,32425,6720,5.4375,2.7225,125.323,2421.215,23.5188,2.7225,7.0225,23.5188,1.15,26.2413,1
10/24/2025 8:36,21.125,0.6125,20.2375,0.5325,9.8925,32400,6715,5.4413,2.715,125.323,2421.442,23.55,2.715,7.015,23.55,1.15,26.265,1
10/24/2025 8:41,21.0875,0.6,20.225,0.52,9.8925,32525,6705,5.4337,2.7037,125.323,2421.668,23.5813,2.7037,7.0037,23.5813,1.15,26.285,1
10/24/2025 8:46,21.1125,0.6125,20.2,0.5325,9.87375,32400,6660,5.4188,2.7,125.323,2421.893,23.5938,2.7,7,23.5938,1.15,26.2938,1
10/24/2025 8:51,21.075,0.575,20.2,0.495,9.8925,32475,6635,5.4112,2.6925,125.323,2422.118,23.6375,2.6925,6.9925,23.6375,1.15,26.33,1
10/24/2025 8:56,21.075,0.6125,20.2,0.5325,9.87375,32325,6625,5.4037,2.6887,125.323,2422.342,23.6438,2.6887,6.9887,23.6438,1.15,26.3325,1
10/24/2025 9:01,21.075,0.6,20.2,0.52,9.88,32475,6625,5.4037,2.6887,125.323,2422.566,23.6625,2.6887,6.9887,23.6625,1.15,26.3512,1
10/24/2025 9:06,21.0875,0.6,20.2,0.52,9.88,32425,6590,5.3963,2.6775,125.323,2422.789,23.6688,2.6775,6.9775,23.6688,1.15,26.3463,1
10/24/2025 9:11,21.0875,0.6125,20.25,0.5325,9.89875,32450,6575,5.3812,2.6775,125.323,2423.012,23.6313,2.6775,6.9775,23.6313,1.15,26.3088,1
10/24/2025 9:16,21.0875,0.6,20.2,0.52,9.88,32450,6575,5.3812,2.67,125.323,2423.235,23.6438,2.67,6.97,23.6438,1.15,26.3138,1
10/24/2025 9:21,21.0875,0.575,20.225,0.495,9.905,32400,6555,5.3737,2.6625,125.323,2423.458,23.8188,2.6625,6.9625,23.8188,1.15,26.4813,1
10/24/2025 9:26,21.0375,0.575,20.1625,0.495,9.87375,31925,6440,5.4562,2.7375,125.323,2423.682,24.175,2.7375,7.0375,24.175,1.15,26.9125,1
10/24/2025 9:31,21.05,0.6125,20.1875,0.5325,9.8675,32075,6460,5.4487,2.73,125.323,2423.911,24.2,2.73,7.03,24.2,1.15,26.93,1
10/24/2025 9:36,21.0375,0.6,20.1625,0.52,9.86125,32075,6495,5.4225,2.715,125.323,2424.138,24.2,2.715,7.015,24.2,1.15,26.915,1
10/24/2025 9:41,21.05,0.575,20.175,0.495,9.88,32175,6480,5.4188,2.7112,125.323,2424.364,24.2125,2.7112,7.0112,24.2125,1.15,26.9237,1
10/24/2025 9:46,21.05,0.6,20.175,0.52,9.8675,32250,6460,5.43,2.7,125.323,2424.59,24.225,2.7,7,24.225,1.15,26.925,1
10/24/2025 9:51,21.05,0.6125,20.175,0.5325,9.86125,32175,6460,5.4037,2.6963,125.323,2424.815,24.25,2.6963,6.9963,24.25,1.15,26.9463,1
10/24/2025 9:56,21.05,0.6125,20.1625,0.5325,9.855,32150,6480,5.4112,2.7,125.323,2425.04,24.2688,2.7,7,24.2688,1.15,26.9688,1
10/24/2025 10:01,21.05,0.6,20.175,0.52,9.8675,32250,6460,5.4112,2.7,125.323,2425.265,24.2875,2.7,7,24.2875,1.15,26.9875,1
10/24/2025 10:06,21.0375,0.6125,20.1625,0.5325,9.855,32250,6450,5.4,2.6963,125.323,2425.49,24.3,2.6963,6.9963,24.3,1.15,26.9963,1
10/24/2025 10:11,21.0375,0.575,20.175,0.495,9.88,32175,6450,5.4,2.6925,125.323,2425.715,24.3375,2.6925,6.9925,24.3375,1.15,27.03,1
10/24/2025 10:16,21.0375,0.575,20.175,0.495,9.88,32075,6470,5.4,2.6925,125.323,2425.939,24.3563,2.6925,6.9925,24.3563,1.15,27.0488,1
10/24/2025 10:21,21.0125,0.575,20.175,0.495,9.88,32250,6460,5.4,2.6887,125.323,2426.162,24.3688,2.6887,6.9887,24.3688,1.15,27.0575,1
10/24/2025 10:26,21.0125,0.575,20.175,0.495,9.88,32125,6430,5.3925,2.6887,125.323,2426.386,24.4063,2.6887,6.9887,24.4063,1.15,27.095,1
10/24/2025 10:31,21.0375,0.5625,20.1625,0.4825,9.88,32200,6475,5.3963,2.6775,125.323,2426.61,24.4313,2.6775,6.9775,24.4313,1.15,27.1088,1
10/24/2025 10:36,21.0125,0.6125,20.1625,0.5325,9.855,32250,6470,5.3925,2.6775,125.323,2426.833,24.4563,2.6775,6.9775,24.4563,1.15,27.1338,1
10/24/2025 10:41,20.9875,0.6,20.1625,0.52,9.86125,32275,6455,5.385,2.6738,125.323,2427.056,24.475,2.6738,6.9738,24.475,1.15,27.1488,1
10/24/2025 10:46,21,0.6,20.1875,0.52,9.87375,32200,6450,5.3775,2.6738,125.323,2427.28,24.525,2.6738,6.9738,24.525,1.15,27.1988,1
10/24/2025 10:51,21,0.6,20.1625,0.52,9.86125,32200,6450,5.3775,2.6738,125.323,2427.503,24.5313,2.6738,6.9738,24.5313,1.15,27.2051,1
10/24/2025 10:56,21.0125,0.625,20.175,0.545,9.855,32250,6450,5.3812,2.6775,125.323,2427.725,24.575,2.6775,6.9775,24.575,1.15,27.2525,1
10/24/2025 11:01,21,0.6,20.1625,0.52,9.86125,32150,6450,5.3812,2.67,125.323,2427.948,24.6063,2.67,6.97,24.6063,1.15,27.2763,1
10/24/2025 11:06,21,0.6125,20.175,0.5325,9.86125,32250,6450,5.37,2.6738,125.323,2428.171,24.6438,2.6738,6.9738,24.6438,1.15,27.3176,1
10/24/2025 11:11,21,0.575,20.1625,0.495,9.87375,32325,6470,5.3925,2.67,125.323,2428.393,24.675,2.67,6.97,24.675,1.15,27.345,1
10/24/2025 11:16,21,0.575,20.175,0.495,9.88,32250,6455,5.385,2.67,125.323,2428.616,24.7063,2.67,6.97,24.7063,1.15,27.3763,1
10/24/2025 11:21,20.9875,0.5625,20.1625,0.4825,9.88,32300,6470,5.37,2.67,125.323,2428.839,24.7438,2.67,6.97,24.7438,1.15,27.4138,1
10/24/2025 11:26,20.9875,0.6125,20.1375,0.5325,9.8425,32250,6450,5.37,2.67,125.323,2429.061,24.775,2.67,6.97,24.775,1.15,27.445,1
10/24/2025 11:31,20.9875,0.6,20.1375,0.52,9.84875,32325,6470,5.3737,2.6625,125.323,2429.282,24.7875,2.6625,6.9625,24.7875,1.15,27.45,1
10/24/2025 11:36,20.9875,0.6,20.1625,0.52,9.86125,32325,6495,5.37,2.6587,125.323,2429.504,24.8125,2.6587,6.9587,24.8125,1.15,27.4712,1
10/24/2025 11:41,20.95,0.6,20.1375,0.52,9.84875,32200,6480,5.355,2.6587,125.323,2429.726,24.8188,2.6587,6.9587,24.8188,1.15,27.4775,1
10/24/2025 11:46,20.975,0.575,20.1375,0.495,9.86125,32300,6485,5.3625,2.655,125.323,2429.947,24.8125,2.655,6.955,24.8125,1.15,27.4675,1
10/24/2025 11:51,20.9875,0.6,20.175,0.52,9.8675,32250,6450,5.37,2.6625,125.323,2430.169,24.8313,2.6625,6.9625,24.8313,1.15,27.4938,1
10/24/2025 11:56,20.9875,0.575,20.1625,0.495,9.87375,32325,6455,5.3625,2.6625,125.323,2430.392,24.8375,2.6625,6.9625,24.8375,1.15,27.5,1
10/24/2025 12:01,20.9875,0.5625,20.175,0.4825,9.88625,32300,6450,5.37,2.6587,125.323,2430.613,24.8625,2.6587,6.9587,24.8625,1.15,27.5212,1
10/24/2025 12:06,20.9875,0.5625,20.1625,0.4825,9.88,32325,6475,5.3512,2.655,125.323,2430.834,24.8938,2.655,6.955,24.8938,1.15,27.5488,1
10/24/2025 12:11,20.975,0.6,20.1625,0.52,9.86125,32300,6460,5.3587,2.655,125.323,2431.055,24.9063,2.655,6.955,24.9063,1.15,27.5613,1
10/24/2025 12:16,20.975,0.5625,20.1375,0.4825,9.8675,32250,6470,5.3512,2.6513,125.323,2431.277,24.9063,2.6513,6.9513,24.9063,1.15,27.5576,1
10/24/2025 12:21,20.9875,0.5625,20.1375,0.4825,9.8675,32375,6455,5.3438,2.6513,125.323,2431.498,24.9188,2.6513,6.9513,24.9188,1.15,27.5701,1
10/24/2025 12:26,20.975,0.6,20.1375,0.52,9.84875,32400,6480,5.3438,2.6513,125.323,2431.72,24.95,2.6513,6.9513,24.95,1.15,27.6013,1
10/24/2025 12:31,20.9875,0.5625,20.1375,0.4825,9.8675,32400,6470,5.3512,2.6513,125.323,2431.941,24.9625,2.6513,6.9513,24.9625,1.15,27.6138,1
10/24/2025 12:36,20.975,0.575,20.1375,0.495,9.86125,32425,6480,5.3438,2.6513,125.323,2432.162,24.975,2.6513,6.9513,24.975,1.15,27.6263,1
10/24/2025 12:41,20.975,0.5625,20.1375,0.4825,9.8675,32400,6460,5.3438,2.6437,125.323,2432.382,25.0125,2.6437,6.9437,25.0125,1.15,27.6562,1
10/24/2025 12:46,20.975,0.6,20.125,0.52,9.8425,32375,6470,5.3438,2.64,125.323,2432.602,25.0188,2.64,6.94,25.0188,1.15,27.6588,1
10/24/2025 12:51,20.975,0.5625,20.1375,0.4825,9.8675,32325,6470,5.34,2.6437,125.323,2432.823,25.025,2.6437,6.9437,25.025,1.15,27.6687,1
10/24/2025 12:56,20.975,0.575,20.125,0.495,9.855,32325,6470,5.3362,2.64,125.323,2433.043,25.0313,2.64,6.94,25.0313,1.15,27.6713,1
10/24/2025 13:01,20.95,0.6,20.125,0.52,9.8425,32450,6475,5.3213,2.64,125.323,2433.264,25.05,2.64,6.94,25.05,1.15,27.69,1
10/24/2025 13:06,20.9375,0.575,20.1125,0.495,9.84875,32450,6505,5.3362,2.6325,125.323,2433.483,25.0875,2.6325,6.9325,25.0875,1.15,27.72,1
10/24/2025 13:11,20.975,0.575,20.125,0.495,9.855,32425,6485,5.3325,2.64,125.323,2433.703,25.075,2.64,6.94,25.075,1.15,27.715,1
10/24/2025 13:16,20.95,0.5625,20.125,0.4825,9.86125,32475,6485,5.3362,2.625,125.323,2433.923,25.1,2.625,6.925,25.1,1.15,27.725,1
10/24/2025 13:21,20.9375,0.575,20.125,0.495,9.855,32425,6510,5.3213,2.6325,125.323,2434.142,25.1188,2.6325,6.9325,25.1188,1.15,27.7513,1
10/24/2025 13:26,20.925,0.6,20.1125,0.52,9.83625,32450,6510,5.3213,2.625,125.323,2434.361,25.1313,2.625,6.925,25.1313,1.15,27.7563,1
10/24/2025 13:31,20.9375,0.6,20.1125,0.52,9.83625,32400,6485,5.3137,2.625,125.323,2434.581,25.1438,2.625,6.925,25.1438,1.15,27.7688,1
10/24/2025 13:36,20.9375,0.575,20.125,0.495,9.855,32475,6495,5.3213,2.6212,125.323,2434.8,25.1625,2.6212,6.9212,25.1625,1.15,27.7837,1
10/24/2025 13:41,20.925,0.6,20.125,0.52,9.8425,32425,6525,5.3137,2.6212,125.323,2435.019,25.1813,2.6212,6.9212,25.1813,1.15,27.8025,1
10/24/2025 13:46,2.3875,0.5,2.2375,0.42,0.94875,32325,710,0,0.2437,125.323,2435.209,25.175,0.2437,4.5437,25.175,1.15,25.4187,1
10/27/2025 8:04,21.1875,0.6875,20.175,0.6075,9.82375,32775,6505,5.4112,2.6963,125.323,2436.949,20.4813,2.6963,6.9963,20.4813,1.15,23.1776,1
10/27/2025 8:09,21.2,0.6375,20.225,0.5575,9.87375,32800,6615,5.37,2.6437,125.323,2437.171,20.525,2.6437,6.9437,20.525,1.15,23.1687,1
10/27/2025 8:14,21.2,0.6625,20.225,0.5825,9.86125,32675,6545,5.3438,2.6212,125.323,2437.391,20.4813,2.6212,6.9212,20.4813,1.15,23.1025,1
10/27/2025 8:19,21.2,0.6375,20.2,0.5575,9.86125,32825,6505,5.3137,2.6062,125.323,2437.609,20.4875,2.6062,6.9062,20.4875,1.15,23.0937,1
10/27/2025 8:24,21.1875,0.6625,20.1875,0.5825,9.8425,32700,6450,5.3062,2.5913,125.323,2437.825,20.5125,2.5913,6.8913,20.5125,1.15,23.1038,1
10/27/2025 8:29,21.175,0.625,20.1875,0.545,9.86125,32650,6405,5.2988,2.5762,125.323,2438.041,20.525,2.5762,6.8762,20.525,1.15,23.1012,1
10/27/2025 8:34,21.15,0.625,20.175,0.545,9.855,32675,6355,5.28,2.565,125.323,2438.255,20.5688,2.565,6.865,20.5688,1.15,23.1338,1
10/27/2025 8:39,21.1375,0.6375,20.1875,0.5575,9.855,32775,6350,5.28,2.5575,125.323,2438.469,20.5938,2.5575,6.8575,20.5938,1.15,23.1513,1
10/27/2025 8:44,21.15,0.625,20.1875,0.545,9.86125,32775,6350,5.2763,2.5575,125.323,2438.682,20.6188,2.5575,6.8575,20.6188,1.15,23.1763,1
10/27/2025 8:49,21.1375,0.625,20.1875,0.545,9.86125,32725,6310,5.2612,2.5538,125.323,2438.896,20.65,2.5538,6.8538,20.65,1.15,23.2038,1
10/27/2025 8:54,21.15,0.625,20.2,0.545,9.8675,32725,6285,5.2612,2.5538,125.323,2439.108,20.6625,2.5538,6.8538,20.6625,1.15,23.2163,1
10/27/2025 8:59,21.1375,0.625,20.1875,0.545,9.86125,32650,6295,5.2612,2.5425,125.323,2439.32,20.6813,2.5425,6.8425,20.6813,1.15,23.2238,1
10/27/2025 9:04,21.125,0.6375,20.2,0.5575,9.86125,32700,6250,5.2538,2.5387,125.323,2439.532,20.7063,2.5387,6.8387,20.7063,1.15,23.245,1
10/27/2025 9:09,21.125,0.6125,20.1875,0.5325,9.8675,32650,6235,5.2462,2.535,125.323,2439.744,20.725,2.535,6.835,20.725,1.15,23.26,1
10/27/2025 9:14,21.1125,0.6375,20.175,0.5575,9.84875,32800,6225,5.2462,2.5387,125.323,2439.956,20.7563,2.5387,6.8387,20.7563,1.15,23.295,1
10/27/2025 9:19,21.1125,0.6,20.1875,0.52,9.87375,32700,6240,5.2275,2.5275,125.323,2440.168,20.7813,2.5275,6.8275,20.7813,1.15,23.3088,1
10/27/2025 9:24,21.125,0.6125,20.175,0.5325,9.86125,32675,6220,5.2425,2.5275,125.323,2440.379,20.8625,2.5275,6.8275,20.8625,1.15,23.39,1
10/27/2025 9:29,21.125,0.6125,20.1625,0.5325,9.855,32675,6225,5.2462,2.5237,125.323,2440.589,20.8375,2.5237,6.8237,20.8375,1.15,23.3612,1
10/27/2025 9:34,21.1375,0.6125,20.175,0.5325,9.86125,32675,6235,5.2387,2.52,125.323,2440.8,20.7938,2.52,6.82,20.7938,1.15,23.3138,1
10/27/2025 9:39,21.1375,0.5625,20.1875,0.4825,9.8925,32775,6205,5.235,2.5162,125.323,2441.01,20.7813,2.5162,6.8162,20.7813,1.15,23.2975,1
10/27/2025 9:44,21.1375,0.6,20.1875,0.52,9.87375,32675,6190,5.2387,2.5162,125.323,2441.22,20.8313,2.5162,6.8162,20.8313,1.15,23.3475,1
10/27/2025 9:49,21.1125,0.6,20.1625,0.52,9.86125,32725,6190,5.235,2.5162,125.323,2441.431,20.8438,2.5162,6.8162,20.8438,1.15,23.36,1
10/27/2025 9:54,21.1125,0.6125,20.175,0.5325,9.86125,32800,6185,5.235,2.5088,125.323,2441.641,20.875,2.5088,6.8088,20.875,1.15,23.3838,1
10/27/2025 9:59,21.125,0.625,20.1875,0.545,9.86125,32650,6185,5.2162,2.5088,125.323,2441.85,20.9063,2.5088,6.8088,20.9063,1.15,23.4151,1
10/27/2025 10:04,21.0875,0.6,20.175,0.52,9.8675,32700,6165,5.235,2.5088,125.323,2442.059,20.9063,2.5088,6.8088,20.9063,1.15,23.4151,1
10/27/2025 10:09,21.0875,0.6,20.1625,0.52,9.86125,32775,6155,5.22,2.505,125.323,2442.268,20.9125,2.505,6.805,20.9125,1.15,23.4175,1
10/27/2025 10:14,21.0625,0.6,20.1625,0.52,9.86125,32675,6140,5.22,2.505,125.323,2442.477,20.9375,2.505,6.805,20.9375,1.15,23.4425,1
10/27/2025 10:19,21.0875,0.575,20.175,0.495,9.88,32800,6135,5.22,2.505,125.323,2442.686,20.975,2.505,6.805,20.975,1.15,23.48,1
10/27/2025 10:24,21.075,0.6125,20.1625,0.5325,9.855,32700,6135,5.2162,2.5012,125.323,2442.896,21.0063,2.5012,6.8012,21.0063,1.15,23.5075,1
10/27/2025 10:29,21.0875,0.625,20.1625,0.545,9.84875,32675,6145,5.205,2.505,125.323,2443.104,21.0063,2.505,6.805,21.0063,1.15,23.5113,1
10/27/2025 10:34,21.0875,0.6,20.1875,0.52,9.87375,32675,6135,5.2088,2.505,125.323,2443.313,21.0375,2.505,6.805,21.0375,1.15,23.5425,1
10/27/2025 10:39,21.0875,0.6,20.1625,0.52,9.86125,32725,6135,5.2162,2.505,125.323,2443.521,21.1625,2.505,6.805,21.1625,1.15,23.6675,1
10/27/2025 10:44,21.075,0.575,20.1375,0.495,9.86125,32650,6115,5.235,2.5237,125.323,2443.731,21.4375,2.5237,6.8237,21.4375,1.15,23.9612,1
10/27/2025 10:49,21.0625,0.6125,20.1375,0.5325,9.8425,32525,6140,5.2575,2.5425,125.323,2443.943,21.7375,2.5425,6.8425,21.7375,1.15,24.28,1
10/27/2025 10:54,21.05,0.6,20.125,0.52,9.8425,32425,6170,5.2612,2.565,125.323,2444.157,22.0125,2.565,6.865,22.0125,1.15,24.5775,1
10/27/2025 10:59,21.0375,0.6,20.125,0.52,9.8425,32425,6180,5.28,2.58,125.323,2444.371,22.1875,2.58,6.88,22.1875,1.15,24.7675,1
10/27/2025 11:04,21.0375,0.575,20.1125,0.495,9.84875,32425,6190,5.28,2.58,125.323,2444.586,22.3063,2.58,6.88,22.3063,1.15,24.8863,1
10/27/2025 11:09,21.0375,0.575,20.125,0.495,9.855,32400,6195,5.2837,2.5913,125.323,2444.801,22.3625,2.5913,6.8913,22.3625,1.15,24.9538,1
10/27/2025 11:14,21.0375,0.6125,20.125,0.5325,9.83625,32400,6215,5.2988,2.5913,125.323,2445.016,22.5438,2.5913,6.8913,22.5438,1.15,25.1351,1
10/27/2025 11:19,21,0.6,20.1125,0.52,9.83625,32400,6250,5.295,2.5913,125.323,2445.232,22.6688,2.5913,6.8913,22.6688,1.15,25.2601,1
10/27/2025 11:24,21,0.6125,20.1125,0.5325,9.83,32450,6240,5.2875,2.5913,125.323,2445.448,22.7063,2.5913,6.8913,22.7063,1.15,25.2976,1
10/27/2025 11:29,21.0125,0.6125,20.1125,0.5325,9.83,32475,6270,5.2875,2.5837,125.323,2445.665,22.7125,2.5837,6.8837,22.7125,1.15,25.2962,1
10/27/2025 11:34,21,0.575,20.1,0.495,9.8425,32475,6295,5.2875,2.5837,125.323,2445.881,22.7688,2.5837,6.8837,22.7688,1.15,25.3525,1
10/27/2025 11:39,21,0.6,20.1,0.52,9.83,32425,6285,5.2875,2.5913,125.323,2446.096,22.7813,2.5913,6.8913,22.7813,1.15,25.3726,1
10/27/2025 11:44,21,0.6125,20.1,0.5325,9.82375,32425,6270,5.295,2.5837,125.323,2446.311,22.7813,2.5837,6.8837,22.7813,1.15,25.365,1
10/27/2025 11:49,21,0.6125,20.1125,0.5325,9.83,32425,6270,5.295,2.5837,125.323,2446.526,22.7938,2.5837,6.8837,22.7938,1.15,25.3775,1
10/27/2025 11:54,21.0125,0.575,20.125,0.495,9.855,32400,6290,5.28,2.58,125.323,2446.742,22.8188,2.58,6.88,22.8188,1.15,25.3988,1
10/27/2025 11:59,21,0.6,20.1,0.52,9.83,32400,6275,5.2763,2.58,125.323,2446.957,22.825,2.58,6.88,22.825,1.15,25.405,1
10/27/2025 12:04,21,0.575,20.1125,0.495,9.84875,32475,6295,5.28,2.58,125.323,2447.172,22.8375,2.58,6.88,22.8375,1.15,25.4175,1
10/27/2025 12:09,20.9875,0.6,20.1125,0.52,9.83625,32575,6270,5.2763,2.58,125.323,2447.387,22.9,2.58,6.88,22.9,1.15,25.48,1
10/27/2025 12:14,21,0.6125,20.1,0.5325,9.82375,32450,6285,5.2837,2.58,125.323,2447.602,22.9125,2.58,6.88,22.9125,1.15,25.4925,1
10/27/2025 12:19,21,0.6,20.1125,0.52,9.83625,32425,6310,5.2837,2.5762,125.323,2447.817,22.9375,2.5762,6.8762,22.9375,1.15,25.5137,1
10/27/2025 12:24,20.9875,0.6,20.075,0.52,9.8175,32550,6285,5.2837,2.5762,125.323,2448.032,22.9875,2.5762,6.8762,22.9875,1.15,25.5637,1
10/27/2025 12:29,20.9875,0.575,20.1,0.495,9.8425,32475,6290,5.28,2.58,125.323,2448.247,23.0438,2.58,6.88,23.0438,1.15,25.6238,1
10/27/2025 12:34,20.95,0.5625,20.1,0.4825,9.84875,32525,6290,5.2875,2.5725,125.323,2448.462,23.1063,2.5725,6.8725,23.1063,1.15,25.6788,1
10/27/2025 12:39,21,0.575,20.1125,0.495,9.84875,32575,6310,5.28,2.5762,125.323,2448.677,23.1188,2.5762,6.8762,23.1188,1.15,25.695,1
10/27/2025 12:44,20.9875,0.6,20.075,0.52,9.8175,32575,6300,5.2725,2.5725,125.323,2448.891,23.175,2.5725,6.8725,23.175,1.15,25.7475,1
10/27/2025 12:49,20.975,0.6125,20.1,0.5325,9.82375,32450,6320,5.2725,2.565,125.323,2449.106,23.2188,2.565,6.865,23.2188,1.15,25.7838,1
10/27/2025 12:54,20.95,0.575,20.0625,0.495,9.82375,32600,6325,5.28,2.5762,125.323,2449.32,23.275,2.5762,6.8762,23.275,1.15,25.8512,1
10/27/2025 12:59,20.9875,0.6,20.075,0.52,9.8175,32575,6330,5.2837,2.5762,125.323,2449.534,23.3188,2.5762,6.8762,23.3188,1.15,25.895,1
10/27/2025 13:04,20.975,0.575,20.075,0.495,9.83,32550,6355,5.28,2.5725,125.323,2449.75,23.3813,2.5725,6.8725,23.3813,1.15,25.9538,1
10/27/2025 13:09,20.975,0.6,20.1,0.52,9.83,32575,6350,5.28,2.5762,125.323,2449.965,23.4188,2.5762,6.8762,23.4188,1.15,25.995,1
10/27/2025 13:14,20.9875,0.6,20.1125,0.52,9.83625,32525,6375,5.2837,2.58,125.323,2450.18,23.45,2.58,6.88,23.45,1.15,26.03,1
10/27/2025 13:19,20.9875,0.6,20.125,0.52,9.8425,32550,6390,5.2763,2.58,125.323,2450.395,23.4938,2.58,6.88,23.4938,1.15,26.0738,1
10/27/2025 13:24,20.95,0.6,20.1,0.52,9.83,32650,6370,5.2725,2.5725,125.323,2450.61,23.5438,2.5725,6.8725,23.5438,1.15,26.1163,1
10/27/2025 13:29,20.9875,0.575,20.1125,0.495,9.84875,32550,6390,5.2837,2.58,125.323,2450.825,23.6,2.58,6.88,23.6,1.15,26.18,1
10/27/2025 13:34,20.95,0.575,20.1,0.495,9.8425,32525,6365,5.2763,2.5762,125.323,2451.039,23.6438,2.5762,6.8762,23.6438,1.15,26.22,1
10/27/2025 13:39,20.95,0.6125,20.075,0.5325,9.81125,32550,6415,5.2763,2.5762,125.323,2451.254,23.6875,2.5762,6.8762,23.6875,1.15,26.2637,1
10/27/2025 13:44,20.975,0.6,20.1125,0.52,9.83625,32575,6425,5.265,2.5762,125.323,2451.469,23.725,2.5762,6.8762,23.725,1.15,26.3012,1
10/27/2025 13:49,20.95,0.6125,20.1,0.5325,9.82375,32550,6395,5.7075,2.5725,125.323,2451.684,23.7875,2.5725,6.8725,23.7875,1.15,26.36,1
10/27/2025 13:54,0.1375,0.525,0.025,0.445,-0.17,32600,325,0,0.0037,125.323,2451.765,23.8125,0.0037,4.3037,23.8125,1.15,23.8162,1
10/28/2025 8:15,21.2,0.575,20.2,0.495,9.8925,32800,6635,5.355,2.6513,125.323,2453.595,20.425,2.6513,6.9513,20.425,1.15,23.0763,1
10/28/2025 8:20,21.1875,0.575,20.225,0.495,9.905,32825,6585,5.3325,2.6175,125.323,2453.814,20.4438,2.6175,6.9175,20.4438,1.15,23.0613,1
10/28/2025 8:25,21.175,0.6,20.2375,0.52,9.89875,32775,6510,5.3025,2.595,125.323,2454.032,20.45,2.595,6.895,20.45,1.15,23.045,1
10/28/2025 8:30,21.175,0.6125,20.2,0.5325,9.87375,32825,6485,5.2837,2.58,125.323,2454.248,20.5438,2.58,6.88,20.5438,1.15,23.1238,1
10/28/2025 8:35,21.175,0.6125,20.225,0.5325,9.88625,32725,6430,5.295,2.5762,125.323,2454.463,20.5875,2.5762,6.8762,20.5875,1.15,23.1637,1
10/28/2025 8:40,21.175,0.6,20.225,0.52,9.8925,32725,6430,5.2763,2.5762,125.323,2454.678,20.6375,2.5762,6.8762,20.6375,1.15,23.2137,1
10/28/2025 8:45,21.1375,0.6,20.2,0.52,9.88,32725,6390,5.2763,2.5612,125.323,2454.892,20.7125,2.5612,6.8612,20.7125,1.15,23.2737,1
10/28/2025 8:50,21.15,0.625,20.2375,0.545,9.88625,32825,6355,5.2763,2.5575,125.323,2455.106,20.7563,2.5575,6.8575,20.7563,1.15,23.3138,1
10/28/2025 8:55,21.1375,0.6,20.2,0.52,9.88,32800,6370,5.265,2.5575,125.323,2455.318,20.7938,2.5575,6.8575,20.7938,1.15,23.3513,1
10/28/2025 9:00,21.125,0.625,20.2,0.545,9.8675,32775,6325,5.2612,2.5538,125.323,2455.531,20.8188,2.5538,6.8538,20.8188,1.15,23.3726,1
10/28/2025 9:05,21.125,0.6125,20.2,0.5325,9.87375,32725,6325,5.2612,2.5425,125.323,2455.744,20.875,2.5425,6.8425,20.875,1.15,23.4175,1
10/28/2025 9:10,21.1125,0.6,20.1875,0.52,9.87375,32725,6300,5.2612,2.5463,125.323,2455.957,20.8813,2.5463,6.8463,20.8813,1.15,23.4276,1
10/28/2025 9:15,21.1125,0.575,20.2,0.495,9.8925,32700,6295,5.2575,2.5387,125.323,2456.169,20.9125,2.5387,6.8387,20.9125,1.15,23.4512,1
10/28/2025 9:20,21.1125,0.575,20.1875,0.495,9.88625,32825,6310,5.2575,2.535,125.323,2456.38,20.925,2.535,6.835,20.925,1.15,23.46,1
10/28/2025 9:25,21.0875,0.6125,20.1875,0.5325,9.8675,32850,6285,5.2387,2.5275,125.323,2456.592,20.9563,2.5275,6.8275,20.9563,1.15,23.4838,1
10/28/2025 9:30,21.0875,0.575,20.2,0.495,9.8925,32775,6260,5.2462,2.5275,125.323,2456.801,20.9875,2.5275,6.8275,20.9875,1.15,23.515,1
10/28/2025 9:35,21.0875,0.575,20.1875,0.495,9.88625,32850,6260,5.2387,2.5275,125.323,2457.012,20.9313,2.5275,6.8275,20.9313,1.15,23.4588,1
10/28/2025 9:40,21.1125,0.575,20.2,0.495,9.8925,32725,6220,5.2387,2.5162,125.323,2457.223,20.925,2.5162,6.8162,20.925,1.15,23.4412,1
10/28/2025 9:45,21.0875,0.6,20.1875,0.52,9.87375,32825,6260,5.2275,2.52,125.323,2457.433,21.0688,2.52,6.82,21.0688,1.15,23.5888,1
10/28/2025 9:50,21.075,0.575,20.175,0.495,9.88,32450,6210,5.2763,2.565,125.323,2457.645,21.525,2.565,6.865,21.525,1.15,24.09,1
10/28/2025 9:55,21.05,0.6,20.1625,0.52,9.86125,32375,6165,5.3175,2.6138,125.323,2457.861,21.8813,2.6138,6.9138,21.8813,1.15,24.4951,1
10/28/2025 10:00,21.05,0.575,20.1625,0.495,9.87375,32275,6220,5.3062,2.5987,125.323,2458.079,21.8688,2.5987,6.8987,21.8688,1.15,24.4675,1
10/28/2025 10:05,21.05,0.6125,20.125,0.5325,9.83625,32425,6210,5.3025,2.595,125.323,2458.294,21.8938,2.595,6.895,21.8938,1.15,24.4888,1
10/28/2025 10:10,21.05,0.6,20.1375,0.52,9.84875,32475,6240,5.295,2.5837,125.323,2458.511,21.9063,2.5837,6.8837,21.9063,1.15,24.49,1
10/28/2025 10:15,21.05,0.575,20.1375,0.495,9.86125,32525,6210,5.3025,2.5837,125.323,2458.726,21.9375,2.5837,6.8837,21.9375,1.15,24.5212,1
10/28/2025 10:20,21.05,0.6,20.1375,0.52,9.84875,32375,6215,5.2988,2.5837,125.323,2458.941,21.9625,2.5837,6.8837,21.9625,1.15,24.5462,1
10/28/2025 10:25,21.05,0.6,20.125,0.52,9.8425,32425,6240,5.2988,2.5837,125.323,2459.157,21.9938,2.5837,6.8837,21.9938,1.15,24.5775,1
10/28/2025 10:30,21.0375,0.6125,20.1375,0.5325,9.8425,32425,6210,5.2875,2.58,125.323,2459.372,22.025,2.58,6.88,22.025,1.15,24.605,1
10/28/2025 10:35,21.05,0.575,20.1375,0.495,9.86125,32525,6215,5.2875,2.5762,125.323,2459.587,22.075,2.5762,6.8762,22.075,1.15,24.6512,1
10/28/2025 10:40,21.0375,0.575,20.1625,0.495,9.87375,32450,6210,5.28,2.58,125.323,2459.801,22.1188,2.58,6.88,22.1188,1.15,24.6988,1
10/28/2025 10:45,21.05,0.6,20.1375,0.52,9.84875,32450,6235,5.2837,2.58,125.323,2460.017,22.1438,2.58,6.88,22.1438,1.15,24.7238,1
10/28/2025 10:50,21.0125,0.575,20.125,0.495,9.855,32450,6240,5.2875,2.5725,125.323,2460.232,22.1813,2.5725,6.8725,22.1813,1.15,24.7538,1
10/28/2025 10:55,21.05,0.6,20.1375,0.52,9.84875,32550,6225,5.28,2.58,125.323,2460.447,22.2188,2.58,6.88,22.2188,1.15,24.7988,1
10/28/2025 11:00,21.0375,0.575,20.1375,0.495,9.86125,32425,6240,5.2763,2.5762,125.323,2460.661,22.2813,2.5762,6.8762,22.2813,1.15,24.8575,1
10/28/2025 11:05,21.0375,0.575,20.1375,0.495,9.86125,32575,6260,5.28,2.565,125.323,2460.876,22.3125,2.565,6.865,22.3125,1.15,24.8775,1
10/28/2025 11:10,21,0.575,20.125,0.495,9.855,32450,6250,5.2763,2.5725,125.323,2461.09,22.375,2.5725,6.8725,22.375,1.15,24.9475,1
10/28/2025 11:15,21,0.575,20.125,0.495,9.855,32550,6245,5.2725,2.5725,125.323,2461.305,22.4188,2.5725,6.8725,22.4188,1.15,24.9913,1
10/28/2025 11:20,21.0125,0.6,20.1375,0.52,9.84875,32600,6240,5.265,2.5612,125.323,2461.519,22.4563,2.5612,6.8612,22.4563,1.15,25.0175,1
10/28/2025 11:25,20.9875,0.575,20.125,0.495,9.855,32450,6260,5.2725,2.565,125.323,2461.733,22.5125,2.565,6.865,22.5125,1.15,25.0775,1
10/28/2025 11:30,20.975,0.575,20.1,0.495,9.8425,32475,6275,5.265,2.5612,125.323,2461.947,22.5313,2.5612,6.8612,22.5313,1.15,25.0925,1
10/28/2025 11:35,20.9875,0.575,20.1125,0.495,9.84875,32575,6260,5.2725,2.5612,125.323,2462.16,22.5813,2.5612,6.8612,22.5813,1.15,25.1425,1
10/28/2025 11:40,20.9875,0.5625,20.125,0.4825,9.86125,32550,6275,5.28,2.565,125.323,2462.374,22.6063,2.565,6.865,22.6063,1.15,25.1713,1
10/28/2025 11:45,21,0.5625,20.1375,0.4825,9.8675,32600,6300,5.2763,2.5612,125.323,2462.588,22.6125,2.5612,6.8612,22.6125,1.15,25.1737,1
10/28/2025 11:50,20.9875,0.6,20.125,0.52,9.8425,32525,6250,5.265,2.565,125.323,2462.802,22.6563,2.565,6.865,22.6563,1.15,25.2213,1
10/28/2025 11:55,21,0.6,20.1375,0.52,9.84875,32600,6260,5.2725,2.565,125.323,2463.016,22.675,2.565,6.865,22.675,1.15,25.24,1
10/28/2025 12:00,21,0.6,20.125,0.52,9.8425,32475,6270,5.2725,2.5612,125.323,2463.23,22.6875,2.5612,6.8612,22.6875,1.15,25.2487,1
10/28/2025 12:05,21,0.55,20.125,0.47,9.8675,32575,6275,5.2575,2.5612,125.323,2463.444,22.7313,2.5612,6.8612,22.7313,1.15,25.2925,1
10/28/2025 12:10,20.9875,0.5625,20.125,0.4825,9.86125,32475,6275,5.2725,2.5612,125.323,2463.657,22.7813,2.5612,6.8612,22.7813,1.15,25.3425,1
10/28/2025 12:15,20.9875,0.5625,20.125,0.4825,9.86125,32525,6295,5.2725,2.5612,125.323,2463.871,22.8063,2.5612,6.8612,22.8063,1.15,25.3675,1
10/28/2025 12:20,21,0.6,20.125,0.52,9.8425,32675,6300,5.265,2.5575,125.323,2464.085,22.85,2.5575,6.8575,22.85,1.15,25.4075,1
10/28/2025 12:25,20.9875,0.575,20.125,0.495,9.855,32475,6300,5.265,2.5612,125.323,2464.298,22.9063,2.5612,6.8612,22.9063,1.15,25.4675,1
10/28/2025 12:30,20.975,0.5625,20.125,0.4825,9.86125,32575,6310,5.2612,2.5575,125.323,2464.512,22.95,2.5575,6.8575,22.95,1.15,25.5075,1
10/28/2025 12:35,20.975,0.5625,20.1125,0.4825,9.855,32575,6300,5.2538,2.5612,125.323,2464.725,22.9938,2.5612,6.8612,22.9938,1.15,25.555,1
10/28/2025 12:40,20.975,0.55,20.1,0.47,9.855,32550,6325,5.2538,2.5575,125.323,2464.938,23.0313,2.5575,6.8575,23.0313,1.15,25.5888,1
10/28/2025 12:45,20.975,0.55,20.1,0.47,9.855,32675,6310,5.2575,2.5575,125.323,2465.151,23.075,2.5575,6.8575,23.075,1.15,25.6325,1
10/28/2025 12:50,20.975,0.5625,20.1,0.4825,9.84875,32550,6320,5.2612,2.5538,125.323,2465.365,23.1188,2.5538,6.8538,23.1188,1.15,25.6726,1
10/28/2025 12:55,20.95,0.575,20.1,0.495,9.8425,32725,6350,5.2538,2.5538,125.323,2465.577,23.1688,2.5538,6.8538,23.1688,1.15,25.7226,1
10/28/2025 13:00,20.95,0.575,20.1,0.495,9.8425,32675,6345,5.2612,2.5538,125.323,2465.79,23.225,2.5538,6.8538,23.225,1.15,25.7788,1
10/28/2025 13:05,20.9375,0.575,20.1,0.495,9.8425,32600,6370,5.2612,2.5612,125.323,2466.004,23.2438,2.5612,6.8612,23.2438,1.15,25.805,1
10/28/2025 13:10,20.9375,0.55,20.075,0.47,9.8425,32675,6375,5.2462,2.5575,125.323,2466.217,23.3063,2.5575,6.8575,23.3063,1.15,25.8638,1
10/28/2025 13:15,20.9375,0.575,20.1,0.495,9.8425,32650,6355,5.2575,2.5575,125.323,2466.43,23.3313,2.5575,6.8575,23.3313,1.15,25.8888,1
10/28/2025 13:20,20.95,0.575,20.1,0.495,9.8425,32700,6370,5.2575,2.5575,125.323,2466.643,23.3938,2.5575,6.8575,23.3938,1.15,25.9513,1
10/28/2025 13:25,20.9375,0.55,20.0625,0.47,9.83625,32600,6365,5.2575,2.5463,125.323,2466.857,23.4438,2.5463,6.8463,23.4438,1.15,25.9901,1
10/28/2025 13:30,20.9375,0.6,20.0625,0.52,9.81125,32650,6395,5.2425,2.5538,125.323,2467.07,23.4813,2.5538,6.8538,23.4813,1.15,26.0351,1
10/28/2025 13:35,20.925,0.575,20.075,0.495,9.83,32575,6370,5.2612,2.5575,125.323,2467.283,23.5375,2.5575,6.8575,23.5375,1.15,26.095,1
10/28/2025 13:40,20.925,0.575,20.1,0.495,9.8425,32700,6405,5.2575,2.5575,125.323,2467.496,23.5875,2.5575,6.8575,23.5875,1.15,26.145,1
10/28/2025 13:45,0.925,0.475,0.7625,0.395,0.22375,32650,355,0,0,125.323,2467.647,23.5688,0,4.3,23.5688,1.15,23.5688,1
10/29/2025 8:07,21.2,0.5375,20.225,0.4575,9.92375,32775,6545,5.4037,2.6812,125.323,2469.372,20.2063,2.6812,6.9812,20.2063,1.15,22.8875,1
10/29/2025 8:12,21.2,0.55,20.2375,0.47,9.92375,32800,6640,5.3325,2.625,125.323,2469.593,20.2625,2.625,6.925,20.2625,1.15,22.8875,1
10/29/2025 8:17,21.2125,0.5625,20.25,0.4825,9.92375,32775,6530,5.3213,2.6062,125.323,2469.811,20.3813,2.6062,6.9062,20.3813,1.15,22.9875,1
10/29/2025 8:22,21.2,0.575,20.25,0.495,9.9175,32825,6495,5.2875,2.5837,125.323,2470.027,20.325,2.5837,6.8837,20.325,1.15,22.9087,1
10/29/2025 8:27,21.1875,0.575,20.2375,0.495,9.91125,32725,6470,5.2837,2.5762,125.323,2470.243,20.4188,2.5762,6.8762,20.4188,1.15,22.995,1
10/29/2025 8:32,21.1875,0.5625,20.25,0.4825,9.92375,32800,6420,5.28,2.565,125.323,2470.457,20.4625,2.565,6.865,20.4625,1.15,23.0275,1
10/29/2025 8:37,21.1875,0.575,20.2375,0.495,9.91125,32850,6395,5.2725,2.5612,125.323,2470.671,20.525,2.5612,6.8612,20.525,1.15,23.0862,1
10/29/2025 8:42,21.175,0.5625,20.25,0.4825,9.92375,32775,6355,5.2725,2.5575,125.323,2470.884,20.5375,2.5575,6.8575,20.5375,1.15,23.095,1
10/29/2025 8:47,21.175,0.5625,20.2375,0.4825,9.9175,32775,6365,5.2725,2.5463,125.323,2471.098,20.5688,2.5463,6.8463,20.5688,1.15,23.1151,1
10/29/2025 8:52,21.15,0.575,20.2375,0.495,9.91125,32725,6365,5.2575,2.5463,125.323,2471.31,20.6313,2.5463,6.8463,20.6313,1.15,23.1776,1
10/29/2025 8:57,21.15,0.575,20.2,0.495,9.8925,32825,6345,5.2462,2.5425,125.323,2471.522,20.7375,2.5425,6.8425,20.7375,1.15,23.28,1
10/29/2025 9:02,21.175,0.575,20.2375,0.495,9.91125,32725,6365,5.2725,2.5425,125.323,2471.734,20.8625,2.5425,6.8425,20.8625,1.15,23.405,1
10/29/2025 9:07,21.175,0.575,20.225,0.495,9.905,32900,6350,5.265,2.5425,125.323,2471.946,20.975,2.5425,6.8425,20.975,1.15,23.5175,1
10/29/2025 9:12,21.15,0.5625,20.225,0.4825,9.91125,32800,6340,5.2462,2.5387,125.323,2472.159,20.9813,2.5387,6.8387,20.9813,1.15,23.52,1
10/29/2025 9:17,21.15,0.55,20.2375,0.47,9.92375,32800,6325,5.2575,2.5425,125.323,2472.37,21.0063,2.5425,6.8425,21.0063,1.15,23.5488,1
10/29/2025 9:22,21.125,0.55,20.225,0.47,9.9175,32825,6320,5.2387,2.535,125.323,2472.582,21.0313,2.535,6.835,21.0313,1.15,23.5663,1
10/29/2025 9:27,21.1375,0.5375,20.2,0.4575,9.91125,32775,6300,5.2612,2.5387,125.323,2472.794,21.0313,2.5387,6.8387,21.0313,1.15,23.57,1
10/29/2025 9:32,21.125,0.5625,20.1875,0.4825,9.8925,32775,6290,5.2387,2.535,125.323,2473.005,21.0688,2.535,6.835,21.0688,1.15,23.6038,1
10/29/2025 9:37,21.125,0.5625,20.2,0.4825,9.89875,32825,6270,5.235,2.52,125.323,2473.216,21.0313,2.52,6.82,21.0313,1.15,23.5513,1
10/29/2025 9:42,21.1125,0.5375,20.1875,0.4575,9.905,32725,6275,5.235,2.52,125.323,2473.426,21.0688,2.52,6.82,21.0688,1.15,23.5888,1
10/29/2025 9:47,21.1125,0.575,20.2,0.495,9.8925,32800,6285,5.235,2.52,125.323,2473.636,21.1063,2.52,6.82,21.1063,1.15,23.6263,1
10/29/2025 9:52,21.125,0.55,20.1875,0.47,9.89875,32775,6275,5.2237,2.5162,125.323,2473.846,21.1063,2.5162,6.8162,21.1063,1.15,23.6225,1
10/29/2025 9:57,21.1125,0.55,20.1875,0.47,9.89875,32900,6285,5.2387,2.52,125.323,2474.056,21.1375,2.52,6.82,21.1375,1.15,23.6575,1
10/29/2025 10:02,21.1125,0.55,20.1875,0.47,9.89875,32825,6260,5.2162,2.5162,125.323,2474.266,21.1625,2.5162,6.8162,21.1625,1.15,23.6787,1
10/29/2025 10:07,21.0875,0.575,20.2,0.495,9.8925,32800,6225,5.2275,2.5162,125.323,2474.476,21.1688,2.5162,6.8162,21.1688,1.15,23.685,1
10/29/2025 10:12,21.1125,0.6,20.2,0.52,9.88,32800,6220,5.2237,2.5088,125.323,2474.685,21.175,2.5088,6.8088,21.175,1.15,23.6838,1
10/29/2025 10:17,21.0875,0.5625,20.1875,0.4825,9.8925,32825,6245,5.2237,2.5088,125.323,2474.894,21.2063,2.5088,6.8088,21.2063,1.15,23.7151,1
10/29/2025 10:22,21.1125,0.5625,20.2,0.4825,9.89875,32800,6250,5.2275,2.505,125.323,2475.103,21.225,2.505,6.805,21.225,1.15,23.73,1
10/29/2025 10:27,21.075,0.5625,20.175,0.4825,9.88625,32800,6240,5.2012,2.505,125.323,2475.312,21.25,2.505,6.805,21.25,1.15,23.755,1
10/29/2025 10:32,21.075,0.575,20.1875,0.495,9.88625,32775,6215,5.2162,2.5162,125.323,2475.521,21.3625,2.5162,6.8162,21.3625,1.15,23.8787,1
10/29/2025 10:37,21.0625,0.5625,20.175,0.4825,9.88625,32775,6220,5.2387,2.5275,125.323,2475.732,21.5688,2.5275,6.8275,21.5688,1.15,24.0963,1
10/29/2025 10:42,21.05,0.6,20.1625,0.52,9.86125,32550,6225,5.2575,2.5387,125.323,2475.943,21.7875,2.5387,6.8387,21.7875,1.15,24.3262,1
10/29/2025 10:47,21.05,0.6,20.1625,0.52,9.86125,32600,6215,5.2575,2.5538,125.323,2476.156,21.8875,2.5538,6.8538,21.8875,1.15,24.4413,1
10/29/2025 10:52,21.0625,0.5625,20.1625,0.4825,9.88,32475,6215,5.2538,2.5575,125.323,2476.368,22.075,2.5575,6.8575,22.075,1.15,24.6325,1
10/29/2025 10:57,21.05,0.575,20.1625,0.495,9.87375,32550,6225,5.2575,2.5725,125.323,2476.582,22.1625,2.5725,6.8725,22.1625,1.15,24.735,1
10/29/2025 11:02,21.05,0.5625,20.1625,0.4825,9.88,32475,6245,5.28,2.5725,125.323,2476.796,22.2375,2.5725,6.8725,22.2375,1.15,24.81,1
10/29/2025 11:07,21.0375,0.5625,20.1375,0.4825,9.8675,32550,6240,5.2763,2.5725,125.323,2477.011,22.3,2.5725,6.8725,22.3,1.15,24.8725,1
10/29/2025 11:12,21.05,0.5625,20.175,0.4825,9.88625,32575,6275,5.265,2.5725,125.323,2477.226,22.3125,2.5725,6.8725,22.3125,1.15,24.885,1
10/29/2025 11:17,21.0125,0.575,20.1625,0.495,9.87375,32525,6270,5.2875,2.5725,125.323,2477.44,22.3625,2.5725,6.8725,22.3625,1.15,24.935,1
10/29/2025 11:22,21.0375,0.5625,20.1375,0.4825,9.8675,32575,6285,5.28,2.565,125.323,2477.655,22.3875,2.565,6.865,22.3875,1.15,24.9525,1
10/29/2025 11:27,21.0125,0.5625,20.1625,0.4825,9.88,32600,6245,5.2725,2.565,125.323,2477.868,22.4313,2.565,6.865,22.4313,1.15,24.9963,1
10/29/2025 11:32,21.0375,0.575,20.1375,0.495,9.86125,32525,6260,5.2725,2.565,125.323,2478.082,22.4625,2.565,6.865,22.4625,1.15,25.0275,1
10/29/2025 11:37,21.0125,0.575,20.1375,0.495,9.86125,32575,6295,5.2612,2.5725,125.323,2478.296,22.4938,2.5725,6.8725,22.4938,1.15,25.0663,1
10/29/2025 11:42,21.0125,0.5625,20.1625,0.4825,9.88,32550,6290,5.2612,2.5612,125.323,2478.511,22.5438,2.5612,6.8612,22.5438,1.15,25.105,1
10/29/2025 11:47,21.0125,0.575,20.1375,0.495,9.86125,32550,6295,5.265,2.5612,125.323,2478.725,22.5875,2.5612,6.8612,22.5875,1.15,25.1487,1
10/29/2025 11:52,21,0.55,20.1625,0.47,9.88625,32550,6275,5.2725,2.565,125.323,2478.939,22.625,2.565,6.865,22.625,1.15,25.19,1
10/29/2025 11:57,21.0125,0.575,20.1625,0.495,9.87375,32650,6295,5.2612,2.5612,125.323,2479.153,22.6375,2.5612,6.8612,22.6375,1.15,25.1987,1
10/29/2025 12:02,21.0125,0.6,20.1375,0.52,9.84875,32650,6310,5.2575,2.565,125.323,2479.366,22.7125,2.565,6.865,22.7125,1.15,25.2775,1
10/29/2025 12:07,21,0.6,20.125,0.52,9.8425,32600,6290,5.2612,2.5612,125.323,2479.579,22.7438,2.5612,6.8612,22.7438,1.15,25.305,1
10/29/2025 12:12,21,0.575,20.1375,0.495,9.86125,32700,6315,5.265,2.5612,125.323,2479.794,22.7625,2.5612,6.8612,22.7625,1.15,25.3237,1
10/29/2025 12:17,21,0.575,20.1375,0.495,9.86125,32650,6315,5.2538,2.5575,125.323,2480.008,22.8188,2.5575,6.8575,22.8188,1.15,25.3763,1
10/29/2025 12:22,21.0125,0.6,20.1625,0.52,9.86125,32575,6290,5.2612,2.5612,125.323,2480.221,22.8438,2.5612,6.8612,22.8438,1.15,25.405,1
10/29/2025 12:27,21,0.5625,20.1625,0.4825,9.88,32550,6310,5.2538,2.5612,125.323,2480.435,22.8625,2.5612,6.8612,22.8625,1.15,25.4237,1
10/29/2025 12:32,21,0.575,20.1625,0.495,9.87375,32575,6315,5.2538,2.5575,125.323,2480.647,22.9125,2.5575,6.8575,22.9125,1.15,25.47,1
10/29/2025 12:37,20.9875,0.575,20.125,0.495,9.855,32575,6310,5.2575,2.5575,125.323,2480.861,22.9438,2.5575,6.8575,22.9438,1.15,25.5013,1
10/29/2025 12:42,21,0.5625,20.1375,0.4825,9.8675,32700,6310,5.2538,2.5612,125.323,2481.074,22.9813,2.5612,6.8612,22.9813,1.15,25.5425,1
10/29/2025 12:47,20.975,0.575,20.1375,0.495,9.86125,32700,6320,5.2462,2.5538,125.323,2481.288,23.0313,2.5538,6.8538,23.0313,1.15,25.5851,1
10/29/2025 12:52,20.95,0.5625,20.125,0.4825,9.86125,32650,6330,5.2462,2.5538,125.323,2481.501,23.0438,2.5538,6.8538,23.0438,1.15,25.5976,1
10/29/2025 12:57,20.975,0.5625,20.125,0.4825,9.86125,32650,6350,5.2612,2.5538,125.323,2481.714,23.1063,2.5538,6.8538,23.1063,1.15,25.6601,1
10/29/2025 13:02,20.95,0.55,20.125,0.47,9.8675,32650,6375,5.2462,2.5538,125.323,2481.927,23.1313,2.5538,6.8538,23.1313,1.15,25.6851,1
10/29/2025 13:07,20.975,0.5625,20.125,0.4825,9.86125,32650,6350,5.2538,2.5575,125.323,2482.139,23.1625,2.5575,6.8575,23.1625,1.15,25.72,1
10/29/2025 13:12,20.9375,0.55,20.1125,0.47,9.86125,32675,6365,5.2538,2.5463,125.323,2482.352,23.1938,2.5463,6.8463,23.1938,1.15,25.7401,1
10/29/2025 13:17,20.95,0.575,20.125,0.495,9.855,32675,6350,5.2425,2.5538,125.323,2482.565,23.2375,2.5538,6.8538,23.2375,1.15,25.7913,1
10/29/2025 13:22,20.95,0.55,20.125,0.47,9.8675,32675,6365,5.2462,2.5538,125.323,2482.778,23.2563,2.5538,6.8538,23.2563,1.15,25.8101,1
10/29/2025 13:27,20.95,0.55,20.1125,0.47,9.86125,32725,6390,5.2575,2.5538,125.323,2482.991,23.2938,2.5538,6.8538,23.2938,1.15,25.8476,1
10/29/2025 13:32,20.95,0.6,20.1125,0.52,9.83625,32650,6370,5.2425,2.5463,125.323,2483.204,23.325,2.5463,6.8463,23.325,1.15,25.8713,1
10/29/2025 13:37,20.9375,0.5625,20.1,0.4825,9.84875,32725,6375,5.2575,2.5463,125.323,2483.416,23.3688,2.5463,6.8463,23.3688,1.15,25.9151,1
10/29/2025 13:42,20.95,0.5625,20.1125,0.4825,9.855,32700,6400,5.2538,2.5538,125.323,2483.628,23.4125,2.5538,6.8538,23.4125,1.15,25.9663,1
10/29/2025 13:47,20.9375,0.5625,20.1,0.4825,9.84875,32700,6400,5.2575,2.5463,125.323,2483.84,23.45,2.5463,6.8463,23.45,1.15,25.9963,1
10/29/2025 13:52,20.9375,0.5625,20.1125,0.4825,9.855,32725,6400,5.2538,2.5538,125.323,2484.054,23.4688,2.5538,6.8538,23.4688,1.15,26.0226,1
10/29/2025 13:57,20.9375,0.575,20.1,0.495,9.8425,32675,6400,5.2387,2.5538,125.323,2484.266,23.5188,2.5538,6.8538,23.5188,1.15,26.0726,1
10/29/2025 14:02,20.9375,0.55,20.1,0.47,9.855,32675,6420,5.2462,2.5463,125.323,2484.479,23.5438,2.5463,6.8463,23.5438,1.15,26.0901,1
10/29/2025 14:07,0.05,0.4875,0,0.4075,-0.16375,32775,320,0,0,125.323,2484.518,23.6625,0,4.3,23.6625,1.15,23.6625,1
10/30/2025 8:40,21.2,0.575,20.2,0.495,9.8925,32950,6615,5.385,2.67,125.323,2486.264,20.5375,2.67,6.97,20.5375,1.15,23.2075,1
10/30/2025 8:45,21.1875,0.6,20.2,0.52,9.88,32925,6705,5.34,2.6212,125.323,2486.484,20.4875,2.6212,6.9212,20.4875,1.15,23.1087,1
10/30/2025 8:50,21.1875,0.575,20.2,0.495,9.8925,32850,6635,5.2988,2.595,125.323,2486.702,20.5063,2.595,6.895,20.5063,1.15,23.1013,1
10/30/2025 8:55,21.175,0.625,20.1875,0.545,9.86125,32975,6575,5.28,2.5725,125.323,2486.918,20.55,2.5725,6.8725,20.55,1.15,23.1225,1
10/30/2025 9:00,21.15,0.625,20.2,0.545,9.8675,32850,6535,5.2725,2.565,125.323,2487.132,20.6125,2.565,6.865,20.6125,1.15,23.1775,1
10/30/2025 9:05,21.175,0.6125,20.2375,0.5325,9.8925,32950,6510,5.2575,2.5612,125.323,2487.346,20.6188,2.5612,6.8612,20.6188,1.15,23.18,1
10/30/2025 9:10,21.175,0.575,20.25,0.495,9.9175,32975,6460,5.2575,2.5463,125.323,2487.559,20.6375,2.5463,6.8463,20.6375,1.15,23.1838,1
10/30/2025 9:15,21.1875,0.6,20.2375,0.52,9.89875,32850,6445,5.2575,2.5425,125.323,2487.771,20.65,2.5425,6.8425,20.65,1.15,23.1925,1
10/30/2025 9:20,21.1375,0.6125,20.225,0.5325,9.88625,32975,6445,5.2538,2.5387,125.323,2487.984,20.8375,2.5387,6.8387,20.8375,1.15,23.3762,1
10/30/2025 9:25,21.15,0.6125,20.2,0.5325,9.87375,33000,6430,5.2387,2.5425,125.323,2488.196,21.0125,2.5425,6.8425,21.0125,1.15,23.555,1
10/30/2025 9:30,21.15,0.6125,20.225,0.5325,9.88625,32900,6450,5.2538,2.5425,125.323,2488.408,21.0125,2.5425,6.8425,21.0125,1.15,23.555,1
10/30/2025 9:35,21.1375,0.5625,20.225,0.4825,9.91125,32950,6420,5.2575,2.5387,125.323,2488.62,21.125,2.5387,6.8387,21.125,1.15,23.6637,1
10/30/2025 9:40,21.125,0.5625,20.225,0.4825,9.91125,32825,6445,5.235,2.535,125.323,2488.832,21.1438,2.535,6.835,21.1438,1.15,23.6788,1
10/30/2025 9:45,21.125,0.6,20.2,0.52,9.88,32925,6405,5.2425,2.535,125.323,2489.043,21.1688,2.535,6.835,21.1688,1.15,23.7038,1
10/30/2025 9:50,21.125,0.6125,20.1875,0.5325,9.8675,32975,6400,5.2425,2.535,125.323,2489.254,21.175,2.535,6.835,21.175,1.15,23.71,1
10/30/2025 9:55,21.125,0.6,20.2,0.52,9.88,32950,6375,5.235,2.5275,125.323,2489.466,21.2063,2.5275,6.8275,21.2063,1.15,23.7338,1
10/30/2025 10:00,21.1375,0.6,20.2,0.52,9.88,32900,6365,5.235,2.5162,125.323,2489.676,21.2125,2.5162,6.8162,21.2125,1.15,23.7287,1
10/30/2025 10:05,21.125,0.5625,20.2,0.4825,9.89875,32850,6380,5.235,2.52,125.323,2489.886,21.225,2.52,6.82,21.225,1.15,23.745,1
10/30/2025 10:10,21.1125,0.575,20.1875,0.495,9.88625,32900,6345,5.22,2.5162,125.323,2490.096,21.25,2.5162,6.8162,21.25,1.15,23.7662,1
10/30/2025 10:15,21.1125,0.6,20.2,0.52,9.88,32850,6370,5.22,2.5088,125.323,2490.306,21.2563,2.5088,6.8088,21.2563,1.15,23.7651,1
10/30/2025 10:20,21.1125,0.5625,20.1875,0.4825,9.8925,32825,6355,5.2275,2.5088,125.323,2490.515,21.2938,2.5088,6.8088,21.2938,1.15,23.8026,1
10/30/2025 10:25,21.0875,0.575,20.175,0.495,9.88,32825,6345,5.205,2.505,125.323,2490.725,21.3125,2.505,6.805,21.3125,1.15,23.8175,1
10/30/2025 10:30,21.0875,0.6,20.1875,0.52,9.87375,32925,6330,5.2237,2.5162,125.323,2490.934,21.3313,2.5162,6.8162,21.3313,1.15,23.8475,1
10/30/2025 10:35,21.0875,0.6,20.175,0.52,9.8675,32850,6315,5.2088,2.5088,125.323,2491.143,21.3375,2.5088,6.8088,21.3375,1.15,23.8463,1
10/30/2025 10:40,21.0875,0.575,20.175,0.495,9.88,32900,6325,5.2162,2.505,125.323,2491.352,21.3563,2.505,6.805,21.3563,1.15,23.8613,1
10/30/2025 10:45,21.0625,0.6,20.175,0.52,9.8675,32900,6325,5.205,2.5012,125.323,2491.561,21.4063,2.5012,6.8012,21.4063,1.15,23.9075,1
10/30/2025 10:50,21.0625,0.6,20.175,0.52,9.8675,32775,6300,5.2088,2.5088,125.323,2491.77,21.5125,2.5088,6.8088,21.5125,1.15,24.0213,1
10/30/2025 10:55,21.05,0.6125,20.1625,0.5325,9.855,32725,6290,5.2237,2.5275,125.323,2491.98,21.675,2.5275,6.8275,21.675,1.15,24.2025,1
10/30/2025 11:00,21.05,0.5625,20.1625,0.4825,9.88,32800,6285,5.2425,2.5387,125.323,2492.191,21.8563,2.5387,6.8387,21.8563,1.15,24.395,1
10/30/2025 11:05,21.0625,0.5625,20.1625,0.4825,9.88,32575,6310,5.235,2.5425,125.323,2492.403,21.975,2.5425,6.8425,21.975,1.15,24.5175,1
10/30/2025 11:10,21.0375,0.6,20.1625,0.52,9.86125,32650,6285,5.2462,2.5538,125.323,2492.615,22.0563,2.5538,6.8538,22.0563,1.15,24.6101,1
10/30/2025 11:15,21.0125,0.575,20.1375,0.495,9.86125,32600,6300,5.2612,2.5463,125.323,2492.828,22.0938,2.5463,6.8463,22.0938,1.15,24.6401,1
10/30/2025 11:20,21.0375,0.6,20.1375,0.52,9.84875,32675,6285,5.2462,2.5463,125.323,2493.041,22.1625,2.5463,6.8463,22.1625,1.15,24.7088,1
10/30/2025 11:25,21.0375,0.6,20.1375,0.52,9.84875,32550,6285,5.2612,2.5575,125.323,2493.254,22.1875,2.5575,6.8575,22.1875,1.15,24.745,1
10/30/2025 11:30,21.0125,0.575,20.125,0.495,9.855,32550,6290,5.2538,2.5463,125.323,2493.468,22.2063,2.5463,6.8463,22.2063,1.15,24.7526,1
10/30/2025 11:35,21.0125,0.575,20.1375,0.495,9.86125,32650,6290,5.265,2.5538,125.323,2493.68,22.2625,2.5538,6.8538,22.2625,1.15,24.8163,1
10/30/2025 11:40,21.0375,0.575,20.125,0.495,9.855,32600,6300,5.2538,2.5463,125.323,2493.893,22.2938,2.5463,6.8463,22.2938,1.15,24.8401,1
10/30/2025 11:45,21.0125,0.575,20.1375,0.495,9.86125,32600,6320,5.2575,2.5538,125.323,2494.105,22.3125,2.5538,6.8538,22.3125,1.15,24.8663,1
10/30/2025 11:50,21.0375,0.575,20.1375,0.495,9.86125,32725,6300,5.2538,2.5538,125.323,2494.318,22.3563,2.5538,6.8538,22.3563,1.15,24.9101,1
10/30/2025 11:55,21.0375,0.5625,20.125,0.4825,9.86125,32725,6300,5.2612,2.5463,125.323,2494.53,22.3688,2.5463,6.8463,22.3688,1.15,24.9151,1
10/30/2025 12:00,21.0375,0.6,20.1375,0.52,9.84875,32575,6285,5.2462,2.5425,125.323,2494.743,22.4063,2.5425,6.8425,22.4063,1.15,24.9488,1
10/30/2025 12:05,21.0125,0.5625,20.1375,0.4825,9.8675,32650,6285,5.2575,2.5425,125.323,2494.956,22.4438,2.5425,6.8425,22.4438,1.15,24.9863,1
10/30/2025 12:10,21.0375,0.575,20.125,0.495,9.855,32675,6300,5.2425,2.5463,125.323,2495.167,22.4563,2.5463,6.8463,22.4563,1.15,25.0026,1
10/30/2025 12:15,21.0125,0.575,20.1625,0.495,9.87375,32675,6310,5.2462,2.5425,125.323,2495.38,22.4688,2.5425,6.8425,22.4688,1.15,25.0113,1
10/30/2025 12:20,21.0125,0.575,20.125,0.495,9.855,32650,6330,5.2425,2.5425,125.323,2495.592,22.5063,2.5425,6.8425,22.5063,1.15,25.0488,1
10/30/2025 12:25,21.0125,0.55,20.125,0.47,9.8675,32725,6330,5.2425,2.5387,125.323,2495.804,22.5438,2.5387,6.8387,22.5438,1.15,25.0825,1
10/30/2025 12:30,21.0125,0.55,20.1375,0.47,9.87375,32800,6315,5.2425,2.5425,125.323,2496.016,22.5688,2.5425,6.8425,22.5688,1.15,25.1113,1
10/30/2025 12:35,21,0.6,20.1375,0.52,9.84875,32725,6320,5.2425,2.5387,125.323,2496.228,22.5875,2.5387,6.8387,22.5875,1.15,25.1262,1
10/30/2025 12:40,21.0125,0.6,20.1125,0.52,9.83625,32650,6320,5.235,2.535,125.323,2496.439,22.625,2.535,6.835,22.625,1.15,25.16,1
10/30/2025 12:45,21,0.6,20.1375,0.52,9.84875,32800,6320,5.2275,2.5275,125.323,2496.65,22.6625,2.5275,6.8275,22.6625,1.15,25.19,1
10/30/2025 12:50,20.9875,0.575,20.1125,0.495,9.84875,32700,6330,5.235,2.5275,125.323,2496.861,22.6688,2.5275,6.8275,22.6688,1.15,25.1963,1
10/30/2025 12:55,21,0.55,20.125,0.47,9.8675,32800,6365,5.235,2.5237,125.323,2497.072,22.7125,2.5237,6.8237,22.7125,1.15,25.2362,1
10/30/2025 13:00,20.9875,0.55,20.125,0.47,9.8675,32800,6355,5.2237,2.5237,125.323,2497.283,22.7188,2.5237,6.8237,22.7188,1.15,25.2425,1
10/30/2025 13:05,20.975,0.5625,20.1,0.4825,9.84875,32825,6350,5.2387,2.5237,125.323,2497.494,22.7375,2.5237,6.8237,22.7375,1.15,25.2612,1
10/30/2025 13:10,20.975,0.5375,20.1125,0.4575,9.8675,32725,6350,5.2275,2.535,125.323,2497.705,22.7688,2.535,6.835,22.7688,1.15,25.3038,1
10/30/2025 13:15,20.975,0.575,20.1,0.495,9.8425,32825,6370,5.2275,2.5275,125.323,2497.916,22.8,2.5275,6.8275,22.8,1.15,25.3275,1
10/30/2025 13:20,20.975,0.5375,20.1,0.4575,9.86125,32775,6370,5.2275,2.535,125.323,2498.126,22.8063,2.535,6.835,22.8063,1.15,25.3413,1
10/30/2025 13:25,20.975,0.5375,20.1,0.4575,9.86125,32700,6370,5.2237,2.52,125.323,2498.337,22.8313,2.52,6.82,22.8313,1.15,25.3513,1
10/30/2025 13:30,20.95,0.5625,20.125,0.4825,9.86125,32800,6365,5.2237,2.5237,125.323,2498.547,22.85,2.5237,6.8237,22.85,1.15,25.3737,1
10/30/2025 13:35,20.975,0.55,20.125,0.47,9.8675,32800,6370,5.22,2.5275,125.323,2498.758,22.85,2.5275,6.8275,22.85,1.15,25.3775,1
10/30/2025 13:40,20.975,0.5625,20.125,0.4825,9.86125,32775,6380,5.2088,2.52,125.323,2498.969,22.8625,2.52,6.82,22.8625,1.15,25.3825,1
10/30/2025 13:45,20.975,0.575,20.125,0.495,9.855,32850,6380,5.2088,2.5237,125.323,2499.179,22.8938,2.5237,6.8237,22.8938,1.15,25.4175,1
10/30/2025 13:50,20.975,0.55,20.1125,0.47,9.86125,32850,6370,5.2162,2.52,125.323,2499.389,22.9313,2.52,6.82,22.9313,1.15,25.4513,1
10/30/2025 13:55,20.975,0.5625,20.1125,0.4825,9.855,32900,6375,5.2237,2.52,125.323,2499.599,22.9438,2.52,6.82,22.9438,1.15,25.4638,1
10/30/2025 14:00,20.95,0.6,20.075,0.52,9.8175,32775,6380,5.2162,2.5162,125.323,2499.809,22.975,2.5162,6.8162,22.975,1.15,25.4912,1
10/30/2025 14:05,20.95,0.575,20.1125,0.495,9.84875,32850,6380,5.2012,2.52,125.323,2500.019,23,2.52,6.82,23,1.15,25.52,1
10/30/2025 14:10,1.6,0.525,1.45,0.445,0.5425,32800,485,0,0.0037,125.323,2500.189,23.0375,0.0037,4.3037,23.0375,1.15,23.0412,1
10/31/2025 8:17,21.2125,0.5375,20.225,0.4575,9.92375,32975,6680,5.3775,2.67,125.323,2501.865,20.6188,2.67,6.97,20.6188,1.15,23.2888,1
10/31/2025 8:22,21.2375,0.5375,20.225,0.4575,9.92375,33100,6760,5.3213,2.6138,125.323,2502.086,20.5063,2.6138,6.9138,20.5063,1.15,23.1201,1
10/31/2025 8:27,21.2125,0.55,20.25,0.47,9.93,33050,6680,5.3025,2.58,125.323,2502.302,20.525,2.58,6.88,20.525,1.15,23.105,1
10/31/2025 8:32,21.2,0.55,20.25,0.47,9.93,33050,6615,5.28,2.565,125.323,2502.517,20.575,2.565,6.865,20.575,1.15,23.14,1
10/31/2025 8:37,21.2,0.575,20.225,0.495,9.905,33050,6605,5.2575,2.5538,125.323,2502.73,20.5875,2.5538,6.8538,20.5875,1.15,23.1413,1
10/31/2025 8:42,21.2125,0.55,20.2375,0.47,9.92375,32975,6530,5.2575,2.5538,125.323,2502.943,20.5625,2.5538,6.8538,20.5625,1.15,23.1163,1
10/31/2025 8:47,21.2125,0.5375,20.2375,0.4575,9.93,33100,6510,5.2237,2.535,125.323,2503.154,20.5813,2.535,6.835,20.5813,1.15,23.1163,1
10/31/2025 8:52,21.2125,0.5625,20.25,0.4825,9.92375,33000,6505,5.2425,2.5275,125.323,2503.366,20.5938,2.5275,6.8275,20.5938,1.15,23.1213,1
10/31/2025 8:57,21.2125,0.575,20.2375,0.495,9.91125,32950,6460,5.235,2.52,125.323,2503.576,20.6063,2.52,6.82,20.6063,1.15,23.1263,1
10/31/2025 9:02,21.2125,0.55,20.225,0.47,9.9175,33075,6450,5.2162,2.52,125.323,2503.786,20.6,2.52,6.82,20.6,1.15,23.12,1
10/31/2025 9:07,21.2125,0.575,20.2375,0.495,9.91125,33000,6420,5.2237,2.505,125.323,2503.996,20.6063,2.505,6.805,20.6063,1.15,23.1113,1
10/31/2025 9:12,21.25,0.5625,20.25,0.4825,9.92375,33125,6420,5.22,2.5012,125.323,2504.205,20.5938,2.5012,6.8012,20.5938,1.15,23.095,1
10/31/2025 9:17,21.2375,0.6,20.2375,0.52,9.89875,32975,6425,5.205,2.5012,125.323,2504.414,20.65,2.5012,6.8012,20.65,1.15,23.1512,1
10/31/2025 9:22,21.2375,0.6125,20.2375,0.5325,9.8925,33100,6390,5.205,2.5012,125.323,2504.622,20.8563,2.5012,6.8012,20.8563,1.15,23.3575,1
10/31/2025 9:27,21.2125,0.6125,20.225,0.5325,9.88625,33100,6425,5.2162,2.505,125.323,2504.831,21.0063,2.505,6.805,21.0063,1.15,23.5113,1
10/31/2025 9:32,21.2,0.575,20.225,0.495,9.905,32950,6445,5.22,2.5012,125.323,2505.04,21.0188,2.5012,6.8012,21.0188,1.15,23.52,1
10/31/2025 9:37,21.1875,0.6125,20.2,0.5325,9.87375,33050,6420,5.2162,2.505,125.323,2505.249,21.1063,2.505,6.805,21.1063,1.15,23.6113,1
10/31/2025 9:42,21.175,0.575,20.225,0.495,9.905,33000,6390,5.2088,2.5012,125.323,2505.458,21.1313,2.5012,6.8012,21.1313,1.15,23.6325,1
10/31/2025 9:47,21.175,0.6125,20.225,0.5325,9.88625,32950,6395,5.205,2.5012,125.323,2505.666,21.15,2.5012,6.8012,21.15,1.15,23.6512,1
10/31/2025 9:52,21.15,0.6125,20.225,0.5325,9.88625,33075,6375,5.205,2.4937,125.323,2505.875,21.1563,2.4937,6.7937,21.1563,1.15,23.65,1
10/31/2025 9:57,21.15,0.6,20.2,0.52,9.88,32975,6390,5.2012,2.5012,125.323,2506.083,21.1813,2.5012,6.8012,21.1813,1.15,23.6825,1
10/31/2025 10:02,21.15,0.575,20.1875,0.495,9.88625,33050,6370,5.205,2.4975,125.323,2506.291,21.2,2.4975,6.7975,21.2,1.15,23.6975,1
10/31/2025 10:07,21.1375,0.575,20.1875,0.495,9.88625,33100,6365,5.1975,2.4863,125.323,2506.499,21.2,2.4863,6.7863,21.2,1.15,23.6863,1
10/31/2025 10:12,21.125,0.5625,20.1875,0.4825,9.8925,33050,6380,5.2012,2.4863,125.323,2506.707,21.2125,2.4863,6.7863,21.2125,1.15,23.6988,1
10/31/2025 10:17,21.15,0.575,20.225,0.495,9.905,33000,6370,5.2012,2.4863,125.323,2506.914,21.2375,2.4863,6.7863,21.2375,1.15,23.7238,1
10/31/2025 10:22,21.125,0.6,20.175,0.52,9.8675,33000,6370,5.19,2.4863,125.323,2507.122,21.2375,2.4863,6.7863,21.2375,1.15,23.7238,1
10/31/2025 10:27,21.125,0.6,20.2,0.52,9.88,32975,6325,5.19,2.4863,125.323,2507.329,21.2563,2.4863,6.7863,21.2563,1.15,23.7426,1
10/31/2025 10:32,21.125,0.5625,20.1875,0.4825,9.8925,32950,6315,5.1863,2.4863,125.323,2507.537,21.275,2.4863,6.7863,21.275,1.15,23.7613,1
10/31/2025 10:37,21.125,0.575,20.1875,0.495,9.88625,32975,6330,5.1825,2.4825,125.323,2507.744,21.3188,2.4825,6.7825,21.3188,1.15,23.8013,1
10/31/2025 10:42,21.1125,0.575,20.2,0.495,9.8925,32950,6300,5.2012,2.4937,125.323,2507.952,21.4188,2.4937,6.7937,21.4188,1.15,23.9125,1
10/31/2025 10:47,21.0875,0.6,20.175,0.52,9.8675,32775,6285,5.2012,2.505,125.323,2508.161,21.5625,2.505,6.805,21.5625,1.15,24.0675,1
10/31/2025 10:52,21.075,0.575,20.1625,0.495,9.87375,32800,6300,5.22,2.5162,125.323,2508.37,21.6875,2.5162,6.8162,21.6875,1.15,24.2037,1
10/31/2025 10:57,21.075,0.6,20.175,0.52,9.8675,32775,6285,5.2237,2.5237,125.323,2508.581,21.7625,2.5237,6.8237,21.7625,1.15,24.2862,1
10/31/2025 11:02,21.0625,0.5625,20.1625,0.4825,9.88,32725,6285,5.2275,2.5237,125.323,2508.793,21.8438,2.5237,6.8237,21.8438,1.15,24.3675,1
10/31/2025 11:07,21.075,0.5625,20.175,0.4825,9.88625,32600,6310,5.2425,2.535,125.323,2509.003,21.9063,2.535,6.835,21.9063,1.15,24.4413,1
10/31/2025 11:12,21.0625,0.575,20.1375,0.495,9.86125,32775,6285,5.2387,2.5275,125.323,2509.214,21.9313,2.5275,6.8275,21.9313,1.15,24.4588,1
10/31/2025 11:17,21.0625,0.6,20.1625,0.52,9.86125,32725,6295,5.2237,2.535,125.323,2509.425,21.9688,2.535,6.835,21.9688,1.15,24.5038,1
10/31/2025 11:22,21.05,0.5625,20.1375,0.4825,9.8675,32800,6295,5.2275,2.5275,125.323,2509.635,22.0063,2.5275,6.8275,22.0063,1.15,24.5338,1
10/31/2025 11:27,21.0625,0.5625,20.1625,0.4825,9.88,32725,6310,5.235,2.5275,125.323,2509.846,22.0313,2.5275,6.8275,22.0313,1.15,24.5588,1
10/31/2025 11:32,21.05,0.575,20.1375,0.495,9.86125,32725,6300,5.22,2.5237,125.323,2510.057,22.075,2.5237,6.8237,22.075,1.15,24.5987,1
10/31/2025 11:37,21.0625,0.6,20.1375,0.52,9.84875,32800,6285,5.2387,2.52,125.323,2510.268,22.1188,2.52,6.82,22.1188,1.15,24.6388,1
10/31/2025 11:42,21.05,0.5625,20.1375,0.4825,9.8675,32700,6320,5.2275,2.5275,125.323,2510.478,22.1563,2.5275,6.8275,22.1563,1.15,24.6838,1
10/31/2025 11:47,21.05,0.5625,20.1375,0.4825,9.8675,32725,6300,5.22,2.5275,125.323,2510.689,22.1813,2.5275,6.8275,22.1813,1.15,24.7088,1
10/31/2025 11:52,21.05,0.5625,20.125,0.4825,9.86125,32725,6300,5.2237,2.52,125.323,2510.899,22.225,2.52,6.82,22.225,1.15,24.745,1
10/31/2025 11:57,21.0375,0.5625,20.125,0.4825,9.86125,32825,6325,5.22,2.52,125.323,2511.11,22.2688,2.52,6.82,22.2688,1.15,24.7888,1
10/31/2025 12:02,21.0375,0.575,20.125,0.495,9.855,32850,6330,5.2237,2.5162,125.323,2511.32,22.2938,2.5162,6.8162,22.2938,1.15,24.81,1
10/31/2025 12:07,21.0375,0.575,20.125,0.495,9.855,32850,6340,5.22,2.52,125.323,2511.531,22.3313,2.52,6.82,22.3313,1.15,24.8513,1
10/31/2025 12:12,21.0375,0.5375,20.125,0.4575,9.87375,32800,6330,5.22,2.52,125.323,2511.741,22.3688,2.52,6.82,22.3688,1.15,24.8888,1
10/31/2025 12:17,21,0.5625,20.1125,0.4825,9.855,32775,6350,5.205,2.52,125.323,2511.95,22.4125,2.52,6.82,22.4125,1.15,24.9325,1
10/31/2025 12:22,21.0125,0.5625,20.125,0.4825,9.86125,32775,6340,5.2162,2.5088,125.323,2512.16,22.45,2.5088,6.8088,22.45,1.15,24.9588,1
10/31/2025 12:27,21.0125,0.575,20.125,0.495,9.855,32900,6350,5.2237,2.5162,125.323,2512.369,22.4563,2.5162,6.8162,22.4563,1.15,24.9725,1
10/31/2025 12:32,21.0375,0.575,20.125,0.495,9.855,32850,6350,5.205,2.5162,125.323,2512.579,22.5063,2.5162,6.8162,22.5063,1.15,25.0225,1
10/31/2025 12:37,20.9875,0.5375,20.1125,0.4575,9.8675,32775,6370,5.2088,2.5162,125.323,2512.789,22.5375,2.5162,6.8162,22.5375,1.15,25.0537,1
10/31/2025 12:42,21,0.5375,20.125,0.4575,9.87375,32850,6390,5.2088,2.5162,125.323,2512.999,22.575,2.5162,6.8162,22.575,1.15,25.0912,1
10/31/2025 12:47,21,0.575,20.125,0.495,9.855,32925,6365,5.2088,2.5088,125.323,2513.209,22.5938,2.5088,6.8088,22.5938,1.15,25.1026,1
10/31/2025 12:52,20.9875,0.5625,20.125,0.4825,9.86125,32800,6370,5.205,2.5088,125.323,2513.418,22.6438,2.5088,6.8088,22.6438,1.15,25.1526,1
10/31/2025 12:57,20.9875,0.575,20.1,0.495,9.8425,32900,6390,5.19,2.5012,125.323,2513.627,22.6625,2.5012,6.8012,22.6625,1.15,25.1637,1
10/31/2025 13:02,20.9875,0.575,20.1125,0.495,9.84875,32900,6395,5.205,2.5088,125.323,2513.836,22.7,2.5088,6.8088,22.7,1.15,25.2088,1
10/31/2025 13:07,20.9875,0.5375,20.125,0.4575,9.87375,33000,6375,5.2012,2.5088,125.323,2514.045,22.7313,2.5088,6.8088,22.7313,1.15,25.2401,1
10/31/2025 13:12,20.975,0.5375,20.1125,0.4575,9.8675,32950,6400,5.1975,2.5088,125.323,2514.255,22.775,2.5088,6.8088,22.775,1.15,25.2838,1
10/31/2025 13:17,20.9875,0.5625,20.1125,0.4825,9.855,32900,6395,5.1975,2.5088,125.323,2514.465,22.7875,2.5088,6.8088,22.7875,1.15,25.2963,1
10/31/2025 13:22,20.9875,0.55,20.125,0.47,9.8675,32825,6395,5.2088,2.5088,125.323,2514.674,22.8313,2.5088,6.8088,22.8313,1.15,25.3401,1
10/31/2025 13:27,20.975,0.55,20.1125,0.47,9.86125,32925,6415,5.1863,2.505,125.323,2514.883,22.8813,2.505,6.805,22.8813,1.15,25.3863,1
10/31/2025 13:32,20.975,0.575,20.125,0.495,9.855,32925,6420,5.2012,2.4975,125.323,2515.091,22.8875,2.4975,6.7975,22.8875,1.15,25.385,1
10/31/2025 13:37,20.95,0.5625,20.1125,0.4825,9.855,32975,6415,5.1975,2.4975,125.323,2515.3,22.9375,2.4975,6.7975,22.9375,1.15,25.435,1
10/31/2025 13:42,0.2125,0.4875,0.1125,0.4075,-0.1075,32850,350,0,0,125.323,2515.398,23.0188,0,4.3,23.0188,1.15,23.0188,1
11/3/2025 8:14,21.3,0.575,20.1875,0.495,9.88625,33225,6215,5.1788,2.46,125.323,2517.011,16.5313,2.46,6.76,16.5313,1.15,18.9913,1
11/3/2025 8:19,21.3,0.575,20.2,0.495,9.8925,33375,6310,5.13,2.4225,125.323,2517.215,16.4938,2.4225,6.7225,16.4938,1.15,18.9163,1
11/3/2025 8:24,21.3,0.6125,20.2,0.5325,9.87375,33225,6235,5.1037,2.3962,125.323,2517.415,16.425,2.3962,6.6962,16.425,1.15,18.8212,1
11/3/2025 8:29,21.3,0.6,20.225,0.52,9.8925,33325,6170,5.0812,2.3775,125.323,2517.615,16.4375,2.3775,6.6775,16.4375,1.15,18.815,1
11/3/2025 8:34,21.3125,0.575,20.2,0.495,9.8925,33375,6140,5.07,2.3663,125.323,2517.813,16.4438,2.3663,6.6663,16.4438,1.15,18.8101,1
11/3/2025 8:39,21.275,0.575,20.225,0.495,9.905,33250,6100,5.0587,2.3588,125.323,2518.01,16.4812,2.3588,6.6588,16.4812,1.15,18.84,1
11/3/2025 8:44,21.3125,0.6125,20.225,0.5325,9.88625,33350,6075,5.0475,2.3588,125.323,2518.206,16.5188,2.3588,6.6588,16.5188,1.15,18.8776,1
11/3/2025 8:49,21.3,0.575,20.225,0.495,9.905,33250,6050,5.0512,2.3475,125.323,2518.402,16.5313,2.3475,6.6475,16.5313,1.15,18.8788,1
11/3/2025 8:54,21.275,0.575,20.225,0.495,9.905,33225,6050,5.04,2.34,125.323,2518.597,16.5688,2.34,6.64,16.5688,1.15,18.9088,1
11/3/2025 8:59,21.275,0.6,20.225,0.52,9.8925,33300,6010,5.0438,2.3325,125.323,2518.793,16.6188,2.3325,6.6325,16.6188,1.15,18.9513,1
11/3/2025 9:04,21.2625,0.6,20.225,0.52,9.8925,33200,6005,5.0287,2.34,125.323,2518.988,16.65,2.34,6.64,16.65,1.15,18.99,1
11/3/2025 9:09,21.2625,0.5625,20.225,0.4825,9.91125,33200,5980,5.0213,2.3325,125.323,2519.183,16.6438,2.3325,6.6325,16.6438,1.15,18.9763,1
11/3/2025 9:14,21.2625,0.6125,20.225,0.5325,9.88625,33300,5975,5.0213,2.325,125.323,2519.378,16.6875,2.325,6.625,16.6875,1.15,19.0125,1
11/3/2025 9:19,21.2625,0.6,20.2,0.52,9.88,33225,5960,5.025,2.325,125.323,2519.572,16.775,2.325,6.625,16.775,1.15,19.1,1
11/3/2025 9:24,21.2375,0.6,20.1875,0.52,9.87375,33300,5975,5.0213,2.325,125.323,2519.765,16.875,2.325,6.625,16.875,1.15,19.2,1
11/3/2025 9:29,21.2125,0.575,20.175,0.495,9.88,33325,5975,5.0062,2.3213,125.323,2519.959,16.8938,2.3213,6.6213,16.8938,1.15,19.2151,1
11/3/2025 9:34,21.2,0.55,20.2,0.47,9.905,33325,5970,5.01,2.3213,125.323,2520.153,16.9563,2.3213,6.6213,16.9563,1.15,19.2776,1
11/3/2025 9:39,21.2,0.575,20.2,0.495,9.8925,33225,5975,5.01,2.3213,125.323,2520.347,16.9625,2.3213,6.6213,16.9625,1.15,19.2838,1
11/3/2025 9:44,21.1875,0.5625,20.175,0.4825,9.88625,33225,5930,5.0137,2.3137,125.323,2520.54,17.0125,2.3137,6.6137,17.0125,1.15,19.3262,1
11/3/2025 9:49,21.2,0.575,20.2,0.495,9.8925,33250,5910,5.01,2.3213,125.323,2520.733,17.0313,2.3213,6.6213,17.0313,1.15,19.3526,1
11/3/2025 9:54,21.1875,0.55,20.2,0.47,9.905,33300,5920,5.0137,2.31,125.323,2520.927,17.0437,2.31,6.61,17.0437,1.15,19.3537,1
11/3/2025 9:59,21.1875,0.55,20.2,0.47,9.905,33325,5930,4.995,2.3137,125.323,2521.12,17.0688,2.3137,6.6137,17.0688,1.15,19.3825,1
11/3/2025 10:04,21.1875,0.5625,20.2,0.4825,9.89875,33300,5910,5.01,2.31,125.323,2521.313,17.0875,2.31,6.61,17.0875,1.15,19.3975,1
11/3/2025 10:09,21.175,0.55,20.1875,0.47,9.89875,33325,5905,5.01,2.31,125.323,2521.505,17.1,2.31,6.61,17.1,1.15,19.41,1
11/3/2025 10:14,21.15,0.55,20.175,0.47,9.8925,33225,5930,4.9913,2.3062,125.323,2521.698,17.1125,2.3062,6.6062,17.1125,1.15,19.4187,1
11/3/2025 10:19,21.15,0.575,20.175,0.495,9.88,33225,5910,5.0025,2.3062,125.323,2521.89,17.1375,2.3062,6.6062,17.1375,1.15,19.4437,1
11/3/2025 10:24,21.175,0.55,20.175,0.47,9.8925,33325,5885,4.995,2.3025,125.323,2522.083,17.15,2.3025,6.6025,17.15,1.15,19.4525,1
11/3/2025 10:29,21.15,0.5625,20.1875,0.4825,9.8925,33375,5895,4.9913,2.3062,125.323,2522.275,17.1875,2.3062,6.6062,17.1875,1.15,19.4937,1
11/3/2025 10:34,21.15,0.5375,20.1375,0.4575,9.88,33325,5870,4.9837,2.3062,125.323,2522.467,17.2125,2.3062,6.6062,17.2125,1.15,19.5187,1
11/3/2025 10:39,21.1375,0.5375,20.1625,0.4575,9.8925,33350,5895,5.0025,2.2988,125.323,2522.659,17.2125,2.2988,6.5988,17.2125,1.15,19.5113,1
11/3/2025 10:44,21.1375,0.5625,20.1625,0.4825,9.88,33225,5870,5.0025,2.2988,125.323,2522.851,17.2375,2.2988,6.5988,17.2375,1.15,19.5363,1
11/3/2025 10:49,21.125,0.5625,20.1375,0.4825,9.8675,33300,5885,4.9837,2.2988,125.323,2523.044,17.2563,2.2988,6.5988,17.2563,1.15,19.5551,1
11/3/2025 10:54,21.125,0.5625,20.1625,0.4825,9.88,33350,5885,4.9837,2.3025,125.323,2523.235,17.4125,2.3025,6.6025,17.4125,1.15,19.715,1
11/3/2025 10:59,21.125,0.575,20.1375,0.495,9.86125,33225,5870,5.0137,2.325,125.323,2523.428,17.8,2.325,6.625,17.8,1.15,20.125,1
11/3/2025 11:04,21.1125,0.575,20.1625,0.495,9.87375,33050,5905,5.0438,2.3588,125.323,2523.623,18.25,2.3588,6.6588,18.25,1.15,20.6088,1
11/3/2025 11:09,21.0875,0.55,20.1375,0.47,9.87375,33100,5935,5.0512,2.3813,125.323,2523.821,18.5938,2.3813,6.6813,18.5938,1.15,20.9751,1
11/3/2025 11:14,21.0875,0.5625,20.125,0.4825,9.86125,32925,5995,5.0737,2.3962,125.323,2524.02,18.8688,2.3962,6.6962,18.8688,1.15,21.265,1
11/3/2025 11:19,21.0875,0.5625,20.1375,0.4825,9.8675,32850,6000,5.085,2.4038,125.323,2524.221,19.0313,2.4038,6.7038,19.0313,1.15,21.4351,1
11/3/2025 11:24,21.075,0.5625,20.125,0.4825,9.86125,33000,6035,5.0888,2.4075,125.323,2524.421,19.175,2.4075,6.7075,19.175,1.15,21.5825,1
11/3/2025 11:29,21.0625,0.575,20.125,0.495,9.855,32975,6065,5.1037,2.4075,125.323,2524.622,19.25,2.4075,6.7075,19.25,1.15,21.6575,1
11/3/2025 11:34,21.0625,0.5375,20.125,0.4575,9.87375,32925,6055,5.0737,2.4187,125.323,2524.822,19.325,2.4187,6.7187,19.325,1.15,21.7437,1
11/3/2025 11:39,21.0625,0.55,20.125,0.47,9.8675,32975,6055,5.1,2.4112,125.323,2525.024,19.3813,2.4112,6.7112,19.3813,1.15,21.7925,1
11/3/2025 11:44,21.0625,0.5375,20.1125,0.4575,9.8675,32900,6050,5.0925,2.4112,125.323,2525.225,19.4313,2.4112,6.7112,19.4313,1.15,21.8425,1
11/3/2025 11:49,21.075,0.5625,20.125,0.4825,9.86125,33050,6055,5.0925,2.4112,125.323,2525.426,19.5063,2.4112,6.7112,19.5063,1.15,21.9175,1
11/3/2025 11:54,21.075,0.5375,20.125,0.4575,9.87375,32950,6060,5.0925,2.4112,125.323,2525.628,19.575,2.4112,6.7112,19.575,1.15,21.9862,1
11/3/2025 11:59,21.05,0.5375,20.1125,0.4575,9.8675,33075,6060,5.0888,2.4075,125.323,2525.829,19.6063,2.4075,6.7075,19.6063,1.15,22.0138,1
11/3/2025 12:04,21.0625,0.5375,20.125,0.4575,9.87375,33050,6075,5.1037,2.4075,125.323,2526.03,19.65,2.4075,6.7075,19.65,1.15,22.0575,1
11/3/2025 12:09,21.0625,0.5375,20.1375,0.4575,9.88,32975,6090,5.085,2.4187,125.323,2526.231,19.7188,2.4187,6.7187,19.7188,1.15,22.1375,1
11/3/2025 12:14,21.0625,0.5375,20.1375,0.4575,9.88,33000,6110,5.0812,2.4112,125.323,2526.432,19.7938,2.4112,6.7112,19.7938,1.15,22.205,1
11/3/2025 12:19,21.05,0.5625,20.125,0.4825,9.86125,33050,6115,5.0888,2.4075,125.323,2526.633,19.8375,2.4075,6.7075,19.8375,1.15,22.245,1
11/3/2025 12:24,21.05,0.5375,20.125,0.4575,9.87375,33075,6115,5.085,2.4187,125.323,2526.835,19.8938,2.4187,6.7187,19.8938,1.15,22.3125,1
11/3/2025 12:29,21.0375,0.5625,20.125,0.4825,9.86125,33100,6120,5.0737,2.4112,125.323,2527.036,19.9688,2.4112,6.7112,19.9688,1.15,22.38,1
11/3/2025 12:34,21.0375,0.5375,20.125,0.4575,9.87375,33125,6115,5.0888,2.4112,125.323,2527.237,20,2.4112,6.7112,20,1.15,22.4112,1
11/3/2025 12:39,21.0375,0.5375,20.1125,0.4575,9.8675,33050,6135,5.085,2.4112,125.323,2527.438,20.0625,2.4112,6.7112,20.0625,1.15,22.4737,1
11/3/2025 12:44,21.05,0.55,20.125,0.47,9.8675,33050,6160,5.0737,2.4038,125.323,2527.638,20.1188,2.4038,6.7038,20.1188,1.15,22.5226,1
11/3/2025 12:49,21.0125,0.55,20.1125,0.47,9.86125,33000,6145,5.07,2.4038,125.323,2527.839,20.1688,2.4038,6.7038,20.1688,1.15,22.5726,1
11/3/2025 12:54,21.0125,0.525,20.1,0.445,9.8675,33100,6165,5.0663,2.4038,125.323,2528.04,20.225,2.4038,6.7038,20.225,1.15,22.6288,1
11/3/2025 12:59,21.0125,0.525,20.125,0.445,9.88,33075,6145,5.0737,2.4112,125.323,2528.242,20.2625,2.4112,6.7112,20.2625,1.15,22.6737,1
11/3/2025 13:04,21.0125,0.5375,20.075,0.4575,9.84875,33200,6185,5.0812,2.4075,125.323,2528.442,20.3188,2.4075,6.7075,20.3188,1.15,22.7263,1
11/3/2025 13:09,21.0125,0.5375,20.1,0.4575,9.86125,33075,6195,5.0888,2.4112,125.323,2528.643,20.375,2.4112,6.7112,20.375,1.15,22.7862,1
11/3/2025 13:14,21.0375,0.55,20.1,0.47,9.855,33100,6185,5.0888,2.4075,125.323,2528.844,20.425,2.4075,6.7075,20.425,1.15,22.8325,1
11/3/2025 13:19,21,0.55,20.1125,0.47,9.86125,33075,6185,5.0663,2.4075,125.323,2529.045,20.4813,2.4075,6.7075,20.4813,1.15,22.8888,1
11/3/2025 13:24,21,0.55,20.1,0.47,9.855,33175,6235,5.0737,2.4075,125.323,2529.245,20.5063,2.4075,6.7075,20.5063,1.15,22.9138,1
11/3/2025 13:29,21,0.5375,20.1,0.4575,9.86125,33075,6215,5.0737,2.4038,125.323,2529.447,20.5813,2.4038,6.7038,20.5813,1.15,22.9851,1
11/3/2025 13:34,21,0.55,20.1,0.47,9.855,33075,6240,5.0812,2.4,125.323,2529.648,20.625,2.4,6.7,20.625,1.15,23.025,1
11/3/2025 13:39,20.9875,0.5375,20.1,0.4575,9.86125,33200,6215,5.0812,2.4112,125.323,2529.849,20.6688,2.4112,6.7112,20.6688,1.15,23.08,1
11/3/2025 13:44,20.9875,0.5375,20.1,0.4575,9.86125,33175,6240,5.0737,2.4075,125.323,2530.05,20.7125,2.4075,6.7075,20.7125,1.15,23.12,1
11/3/2025 13:49,20.9875,0.525,20.1,0.445,9.8675,33200,6240,5.0663,2.4187,125.323,2530.251,20.7563,2.4187,6.7187,20.7563,1.15,23.175,1
11/3/2025 13:54,20.975,0.5625,20.1,0.4825,9.84875,33100,6260,5.0812,2.4075,125.323,2530.451,20.7938,2.4075,6.7075,20.7938,1.15,23.2013,1
11/3/2025 13:59,20.9875,0.55,20.1,0.47,9.855,33175,6225,5.085,2.4112,125.323,2530.652,20.8375,2.4112,6.7112,20.8375,1.15,23.2487,1
11/3/2025 14:04,21,0.525,20.1,0.445,9.8675,33225,6250,5.0812,2.4112,125.323,2530.854,20.875,2.4112,6.7112,20.875,1.15,23.2862,1
11/3/2025 14:09,0.0375,0.4625,0,0.3825,-0.15125,33200,345,0,0,125.323,2530.889,21.0375,0,4.3,21.0375,1.15,21.0375,1
11/4/2025 8:08,21.2,0.55,20.1875,0.47,9.89875,33450,6635,5.28,2.5612,125.323,2532.378,19.1188,2.5612,6.8612,19.1188,1.15,21.68,1
11/4/2025 8:13,21.2125,0.55,20.1875,0.47,9.89875,33325,6735,5.22,2.505,125.323,2532.588,19.0375,2.505,6.805,19.0375,1.15,21.5425,1
11/4/2025 8:18,21.2125,0.55,20.225,0.47,9.9175,33350,6630,5.19,2.4825,125.323,2532.796,19.0125,2.4825,6.7825,19.0125,1.15,21.495,1
11/4/2025 8:23,21.2125,0.55,20.2,0.47,9.905,33350,6590,5.1637,2.4638,125.323,2533.002,19.0563,2.4638,6.7638,19.0563,1.15,21.5201,1
11/4/2025 8:28,21.2,0.5625,20.2,0.4825,9.89875,33350,6545,5.145,2.4488,125.323,2533.207,19.0875,2.4488,6.7488,19.0875,1.15,21.5363,1
11/4/2025 8:33,21.2125,0.55,20.2,0.47,9.905,33350,6500,5.145,2.445,125.323,2533.412,19.1062,2.445,6.745,19.1062,1.15,21.5512,1
11/4/2025 8:38,21.2125,0.575,20.2375,0.495,9.91125,33325,6480,5.13,2.4375,125.323,2533.616,19.15,2.4375,6.7375,19.15,1.15,21.5875,1
11/4/2025 8:43,21.2125,0.55,20.225,0.47,9.9175,33450,6480,5.1262,2.4225,125.323,2533.819,19.175,2.4225,6.7225,19.175,1.15,21.5975,1
11/4/2025 8:48,21.2125,0.575,20.2,0.495,9.8925,33250,6440,5.1187,2.4263,125.323,2534.021,19.2063,2.4263,6.7263,19.2063,1.15,21.6326,1
11/4/2025 8:53,21.1875,0.5625,20.225,0.4825,9.91125,33350,6430,5.1187,2.4263,125.323,2534.223,19.2438,2.4263,6.7263,19.2438,1.15,21.6701,1
11/4/2025 8:58,21.1875,0.5625,20.225,0.4825,9.91125,33375,6400,5.1075,2.4225,125.323,2534.425,19.275,2.4225,6.7225,19.275,1.15,21.6975,1
11/4/2025 9:03,21.175,0.5625,20.1875,0.4825,9.8925,33300,6395,5.1113,2.4112,125.323,2534.627,19.3188,2.4112,6.7112,19.3188,1.15,21.73,1
11/4/2025 9:08,21.175,0.5625,20.2,0.4825,9.89875,33425,6355,5.0925,2.4187,125.323,2534.829,19.35,2.4187,6.7187,19.35,1.15,21.7687,1
11/4/2025 9:13,21.1375,0.55,20.2,0.47,9.905,33325,6355,5.1075,2.5275,125.323,2535.03,19.3625,2.5275,6.8275,19.3625,1.15,21.89,1
11/4/2025 9:18,21.1375,0.55,20.175,0.47,9.8925,33475,6380,5.0888,2.4,125.323,2535.23,19.3813,2.4,6.7,19.3813,1.15,21.7813,1
11/4/2025 9:23,21.15,0.55,20.2,0.47,9.905,33375,6345,5.1,2.4038,125.323,2535.43,19.4125,2.4038,6.7038,19.4125,1.15,21.8163,1
11/4/2025 9:28,21.1375,0.5625,20.1875,0.4825,9.8925,33375,6345,5.0888,2.4,125.323,2535.63,19.4313,2.4,6.7,19.4313,1.15,21.8313,1
11/4/2025 9:33,21.15,0.5625,20.1875,0.4825,9.8925,33300,6325,5.1,2.4,125.323,2535.831,19.4313,2.4,6.7,19.4313,1.15,21.8313,1
11/4/2025 9:38,21.1125,0.5375,20.175,0.4575,9.89875,33375,6320,5.0888,2.3962,125.323,2536.031,19.4438,2.3962,6.6962,19.4438,1.15,21.84,1
11/4/2025 9:43,21.125,0.5375,20.175,0.4575,9.89875,33425,6290,5.085,2.3887,125.323,2536.231,19.4563,2.3887,6.6887,19.4563,1.15,21.845,1
11/4/2025 9:48,21.1125,0.525,20.1625,0.445,9.89875,33425,6295,5.07,2.3962,125.323,2536.431,19.4625,2.3962,6.6962,19.4625,1.15,21.8587,1
11/4/2025 9:53,21.0875,0.525,20.175,0.445,9.905,33350,6300,5.0812,2.3887,125.323,2536.629,19.4938,2.3887,6.6887,19.4938,1.15,21.8825,1
11/4/2025 9:58,21.1125,0.525,20.1625,0.445,9.89875,33325,6290,5.07,2.3813,125.323,2536.828,19.4875,2.3813,6.6813,19.4875,1.15,21.8688,1
11/4/2025 10:03,21.1125,0.525,20.1625,0.445,9.89875,33425,6285,5.0888,2.3887,125.323,2537.027,19.8125,2.3887,6.6887,19.8125,1.15,22.2012,1
11/4/2025 10:08,21.0875,0.55,20.175,0.47,9.8925,33475,6320,5.085,2.3962,125.323,2537.228,19.9,2.3962,6.6962,19.9,1.15,22.2962,1
11/4/2025 10:13,21.0875,0.5625,20.1625,0.4825,9.88,33350,6330,5.0812,2.3962,125.323,2537.427,19.9,2.3962,6.6962,19.9,1.15,22.2962,1
11/4/2025 10:18,21.0875,0.55,20.1625,0.47,9.88625,33325,6320,5.0888,2.3962,125.323,2537.627,19.9563,2.3962,6.6962,19.9563,1.15,22.3525,1
11/4/2025 10:23,21.0875,0.5375,20.175,0.4575,9.89875,33375,6320,5.0888,2.3887,125.323,2537.826,19.9625,2.3887,6.6887,19.9625,1.15,22.3512,1
11/4/2025 10:28,21.075,0.5375,20.1625,0.4575,9.8925,33375,6310,5.07,2.385,125.323,2538.025,19.9625,2.385,6.685,19.9625,1.15,22.3475,1
11/4/2025 10:33,21.075,0.5375,20.1375,0.4575,9.88,33475,6300,5.0737,2.3887,125.323,2538.224,19.9875,2.3887,6.6887,19.9875,1.15,22.3762,1
11/4/2025 10:38,21.075,0.55,20.1625,0.47,9.88625,33350,6300,5.07,2.3813,125.323,2538.424,19.9875,2.3813,6.6813,19.9875,1.15,22.3688,1
11/4/2025 10:43,21.0875,0.5375,20.1375,0.4575,9.88,33375,6290,5.0663,2.3887,125.323,2538.623,20.025,2.3887,6.6887,20.025,1.15,22.4137,1
11/4/2025 10:48,21.0625,0.55,20.125,0.47,9.8675,33450,6300,5.0587,2.3813,125.323,2538.822,20.025,2.3813,6.6813,20.025,1.15,22.4063,1
11/4/2025 10:53,21.075,0.525,20.1375,0.445,9.88625,33300,6290,5.07,2.3887,125.323,2539.021,20.0875,2.3887,6.6887,20.0875,1.15,22.4762,1
11/4/2025 10:58,21.0625,0.5375,20.125,0.4575,9.87375,33225,6260,5.0925,2.4038,125.323,2539.221,20.225,2.4038,6.7038,20.225,1.15,22.6288,1
11/4/2025 11:03,21.05,0.5375,20.125,0.4575,9.87375,33175,6250,5.1113,2.4263,125.323,2539.422,20.4563,2.4263,6.7263,20.4563,1.15,22.8826,1
11/4/2025 11:08,21.0375,0.5375,20.125,0.4575,9.87375,33100,6235,5.1225,2.445,125.323,2539.625,20.5938,2.445,6.745,20.5938,1.15,23.0388,1
11/4/2025 11:13,21.0375,0.5375,20.125,0.4575,9.87375,33075,6240,5.13,2.445,125.323,2539.83,20.6438,2.445,6.745,20.6438,1.15,23.0888,1
11/4/2025 11:18,21.0125,0.525,20.1,0.445,9.8675,32900,6250,5.13,2.4488,125.323,2540.034,20.7375,2.4488,6.7488,20.7375,1.15,23.1863,1
11/4/2025 11:23,21.0375,0.525,20.1125,0.445,9.87375,33000,6265,5.1225,2.4488,125.323,2540.238,20.7688,2.4488,6.7488,20.7688,1.15,23.2176,1
11/4/2025 11:28,21,0.525,20.1,0.445,9.8675,32975,6260,5.13,2.4488,125.323,2540.442,20.825,2.4488,6.7488,20.825,1.15,23.2738,1
11/4/2025 11:33,21.0125,0.5375,20.1,0.4575,9.86125,32950,6245,5.13,2.4488,125.323,2540.646,20.8438,2.4488,6.7488,20.8438,1.15,23.2926,1
11/4/2025 11:38,21,0.525,20.1,0.445,9.8675,33075,6235,5.1262,2.445,125.323,2540.85,20.8875,2.445,6.745,20.8875,1.15,23.3325,1
11/4/2025 11:43,21,0.5375,20.1125,0.4575,9.8675,33100,6260,5.145,2.4488,125.323,2541.054,20.9375,2.4488,6.7488,20.9375,1.15,23.3863,1
11/4/2025 11:48,21.0125,0.55,20.1125,0.47,9.86125,32950,6260,5.13,2.445,125.323,2541.258,20.95,2.445,6.745,20.95,1.15,23.395,1
11/4/2025 11:53,21.0375,0.525,20.1125,0.445,9.87375,33050,6270,5.1262,2.445,125.323,2541.463,21.0125,2.445,6.745,21.0125,1.15,23.4575,1
11/4/2025 11:58,20.9875,0.5375,20.075,0.4575,9.84875,32950,6270,5.1262,2.445,125.323,2541.667,21.0375,2.445,6.745,21.0375,1.15,23.4825,1
11/4/2025 12:03,21.0125,0.55,20.075,0.47,9.8425,33125,6290,5.1375,2.445,125.323,2541.871,21.0875,2.445,6.745,21.0875,1.15,23.5325,1
11/4/2025 12:08,21.0125,0.5375,20.1,0.4575,9.86125,33050,6290,5.1375,2.445,125.323,2542.074,21.1125,2.445,6.745,21.1125,1.15,23.5575,1
11/4/2025 12:13,21.0125,0.5375,20.1,0.4575,9.86125,33000,6290,5.13,2.445,125.323,2542.277,21.1625,2.445,6.745,21.1625,1.15,23.6075,1
11/4/2025 12:18,21,0.5375,20.1,0.4575,9.86125,33000,6295,5.13,2.4412,125.323,2542.481,21.2125,2.4412,6.7412,21.2125,1.15,23.6537,1
11/4/2025 12:23,21,0.5375,20.1,0.4575,9.86125,33175,6300,5.13,2.445,125.323,2542.685,21.2313,2.445,6.745,21.2313,1.15,23.6763,1
11/4/2025 12:28,21,0.5,20.075,0.42,9.8675,33050,6290,5.13,2.445,125.323,2542.888,21.2688,2.445,6.745,21.2688,1.15,23.7138,1
11/4/2025 12:33,20.9875,0.525,20.1,0.445,9.8675,33075,6315,5.1225,2.43,125.323,2543.091,21.2938,2.43,6.73,21.2938,1.15,23.7238,1
11/4/2025 12:38,20.9875,0.525,20.1,0.445,9.8675,33175,6310,5.1113,2.4375,125.323,2543.294,21.3313,2.4375,6.7375,21.3313,1.15,23.7688,1
11/4/2025 12:43,20.9875,0.5375,20.1,0.4575,9.86125,33075,6315,5.1262,2.4375,125.323,2543.497,21.3813,2.4375,6.7375,21.3813,1.15,23.8188,1
11/4/2025 12:48,20.95,0.5375,20.0625,0.4575,9.8425,33200,6330,5.1113,2.43,125.323,2543.7,21.425,2.43,6.73,21.425,1.15,23.855,1
11/4/2025 12:53,20.95,0.5,20.075,0.42,9.8675,33200,6330,5.1225,2.43,125.323,2543.903,21.45,2.43,6.73,21.45,1.15,23.88,1
11/4/2025 12:58,20.975,0.5375,20.0625,0.4575,9.8425,33100,6365,5.1113,2.4263,125.323,2544.105,21.475,2.4263,6.7263,21.475,1.15,23.9013,1
11/4/2025 13:03,4.6875,0.525,4.4375,0.445,2.03625,33075,6365,0,1.0575,125.323,2544.298,21.525,1.0575,5.3575,21.525,1.15,22.5825,1
11/5/2025 8:10,21.2125,0.55,20.1875,0.47,9.89875,33425,6720,5.2988,2.5725,125.323,2545.893,19.4688,2.5725,6.8725,19.4688,1.15,22.0413,1
11/5/2025 8:15,21.2125,0.575,20.2,0.495,9.8925,33350,6785,5.235,2.5275,125.323,2546.105,19.525,2.5275,6.8275,19.525,1.15,22.0525,1
11/5/2025 8:20,21.2375,0.5625,20.225,0.4825,9.91125,33425,6710,5.205,2.4975,125.323,2546.316,19.5375,2.4975,6.7975,19.5375,1.15,22.035,1
11/5/2025 8:25,21.2,0.575,20.1875,0.495,9.88625,33425,6665,5.19,2.4825,125.323,2546.523,19.575,2.4825,6.7825,19.575,1.15,22.0575,1
11/5/2025 8:30,21.2125,0.6,20.2,0.52,9.88,33500,6630,5.1788,2.4787,125.323,2546.73,19.75,2.4787,6.7787,19.75,1.15,22.2287,1
11/5/2025 8:35,21.2,0.5625,20.2,0.4825,9.89875,33425,6640,5.1712,2.475,125.323,2546.936,19.7938,2.475,6.775,19.7938,1.15,22.2688,1
11/5/2025 8:40,21.2,0.5625,20.2375,0.4825,9.9175,33475,6625,5.1712,2.4675,125.323,2547.141,19.9063,2.4675,6.7675,19.9063,1.15,22.3738,1
11/5/2025 8:45,21.1875,0.575,20.225,0.495,9.905,33375,6565,5.16,2.46,125.323,2547.347,19.9688,2.46,6.76,19.9688,1.15,22.4288,1
11/5/2025 8:50,21.2,0.575,20.2,0.495,9.8925,33475,6585,5.1637,2.4562,125.323,2547.553,20.0063,2.4562,6.7562,20.0063,1.15,22.4625,1
11/5/2025 8:55,21.2,0.575,20.225,0.495,9.905,33325,6575,5.1563,2.4562,125.323,2547.757,20.0375,2.4562,6.7562,20.0375,1.15,22.4937,1
11/5/2025 9:00,21.1875,0.5625,20.2375,0.4825,9.9175,33375,6535,5.1563,2.4562,125.323,2547.962,20.1063,2.4562,6.7562,20.1063,1.15,22.5625,1
11/5/2025 9:05,21.175,0.6,20.2,0.52,9.88,33475,6505,5.16,2.445,125.323,2548.166,20.1125,2.445,6.745,20.1125,1.15,22.5575,1
11/5/2025 9:10,21.175,0.575,20.225,0.495,9.905,33375,6505,5.145,2.4412,125.323,2548.369,20.15,2.4412,6.7412,20.15,1.15,22.5912,1
11/5/2025 9:15,21.175,0.575,20.2,0.495,9.8925,33350,6500,5.1412,2.4375,125.323,2548.572,20.175,2.4375,6.7375,20.175,1.15,22.6125,1
11/5/2025 9:20,21.175,0.5625,20.225,0.4825,9.91125,33425,6500,5.1412,2.4375,125.323,2548.775,20.1813,2.4375,6.7375,20.1813,1.15,22.6188,1
11/5/2025 9:25,21.15,0.55,20.2,0.47,9.905,33375,6470,5.1375,2.43,125.323,2548.979,20.2063,2.43,6.73,20.2063,1.15,22.6363,1
11/5/2025 9:30,21.1375,0.5625,20.1875,0.4825,9.8925,33350,6480,5.13,2.4263,125.323,2549.182,20.2,2.4263,6.7263,20.2,1.15,22.6263,1
11/5/2025 9:35,21.175,0.575,20.225,0.495,9.905,33475,6450,5.1225,2.43,125.323,2549.384,20.25,2.43,6.73,20.25,1.15,22.68,1
11/5/2025 9:40,21.175,0.5625,20.225,0.4825,9.91125,33425,6450,5.13,2.4263,125.323,2549.586,20.25,2.4263,6.7263,20.25,1.15,22.6763,1
11/5/2025 9:45,21.15,0.575,20.2,0.495,9.8925,33300,6440,5.1225,2.4225,125.323,2549.789,20.2875,2.4225,6.7225,20.2875,1.15,22.71,1
11/5/2025 9:50,21.175,0.5625,20.225,0.4825,9.91125,33425,6440,5.1187,2.4225,125.323,2549.99,20.2938,2.4225,6.7225,20.2938,1.15,22.7163,1
11/5/2025 9:55,21.175,0.575,20.225,0.495,9.905,33325,6445,5.1262,2.4225,125.323,2550.193,20.3188,2.4225,6.7225,20.3188,1.15,22.7413,1
11/5/2025 10:00,21.175,0.575,20.2375,0.495,9.91125,33375,6425,5.1225,2.4225,125.323,2550.395,20.325,2.4225,6.7225,20.325,1.15,22.7475,1
11/5/2025 10:05,21.15,0.575,20.225,0.495,9.905,33500,6405,5.1113,2.4112,125.323,2550.596,20.3563,2.4112,6.7112,20.3563,1.15,22.7675,1
11/5/2025 10:10,21.1375,0.6,20.1875,0.52,9.87375,33450,6405,5.1187,2.4112,125.323,2550.798,20.375,2.4112,6.7112,20.375,1.15,22.7862,1
11/5/2025 10:15,21.1375,0.5625,20.2,0.4825,9.89875,33475,6415,5.1113,2.4112,125.323,2550.999,20.375,2.4112,6.7112,20.375,1.15,22.7862,1
11/5/2025 10:20,21.125,0.6,20.175,0.52,9.8675,33500,6405,5.1113,2.4112,125.323,2551.2,20.3813,2.4112,6.7112,20.3813,1.15,22.7925,1
11/5/2025 10:25,21.1375,0.5625,20.2,0.4825,9.89875,33475,6400,5.1113,2.4112,125.323,2551.401,20.4313,2.4112,6.7112,20.4313,1.15,22.8425,1
11/5/2025 10:30,21.125,0.575,20.2,0.495,9.8925,33325,6380,5.1187,2.4187,125.323,2551.603,20.5313,2.4187,6.7187,20.5313,1.15,22.95,1
11/5/2025 10:35,21.125,0.6,20.2,0.52,9.88,33350,6370,5.1225,2.43,125.323,2551.805,20.6625,2.43,6.73,20.6625,1.15,23.0925,1
11/5/2025 10:40,21.125,0.5625,20.1875,0.4825,9.8925,33200,6370,5.1412,2.4375,125.323,2552.008,20.7813,2.4375,6.7375,20.7813,1.15,23.2188,1
11/5/2025 10:45,21.125,0.575,20.2,0.495,9.8925,33250,6365,5.1487,2.445,125.323,2552.211,20.9063,2.445,6.745,20.9063,1.15,23.3513,1
11/5/2025 10:50,21.1125,0.6,20.1875,0.52,9.87375,33100,6390,5.1563,2.4488,125.323,2552.415,21.0125,2.4488,6.7488,21.0125,1.15,23.4613,1
11/5/2025 10:55,21.0875,0.55,20.175,0.47,9.8925,33100,6370,5.1487,2.4562,125.323,2552.62,21.0688,2.4562,6.7562,21.0688,1.15,23.525,1
11/5/2025 11:00,21.075,0.5625,20.1625,0.4825,9.88,33175,6375,5.145,2.4488,125.323,2552.824,21.1,2.4488,6.7488,21.1,1.15,23.5488,1
11/5/2025 11:05,21.075,0.575,20.1375,0.495,9.86125,33100,6365,5.1487,2.445,125.323,2553.028,21.125,2.445,6.745,21.125,1.15,23.57,1
11/5/2025 11:10,21.0875,0.575,20.175,0.495,9.88,33125,6355,5.1637,2.4562,125.323,2553.233,21.1938,2.4562,6.7562,21.1938,1.15,23.65,1
11/5/2025 11:15,21.1125,0.55,20.175,0.47,9.8925,33200,6390,5.145,2.46,125.323,2553.437,21.1813,2.46,6.76,21.1813,1.15,23.6413,1
11/5/2025 11:20,21.075,0.5625,20.1375,0.4825,9.8675,33200,6365,5.1487,2.4562,125.323,2553.642,21.2375,2.4562,6.7562,21.2375,1.15,23.6937,1
11/5/2025 11:25,21.075,0.5625,20.1625,0.4825,9.88,33225,6370,5.145,2.4562,125.323,2553.847,21.2563,2.4562,6.7562,21.2563,1.15,23.7125,1
11/5/2025 11:30,21.0875,0.5625,20.175,0.4825,9.88625,33175,6390,5.1375,2.4488,125.323,2554.051,21.2688,2.4488,6.7488,21.2688,1.15,23.7176,1
11/5/2025 11:35,21.0625,0.5625,20.1625,0.4825,9.88,33200,6380,5.1412,2.445,125.323,2554.255,21.3125,2.445,6.745,21.3125,1.15,23.7575,1
11/5/2025 11:40,21.075,0.5375,20.175,0.4575,9.89875,33225,6370,5.1563,2.4488,125.323,2554.46,21.3188,2.4488,6.7488,21.3188,1.15,23.7676,1
11/5/2025 11:45,21.0875,0.55,20.175,0.47,9.8925,33175,6355,5.1375,2.4488,125.323,2554.664,21.3375,2.4488,6.7488,21.3375,1.15,23.7863,1
11/5/2025 11:50,21.0625,0.575,20.1375,0.495,9.86125,33250,6355,5.1563,2.445,125.323,2554.868,21.375,2.445,6.745,21.375,1.15,23.82,1
11/5/2025 11:55,21.05,0.575,20.1625,0.495,9.87375,33300,6380,5.1375,2.4488,125.323,2555.073,21.4,2.4488,6.7488,21.4,1.15,23.8488,1
11/5/2025 12:00,21.0625,0.55,20.1625,0.47,9.88625,33300,6390,5.145,2.445,125.323,2555.277,21.4375,2.445,6.745,21.4375,1.15,23.8825,1
11/5/2025 12:05,21.075,0.5625,20.1375,0.4825,9.8675,33250,6365,5.1487,2.445,125.323,2555.481,21.4625,2.445,6.745,21.4625,1.15,23.9075,1
11/5/2025 12:10,21.0625,0.55,20.1375,0.47,9.87375,33300,6365,5.1375,2.445,125.323,2555.685,21.4875,2.445,6.745,21.4875,1.15,23.9325,1
11/5/2025 12:15,21.05,0.5375,20.1375,0.4575,9.88,33225,6365,5.13,2.4412,125.323,2555.889,21.5,2.4412,6.7412,21.5,1.15,23.9412,1
11/5/2025 12:20,21.05,0.575,20.1375,0.495,9.86125,33300,6380,5.13,2.445,125.323,2556.092,21.5313,2.445,6.745,21.5313,1.15,23.9763,1
11/5/2025 12:25,21.05,0.575,20.1375,0.495,9.86125,33225,6375,5.1412,2.4412,125.323,2556.296,21.5625,2.4412,6.7412,21.5625,1.15,24.0037,1
11/5/2025 12:30,21.05,0.55,20.1625,0.47,9.88625,33225,6365,5.1375,2.4412,125.323,2556.5,21.575,2.4412,6.7412,21.575,1.15,24.0162,1
11/5/2025 12:35,21.05,0.5625,20.1625,0.4825,9.88,33200,6375,5.145,2.445,125.323,2556.703,21.6125,2.445,6.745,21.6125,1.15,24.0575,1
11/5/2025 12:40,21.0375,0.6,20.1375,0.52,9.84875,33325,6405,5.1262,2.4412,125.323,2556.908,21.6375,2.4412,6.7412,21.6375,1.15,24.0787,1
11/5/2025 12:45,21.0375,0.5625,20.1375,0.4825,9.8675,33300,6375,5.13,2.4375,125.323,2557.11,21.65,2.4375,6.7375,21.65,1.15,24.0875,1
11/5/2025 12:50,21.0125,0.5625,20.125,0.4825,9.86125,33200,6375,5.1262,2.4412,125.323,2557.314,21.675,2.4412,6.7412,21.675,1.15,24.1162,1
11/5/2025 12:55,21.05,0.6,20.125,0.52,9.8425,33325,6425,5.13,2.4412,125.323,2557.517,21.7063,2.4412,6.7412,21.7063,1.15,24.1475,1
11/5/2025 13:00,21.0375,0.575,20.1375,0.495,9.86125,33350,6415,5.13,2.4375,125.323,2557.72,21.7313,2.4375,6.7375,21.7313,1.15,24.1688,1
11/5/2025 13:05,21,0.5625,20.125,0.4825,9.86125,33300,6420,5.1187,2.4263,125.323,2557.923,21.75,2.4263,6.7263,21.75,1.15,24.1763,1
11/5/2025 13:10,21,0.575,20.1,0.495,9.8425,33225,6430,5.1113,2.43,125.323,2558.126,21.7875,2.43,6.73,21.7875,1.15,24.2175,1
11/5/2025 13:15,21.0125,0.55,20.125,0.47,9.8675,33350,6430,5.1225,2.43,125.323,2558.329,21.8188,2.43,6.73,21.8188,1.15,24.2488,1
11/5/2025 13:20,21,0.55,20.125,0.47,9.8675,33300,6425,5.1375,2.43,125.323,2558.531,21.8375,2.43,6.73,21.8375,1.15,24.2675,1
11/5/2025 13:25,20.9875,0.55,20.1,0.47,9.855,33225,6405,5.1187,2.43,125.323,2558.734,21.8563,2.43,6.73,21.8563,1.15,24.2863,1
11/5/2025 13:30,21,0.55,20.125,0.47,9.8675,33325,6440,5.1187,2.4375,125.323,2558.936,21.8938,2.4375,6.7375,21.8938,1.15,24.3313,1
11/5/2025 13:35,21.0125,0.5625,20.125,0.4825,9.86125,33250,6440,5.1225,2.4263,125.323,2559.139,21.925,2.4263,6.7263,21.925,1.15,24.3513,1
11/5/2025 13:40,21,0.55,20.125,0.47,9.8675,33375,6440,5.13,2.4263,125.323,2559.342,21.9438,2.4263,6.7263,21.9438,1.15,24.3701,1
11/5/2025 13:45,20.9875,0.55,20.1125,0.47,9.86125,33250,6445,5.1225,2.4263,125.323,2559.545,21.9875,2.4263,6.7263,21.9875,1.15,24.4138,1
11/5/2025 13:50,20.9875,0.55,20.1125,0.47,9.86125,33300,6425,5.1187,2.4263,125.323,2559.748,22.0188,2.4263,6.7263,22.0188,1.15,24.4451,1
11/5/2025 13:55,20.975,0.575,20.1,0.495,9.8425,33350,6450,5.1187,2.4263,125.323,2559.95,22.05,2.4263,6.7263,22.05,1.15,24.4763,1
11/5/2025 14:00,20.9875,0.5625,20.1125,0.4825,9.855,33450,6445,5.1262,2.43,125.323,2560.152,22.0688,2.43,6.73,22.0688,1.15,24.4988,1
11/5/2025 14:05,20.975,0.5625,20.1125,0.4825,9.855,33375,6420,5.1262,2.4263,125.323,2560.355,22.1,2.4263,6.7263,22.1,1.15,24.5263,1
11/5/2025 14:10,20.9875,0.5625,20.1125,0.4825,9.855,33250,6425,5.13,2.4375,125.323,2560.557,22.125,2.4375,6.7375,22.125,1.15,24.5625,1
11/5/2025 14:15,20.9875,0.55,20.1125,0.47,9.86125,33325,6445,5.1187,2.4263,125.323,2560.761,22.1563,2.4263,6.7263,22.1563,1.15,24.5826,1
11/5/2025 14:20,20.9875,0.55,20.1125,0.47,9.86125,33425,6425,5.1262,2.43,125.323,2560.963,22.175,2.43,6.73,22.175,1.15,24.605,1
11/5/2025 14:25,3.25,0.4625,3.0625,0.3825,1.38,33250,685,0,0.8625,125.323,2561.149,22.1938,0.8625,5.1625,22.1938,1.15,23.0563,1
11/6/2025 8:22,21.2125,0.575,20.1625,0.495,9.87375,33525,6740,5.2763,2.5575,125.323,2562.672,19.525,2.5575,6.8575,19.525,1.15,22.0825,1
11/6/2025 8:27,21.2375,0.6,20.1625,0.52,9.86125,33425,6810,5.2237,2.505,125.323,2562.882,19.4688,2.505,6.805,19.4688,1.15,21.9738,1
11/6/2025 8:32,21.2125,0.6125,20.1875,0.5325,9.8675,33475,6775,5.1863,2.4937,125.323,2563.09,19.625,2.4937,6.7937,19.625,1.15,22.1187,1
11/6/2025 8:37,21.2,0.6125,20.175,0.5325,9.86125,33375,6730,5.1863,2.4863,125.323,2563.298,19.8063,2.4863,6.7863,19.8063,1.15,22.2926,1
11/6/2025 8:42,21.2,0.6,20.175,0.52,9.8675,33525,6685,5.1675,2.475,125.323,2563.504,19.8375,2.475,6.775,19.8375,1.15,22.3125,1
11/6/2025 8:47,21.175,0.6,20.175,0.52,9.8675,33525,6640,5.1487,2.46,125.323,2563.711,19.8688,2.46,6.76,19.8688,1.15,22.3288,1
11/6/2025 8:52,21.175,0.6,20.1875,0.52,9.87375,33425,6640,5.1563,2.4562,125.323,2563.915,19.8938,2.4562,6.7562,19.8938,1.15,22.35,1
11/6/2025 8:57,21.1875,0.575,20.1875,0.495,9.88625,33525,6585,5.1487,2.4562,125.323,2564.12,19.9125,2.4562,6.7562,19.9125,1.15,22.3687,1
11/6/2025 9:02,21.15,0.575,20.1875,0.495,9.88625,33425,6565,5.1412,2.445,125.323,2564.323,19.95,2.445,6.745,19.95,1.15,22.395,1
11/6/2025 9:07,21.15,0.625,20.175,0.545,9.855,33500,6585,5.145,2.445,125.323,2564.527,19.9688,2.445,6.745,19.9688,1.15,22.4138,1
11/6/2025 9:12,21.1375,0.575,20.175,0.495,9.88,33425,6580,5.13,2.43,125.323,2564.73,19.9688,2.43,6.73,19.9688,1.15,22.3988,1
11/6/2025 9:17,21.1375,0.575,20.1875,0.495,9.88625,33500,6525,5.1262,2.43,125.323,2564.933,20.0125,2.43,6.73,20.0125,1.15,22.4425,1
11/6/2025 9:22,21.125,0.5625,20.175,0.4825,9.88625,33500,6525,5.1225,2.4225,125.323,2565.136,20.0063,2.4225,6.7225,20.0063,1.15,22.4288,1
11/6/2025 9:27,21.1375,0.6125,20.1625,0.5325,9.855,33475,6525,5.1262,2.4225,125.323,2565.337,20.0313,2.4225,6.7225,20.0313,1.15,22.4538,1
11/6/2025 9:32,21.125,0.6,20.1375,0.52,9.84875,33525,6505,5.1187,2.4225,125.323,2565.539,20.0438,2.4225,6.7225,20.0438,1.15,22.4663,1
11/6/2025 9:37,21.15,0.6,20.1875,0.52,9.87375,33475,6480,5.1113,2.4187,125.323,2565.739,20.0563,2.4187,6.7187,20.0563,1.15,22.475,1
11/6/2025 9:42,21.1375,0.6,20.1875,0.52,9.87375,33350,6460,5.1075,2.4112,125.323,2565.941,20.1,2.4112,6.7112,20.1,1.15,22.5112,1
11/6/2025 9:47,21.125,0.575,20.175,0.495,9.88,33450,6475,5.1075,2.4075,125.323,2566.142,20.0938,2.4075,6.7075,20.0938,1.15,22.5013,1
11/6/2025 9:52,21.1125,0.575,20.1625,0.495,9.87375,33475,6440,5.0925,2.4038,125.323,2566.344,20.1125,2.4038,6.7038,20.1125,1.15,22.5163,1
11/6/2025 9:57,21.1125,0.5625,20.1375,0.4825,9.8675,33500,6455,5.1037,2.4075,125.323,2566.545,20.1313,2.4075,6.7075,20.1313,1.15,22.5388,1
11/6/2025 10:02,21.125,0.6,20.1875,0.52,9.87375,33425,6420,5.0888,2.4038,125.323,2566.745,20.1438,2.4038,6.7038,20.1438,1.15,22.5476,1
11/6/2025 10:07,21.125,0.575,20.1625,0.495,9.87375,33350,6405,5.1075,2.4075,125.323,2566.946,20.2688,2.4075,6.7075,20.2688,1.15,22.6763,1
11/6/2025 10:12,21.0875,0.6,20.1375,0.52,9.84875,33325,6425,5.1113,2.4187,125.323,2567.147,20.375,2.4187,6.7187,20.375,1.15,22.7937,1
11/6/2025 10:17,21.0875,0.5625,20.1375,0.4825,9.8675,33175,6430,5.1225,2.43,125.323,2567.349,20.4813,2.43,6.73,20.4813,1.15,22.9113,1
11/6/2025 10:22,21.0875,0.5625,20.1375,0.4825,9.8675,33300,6395,5.1225,2.4375,125.323,2567.552,20.625,2.4375,6.7375,20.625,1.15,23.0625,1
11/6/2025 10:27,21.1125,0.575,20.175,0.495,9.88,33125,6375,5.13,2.4412,125.323,2567.754,20.7063,2.4412,6.7412,20.7063,1.15,23.1475,1
11/6/2025 10:32,21.1125,0.575,20.125,0.495,9.855,33225,6405,5.1412,2.4375,125.323,2567.958,20.7313,2.4375,6.7375,20.7313,1.15,23.1688,1
11/6/2025 10:37,21.075,0.6,20.125,0.52,9.8425,33125,6395,5.1375,2.4412,125.323,2568.162,20.7875,2.4412,6.7412,20.7875,1.15,23.2287,1
11/6/2025 10:42,21.075,0.6,20.125,0.52,9.8425,33250,6380,5.1412,2.4412,125.323,2568.365,20.8438,2.4412,6.7412,20.8438,1.15,23.285,1
11/6/2025 10:47,21.075,0.5625,20.1125,0.4825,9.855,33125,6395,5.1412,2.445,125.323,2568.569,20.8625,2.445,6.745,20.8625,1.15,23.3075,1
11/6/2025 10:52,21.0625,0.575,20.125,0.495,9.855,33175,6395,5.13,2.4412,125.323,2568.772,20.8875,2.4412,6.7412,20.8875,1.15,23.3287,1
11/6/2025 10:57,21.0625,0.5625,20.125,0.4825,9.86125,33125,6375,5.1375,2.4375,125.323,2568.975,20.9125,2.4375,6.7375,20.9125,1.15,23.35,1
11/6/2025 11:02,21.0625,0.55,20.125,0.47,9.8675,33250,6400,5.1262,2.4375,125.323,2569.178,20.9375,2.4375,6.7375,20.9375,1.15,23.375,1
11/6/2025 11:07,21.05,0.5625,20.125,0.4825,9.86125,33125,6420,5.1375,2.43,125.323,2569.381,20.95,2.43,6.73,20.95,1.15,23.38,1
11/6/2025 11:12,21.0625,0.55,20.1125,0.47,9.86125,33250,6420,5.13,2.43,125.323,2569.584,21,2.43,6.73,21,1.15,23.43,1
11/6/2025 11:17,21.05,0.5625,20.1125,0.4825,9.855,33250,6375,5.1225,2.43,125.323,2569.787,21.0313,2.43,6.73,21.0313,1.15,23.4613,1
11/6/2025 11:22,21.05,0.55,20.1125,0.47,9.86125,33300,6395,5.1225,2.43,125.323,2569.99,21.0438,2.43,6.73,21.0438,1.15,23.4738,1
11/6/2025 11:27,21.0625,0.575,20.125,0.495,9.855,33175,6375,5.1225,2.4225,125.323,2570.192,21.075,2.4225,6.7225,21.075,1.15,23.4975,1
11/6/2025 11:32,21.05,0.575,20.125,0.495,9.855,33200,6400,5.1262,2.43,125.323,2570.395,21.1125,2.43,6.73,21.1125,1.15,23.5425,1
11/6/2025 11:37,21.0625,0.5625,20.125,0.4825,9.86125,33250,6370,5.1187,2.43,125.323,2570.597,21.1313,2.43,6.73,21.1313,1.15,23.5613,1
11/6/2025 11:42,21.05,0.55,20.125,0.47,9.8675,33200,6380,5.13,2.43,125.323,2570.8,21.1438,2.43,6.73,21.1438,1.15,23.5738,1
11/6/2025 11:47,21.0375,0.5625,20.125,0.4825,9.86125,33300,6375,5.1262,2.4263,125.323,2571.002,21.175,2.4263,6.7263,21.175,1.15,23.6013,1
11/6/2025 11:52,21.0625,0.5625,20.1375,0.4825,9.8675,33200,6380,5.1262,2.4263,125.323,2571.205,21.2,2.4263,6.7263,21.2,1.15,23.6263,1
11/6/2025 11:57,21.0625,0.55,20.1375,0.47,9.87375,33300,6370,5.1225,2.4263,125.323,2571.407,21.2375,2.4263,6.7263,21.2375,1.15,23.6638,1
11/6/2025 12:02,21.0375,0.5625,20.125,0.4825,9.86125,33200,6390,5.1113,2.4225,125.323,2571.609,21.2438,2.4225,6.7225,21.2438,1.15,23.6663,1
11/6/2025 12:07,21.0375,0.5625,20.125,0.4825,9.86125,33225,6375,5.1225,2.4225,125.323,2571.811,21.2875,2.4225,6.7225,21.2875,1.15,23.71,1
11/6/2025 12:12,21.05,0.5375,20.1375,0.4575,9.88,33250,6400,5.1225,2.4187,125.323,2572.013,21.3188,2.4187,6.7187,21.3188,1.15,23.7375,1
11/6/2025 12:17,21,0.5375,20.125,0.4575,9.87375,33300,6395,5.1825,2.4187,125.323,2572.215,21.325,2.4187,6.7187,21.325,1.15,23.7437,1
11/6/2025 12:22,21,0.5625,20.1125,0.4825,9.855,33350,6420,5.1113,2.4187,125.323,2572.417,21.375,2.4187,6.7187,21.375,1.15,23.7937,1
11/6/2025 12:27,21.0125,0.55,20.1125,0.47,9.86125,33225,6405,5.1075,2.4187,125.323,2572.619,21.3875,2.4187,6.7187,21.3875,1.15,23.8062,1
11/6/2025 12:32,21.0375,0.5375,20.125,0.4575,9.87375,33325,6400,5.1225,2.4263,125.323,2572.821,21.425,2.4263,6.7263,21.425,1.15,23.8513,1
11/6/2025 12:37,21.0125,0.575,20.1125,0.495,9.84875,33225,6400,5.1075,2.4187,125.323,2573.023,21.45,2.4187,6.7187,21.45,1.15,23.8687,1
11/6/2025 12:42,20.9875,0.5625,20.1125,0.4825,9.855,33375,6430,5.1037,2.4187,125.323,2573.225,21.4813,2.4187,6.7187,21.4813,1.15,23.9,1
11/6/2025 12:47,21,0.5375,20.1125,0.4575,9.8675,33350,6425,5.1113,2.4225,125.323,2573.427,21.5125,2.4225,6.7225,21.5125,1.15,23.935,1
11/6/2025 12:52,21,0.5375,20.1,0.4575,9.86125,33325,6425,5.0925,2.4225,125.323,2573.628,21.5313,2.4225,6.7225,21.5313,1.15,23.9538,1
11/6/2025 12:57,20.9875,0.5625,20.1125,0.4825,9.855,33325,6440,5.1075,2.4112,125.323,2573.83,21.5625,2.4112,6.7112,21.5625,1.15,23.9737,1
11/6/2025 13:02,21,0.5625,20.1,0.4825,9.84875,33375,6450,5.1075,2.4187,125.323,2574.031,21.5875,2.4187,6.7187,21.5875,1.15,24.0062,1
11/6/2025 13:07,21,0.55,20.1,0.47,9.855,33325,6420,5.1187,2.4187,125.323,2574.233,21.625,2.4187,6.7187,21.625,1.15,24.0437,1
11/6/2025 13:12,20.9875,0.5375,20.1,0.4575,9.86125,33425,6430,5.1075,2.4225,125.323,2574.435,21.65,2.4225,6.7225,21.65,1.15,24.0725,1
11/6/2025 13:17,21,0.5625,20.1,0.4825,9.84875,33425,6450,5.1075,2.4187,125.323,2574.636,21.675,2.4187,6.7187,21.675,1.15,24.0937,1
11/6/2025 13:22,21,0.5625,20.1125,0.4825,9.855,33450,6450,5.1113,2.4187,125.323,2574.838,21.7063,2.4187,6.7187,21.7063,1.15,24.125,1
11/6/2025 13:27,1.4,0.4625,1.275,0.3825,0.48625,33250,540,0,0.0037,125.323,2574.998,21.7625,0.0037,4.3037,21.7625,1.15,21.7662,1
11/7/2025 8:23,21.2125,0.5625,20.175,0.4825,9.88625,33575,6815,5.28,2.5725,125.323,2576.488,19.8063,2.5725,6.8725,19.8063,1.15,22.3788,1
11/7/2025 8:28,21.2,0.5625,20.175,0.4825,9.88625,33450,6860,5.2237,2.52,125.323,2576.7,19.7875,2.52,6.82,19.7875,1.15,22.3075,1
11/7/2025 8:33,21.2,0.5625,20.2,0.4825,9.89875,33600,6795,5.2012,2.4975,125.323,2576.908,19.9813,2.4975,6.7975,19.9813,1.15,22.4788,1
11/7/2025 8:38,21.2,0.6125,20.1875,0.5325,9.8675,33500,6765,5.1825,2.4863,125.323,2577.116,20.1188,2.4863,6.7863,20.1188,1.15,22.6051,1
11/7/2025 8:43,21.2375,0.6,20.1875,0.52,9.87375,33525,6755,5.1675,2.475,125.323,2577.323,20.0188,2.475,6.775,20.0188,1.15,22.4938,1
11/7/2025 8:48,21.2,0.6125,20.225,0.5325,9.88625,33425,6745,5.1637,2.4675,125.323,2577.529,20.125,2.4675,6.7675,20.125,1.15,22.5925,1
11/7/2025 8:53,21.2,0.6125,20.225,0.5325,9.88625,33575,6690,5.16,2.46,125.323,2577.734,20.1188,2.46,6.76,20.1188,1.15,22.5788,1
11/7/2025 8:58,21.2,0.6,20.2,0.52,9.88,33575,6640,5.1563,2.4562,125.323,2577.94,20.175,2.4562,6.7562,20.175,1.15,22.6312,1
11/7/2025 9:03,21.2,0.5625,20.2,0.4825,9.89875,33475,6650,5.1375,2.4488,125.323,2578.144,20.2125,2.4488,6.7488,20.2125,1.15,22.6613,1
11/7/2025 9:08,21.15,0.6,20.2,0.52,9.88,33450,6615,5.1412,2.445,125.323,2578.348,20.2313,2.445,6.745,20.2313,1.15,22.6763,1
11/7/2025 9:13,21.175,0.575,20.2,0.495,9.8925,33525,6600,5.1375,2.4375,125.323,2578.551,20.2625,2.4375,6.7375,20.2625,1.15,22.7,1
11/7/2025 9:18,21.175,0.6,20.1875,0.52,9.87375,33625,6600,5.13,2.43,125.323,2578.755,20.2438,2.43,6.73,20.2438,1.15,22.6738,1
11/7/2025 9:23,21.15,0.575,20.1875,0.495,9.88625,33500,6585,5.1412,2.43,125.323,2578.957,20.2875,2.43,6.73,20.2875,1.15,22.7175,1
11/7/2025 9:28,21.15,0.6,20.1875,0.52,9.87375,33525,6550,5.1262,2.4225,125.323,2579.161,20.2875,2.4225,6.7225,20.2875,1.15,22.71,1
11/7/2025 9:33,21.175,0.6,20.2,0.52,9.88,33450,6555,5.1262,2.43,125.323,2579.363,20.3188,2.43,6.73,20.3188,1.15,22.7488,1
11/7/2025 9:38,21.15,0.6,20.2,0.52,9.88,33525,6545,5.1187,2.4225,125.323,2579.565,20.3313,2.4225,6.7225,20.3313,1.15,22.7538,1
11/7/2025 9:43,21.15,0.575,20.1875,0.495,9.88625,33575,6535,5.1075,2.4225,125.323,2579.767,20.3313,2.4225,6.7225,20.3313,1.15,22.7538,1
11/7/2025 9:48,21.15,0.6,20.2,0.52,9.88,33575,6500,5.1113,2.4187,125.323,2579.968,20.35,2.4187,6.7187,20.35,1.15,22.7687,1
11/7/2025 9:53,21.175,0.5625,20.2,0.4825,9.89875,33500,6505,5.1075,2.4112,125.323,2580.17,20.3813,2.4112,6.7112,20.3813,1.15,22.7925,1
11/7/2025 9:58,21.15,0.5625,20.2,0.4825,9.89875,33600,6500,5.1113,2.4187,125.323,2580.371,20.375,2.4187,6.7187,20.375,1.15,22.7937,1
11/7/2025 10:03,21.15,0.5625,20.1875,0.4825,9.8925,33625,6480,5.1037,2.4112,125.323,2580.573,20.4,2.4112,6.7112,20.4,1.15,22.8112,1
11/7/2025 10:08,21.1375,0.5625,20.1875,0.4825,9.8925,33575,6500,5.1075,2.4075,125.323,2580.774,20.425,2.4075,6.7075,20.425,1.15,22.8325,1
11/7/2025 10:13,21.1375,0.5625,20.1875,0.4825,9.8925,33575,6460,5.0925,2.4075,125.323,2580.975,20.45,2.4075,6.7075,20.45,1.15,22.8575,1
11/7/2025 10:18,21.1375,0.5625,20.175,0.4825,9.88625,33525,6475,5.1037,2.4075,125.323,2581.175,20.5188,2.4075,6.7075,20.5188,1.15,22.9263,1
11/7/2025 10:23,21.125,0.575,20.1875,0.495,9.88625,33425,6450,5.1113,2.4225,125.323,2581.376,20.5938,2.4225,6.7225,20.5938,1.15,23.0163,1
11/7/2025 10:28,21.125,0.575,20.1625,0.495,9.87375,33350,6440,5.1262,2.4263,125.323,2581.578,20.725,2.4263,6.7263,20.725,1.15,23.1513,1
11/7/2025 10:33,21.1125,0.575,20.175,0.495,9.88,33250,6460,5.13,2.4412,125.323,2581.781,20.8813,2.4412,6.7412,20.8813,1.15,23.3225,1
11/7/2025 10:38,21.0875,0.5625,20.175,0.4825,9.88625,33350,6440,5.145,2.4375,125.323,2581.984,20.975,2.4375,6.7375,20.975,1.15,23.4125,1
11/7/2025 10:43,21.1125,0.575,20.1625,0.495,9.87375,33225,6445,5.1563,2.445,125.323,2582.188,21.05,2.445,6.745,21.05,1.15,23.495,1
11/7/2025 10:48,21.0875,0.575,20.125,0.495,9.855,33225,6445,5.1375,2.4375,125.323,2582.392,21.0813,2.4375,6.7375,21.0813,1.15,23.5188,1
11/7/2025 10:53,21.0625,0.575,20.1375,0.495,9.86125,33250,6460,5.1412,2.4412,125.323,2582.595,21.1438,2.4412,6.7412,21.1438,1.15,23.585,1
11/7/2025 10:58,21.0625,0.5625,20.1375,0.4825,9.8675,33225,6445,5.1225,2.4412,125.323,2582.798,21.1438,2.4412,6.7412,21.1438,1.15,23.585,1
11/7/2025 11:03,21.075,0.5375,20.125,0.4575,9.87375,33325,6460,5.1375,2.4412,125.323,2583.003,21.1875,2.4412,6.7412,21.1875,1.15,23.6287,1
11/7/2025 11:08,21.075,0.55,20.125,0.47,9.8675,33325,6420,5.13,2.445,125.323,2583.206,21.225,2.445,6.745,21.225,1.15,23.67,1
11/7/2025 11:13,21.0625,0.5625,20.1125,0.4825,9.855,33225,6440,5.1375,2.4375,125.323,2583.41,21.2438,2.4375,6.7375,21.2438,1.15,23.6813,1
11/7/2025 11:18,21.075,0.6,20.125,0.52,9.8425,33250,6450,5.1262,2.43,125.323,2583.613,21.2438,2.43,6.73,21.2438,1.15,23.6738,1
11/7/2025 11:23,21.0625,0.575,20.125,0.495,9.855,33300,6430,5.1262,2.4375,125.323,2583.816,21.275,2.4375,6.7375,21.275,1.15,23.7125,1
11/7/2025 11:28,21.05,0.55,20.1,0.47,9.855,33350,6425,5.13,2.4412,125.323,2584.018,21.3,2.4412,6.7412,21.3,1.15,23.7412,1
11/7/2025 11:33,21.0625,0.55,20.1125,0.47,9.86125,33300,6440,5.1113,2.43,125.323,2584.221,21.2813,2.43,6.73,21.2813,1.15,23.7113,1
11/7/2025 11:38,21.0875,0.575,20.125,0.495,9.855,33300,6450,5.1187,2.4225,125.323,2584.425,21.2625,2.4225,6.7225,21.2625,1.15,23.685,1
11/7/2025 11:43,21.075,0.55,20.125,0.47,9.8675,33250,6425,5.1187,2.4263,125.323,2584.627,21.3125,2.4263,6.7263,21.3125,1.15,23.7388,1
11/7/2025 11:48,21.075,0.55,20.1375,0.47,9.87375,33375,6420,5.1187,2.43,125.323,2584.83,21.3563,2.43,6.73,21.3563,1.15,23.7863,1
11/7/2025 11:53,21.0625,0.55,20.125,0.47,9.8675,33425,6460,5.1187,2.4263,125.323,2585.032,21.4063,2.4263,6.7263,21.4063,1.15,23.8326,1
11/7/2025 11:58,21.0625,0.5375,20.125,0.4575,9.87375,33300,6420,5.1225,2.43,125.323,2585.235,21.4375,2.43,6.73,21.4375,1.15,23.8675,1
11/7/2025 12:03,21.0625,0.55,20.125,0.47,9.8675,33325,6425,5.13,2.4263,125.323,2585.436,21.4688,2.4263,6.7263,21.4688,1.15,23.8951,1
11/7/2025 12:08,21.0625,0.575,20.1125,0.495,9.84875,33250,6440,5.1187,2.4225,125.323,2585.64,21.4875,2.4225,6.7225,21.4875,1.15,23.91,1
11/7/2025 12:13,21.05,0.5625,20.125,0.4825,9.86125,33250,6440,5.1113,2.4225,125.323,2585.842,21.5063,2.4225,6.7225,21.5063,1.15,23.9288,1
11/7/2025 12:18,21.05,0.575,20.1125,0.495,9.84875,33350,6450,5.1075,2.4225,125.323,2586.044,21.5563,2.4225,6.7225,21.5563,1.15,23.9788,1
11/7/2025 12:23,21.05,0.5625,20.125,0.4825,9.86125,33325,6425,5.1113,2.43,125.323,2586.246,21.5625,2.43,6.73,21.5625,1.15,23.9925,1
11/7/2025 12:28,21.0125,0.5375,20.1,0.4575,9.86125,33300,6440,5.1262,2.4225,125.323,2586.449,21.5875,2.4225,6.7225,21.5875,1.15,24.01,1
11/7/2025 12:33,21.0375,0.5375,20.1,0.4575,9.86125,33300,6455,5.1113,2.4263,125.323,2586.651,21.625,2.4263,6.7263,21.625,1.15,24.0513,1
11/7/2025 12:38,21.0375,0.5375,20.1,0.4575,9.86125,33450,6420,5.1113,2.4225,125.323,2586.852,21.6438,2.4225,6.7225,21.6438,1.15,24.0663,1
11/7/2025 12:43,21.0375,0.5625,20.1,0.4825,9.84875,33425,6440,5.1225,2.4263,125.323,2587.055,21.6625,2.4263,6.7263,21.6625,1.15,24.0888,1
11/7/2025 12:48,21.0375,0.5375,20.125,0.4575,9.87375,33325,6495,5.1075,2.4225,125.323,2587.256,21.7,2.4225,6.7225,21.7,1.15,24.1225,1
11/7/2025 12:53,21.0125,0.5625,20.1,0.4825,9.84875,33350,6470,5.1113,2.4263,125.323,2587.458,21.725,2.4263,6.7263,21.725,1.15,24.1513,1
11/7/2025 12:58,21,0.5625,20.075,0.4825,9.83625,33475,6455,5.1075,2.4225,125.323,2587.66,21.7563,2.4225,6.7225,21.7563,1.15,24.1788,1
11/7/2025 13:03,21,0.55,20.075,0.47,9.8425,33350,6480,5.1113,2.4225,125.323,2587.861,21.7875,2.4225,6.7225,21.7875,1.15,24.21,1
11/7/2025 13:08,21,0.55,20.075,0.47,9.8425,33375,6475,5.1037,2.4187,125.323,2588.063,21.8063,2.4187,6.7187,21.8063,1.15,24.225,1
11/7/2025 13:13,21,0.5625,20.075,0.4825,9.83625,33350,6495,5.1037,2.4112,125.323,2588.264,21.8563,2.4112,6.7112,21.8563,1.15,24.2675,1
11/7/2025 13:18,21,0.5625,20.1,0.4825,9.84875,33375,6455,5.1037,2.4187,125.323,2588.466,21.85,2.4187,6.7187,21.85,1.15,24.2687,1
11/7/2025 13:23,21,0.55,20.1,0.47,9.855,33425,6470,5.1113,2.4075,125.323,2588.667,21.8938,2.4075,6.7075,21.8938,1.15,24.3013,1
11/7/2025 13:28,21,0.55,20.0625,0.47,9.83625,33450,6470,5.1113,2.4112,125.323,2588.869,21.9125,2.4112,6.7112,21.9125,1.15,24.3237,1
11/7/2025 13:33,20.9875,0.5375,20.1,0.4575,9.86125,33500,6495,5.0925,2.4112,125.323,2589.07,21.95,2.4112,6.7112,21.95,1.15,24.3612,1
11/7/2025 13:38,20.9875,0.55,20.0625,0.47,9.83625,33450,6475,5.1037,2.4112,125.323,2589.271,21.9625,2.4112,6.7112,21.9625,1.15,24.3737,1
11/7/2025 13:43,20.975,0.55,20.075,0.47,9.8425,33350,6510,5.1075,2.4187,125.323,2589.472,22.0063,2.4187,6.7187,22.0063,1.15,24.425,1
11/7/2025 13:48,20.9875,0.5375,20.075,0.4575,9.84875,33475,6485,5.1,2.4075,125.323,2589.673,22.0313,2.4075,6.7075,22.0313,1.15,24.4388,1
11/7/2025 13:53,20.9875,0.55,20.075,0.47,9.8425,33425,6500,5.1,2.4112,125.323,2589.875,22.0625,2.4112,6.7112,22.0625,1.15,24.4737,1
11/7/2025 13:58,0.3,0.4625,0.2125,0.3825,-0.045,33375,360,0,0.0037,125.323,2589.985,22.1563,0.0037,4.3037,22.1563,1.15,22.16,1
11/10/2025 8:08,21.25,0.6,20.1625,0.52,9.86125,33750,6430,5.13,2.4375,125.323,2591.363,16.9125,2.4375,6.7375,16.9125,1.15,19.35,1
11/10/2025 8:13,21.25,0.625,20.1875,0.545,9.86125,33700,6545,5.0587,2.3775,125.323,2591.563,16.8938,2.3775,6.6775,16.8938,1.15,19.2713,1
11/10/2025 8:18,21.25,0.6375,20.1875,0.5575,9.855,33625,6460,5.0137,2.3588,125.323,2591.761,16.9,2.3588,6.6588,16.9,1.15,19.2588,1
11/10/2025 8:23,21.25,0.6125,20.1875,0.5325,9.8675,33825,6405,5.01,2.34,125.323,2591.957,16.9563,2.34,6.64,16.9563,1.15,19.2963,1
11/10/2025 8:28,21.25,0.6375,20.2,0.5575,9.86125,33725,6355,4.995,2.3325,125.323,2592.152,16.9688,2.3325,6.6325,16.9688,1.15,19.3013,1
11/10/2025 8:33,21.2375,0.625,20.175,0.545,9.855,33600,6345,4.9875,2.325,125.323,2592.347,17.0125,2.325,6.625,17.0125,1.15,19.3375,1
11/10/2025 8:38,21.2375,0.6375,20.1875,0.5575,9.855,33625,6315,4.9688,2.3213,125.323,2592.541,17.0188,2.3213,6.6213,17.0188,1.15,19.3401,1
11/10/2025 8:43,21.2375,0.6375,20.1875,0.5575,9.855,33750,6310,4.9837,2.31,125.323,2592.734,17.0625,2.31,6.61,17.0625,1.15,19.3725,1
11/10/2025 8:48,21.2,0.6125,20.1625,0.5325,9.855,33625,6290,4.9688,2.3062,125.323,2592.926,17.075,2.3062,6.6062,17.075,1.15,19.3812,1
11/10/2025 8:53,21.2125,0.6125,20.1625,0.5325,9.855,33600,6250,4.9537,2.3062,125.323,2593.118,17.125,2.3062,6.6062,17.125,1.15,19.4312,1
11/10/2025 8:58,21.2125,0.625,20.175,0.545,9.855,33600,6240,4.9537,2.2988,125.323,2593.31,17.1438,2.2988,6.5988,17.1438,1.15,19.4426,1
11/10/2025 9:03,21.2,0.6125,20.175,0.5325,9.86125,33600,6210,4.965,2.3025,125.323,2593.503,17.15,2.3025,6.6025,17.15,1.15,19.4525,1
11/10/2025 9:08,21.1875,0.6,20.175,0.52,9.8675,33725,6210,4.9463,2.2912,125.323,2593.695,17.1687,2.2912,6.5912,17.1687,1.15,19.4599,1
11/10/2025 9:13,21.175,0.6,20.175,0.52,9.8675,33625,6225,4.9537,2.2875,125.323,2593.886,17.1938,2.2875,6.5875,17.1938,1.15,19.4813,1
11/10/2025 9:18,21.1875,0.6125,20.1625,0.5325,9.855,33625,6210,4.9463,2.2875,125.323,2594.077,17.2,2.2875,6.5875,17.2,1.15,19.4875,1
11/10/2025 9:23,21.1875,0.6125,20.1375,0.5325,9.8425,33725,6205,4.9425,2.2837,125.323,2594.267,17.2312,2.2837,6.5837,17.2312,1.15,19.5149,1
11/10/2025 9:28,21.1875,0.6125,20.1375,0.5325,9.8425,33600,6195,4.935,2.2837,125.323,2594.457,17.225,2.2837,6.5837,17.225,1.15,19.5087,1
11/10/2025 9:33,21.2,0.6125,20.1625,0.5325,9.855,33700,6165,4.9275,2.2875,125.323,2594.648,17.3188,2.2875,6.5875,17.3188,1.15,19.6063,1
11/10/2025 9:38,21.2,0.6125,20.175,0.5325,9.86125,33775,6170,4.9312,2.2837,125.323,2594.839,17.3125,2.2837,6.5837,17.3125,1.15,19.5962,1
11/10/2025 9:43,21.1875,0.6375,20.1625,0.5575,9.8425,33700,6155,4.9312,2.28,125.323,2595.029,17.3188,2.28,6.58,17.3188,1.15,19.5988,1
11/10/2025 9:48,21.1875,0.6125,20.175,0.5325,9.86125,33625,6145,4.9275,2.2725,125.323,2595.219,17.35,2.2725,6.5725,17.35,1.15,19.6225,1
11/10/2025 9:53,21.1875,0.625,20.1625,0.545,9.84875,33700,6130,4.9125,2.28,125.323,2595.408,17.3625,2.28,6.58,17.3625,1.15,19.6425,1
11/10/2025 9:58,21.175,0.6,20.1625,0.52,9.86125,33625,6130,4.9275,2.2687,125.323,2595.597,17.3625,2.2687,6.5687,17.3625,1.15,19.6312,1
11/10/2025 10:03,21.2,0.625,20.1875,0.545,9.86125,33650,6120,4.9125,2.2687,125.323,2595.787,17.375,2.2687,6.5687,17.375,1.15,19.6437,1
11/10/2025 10:08,21.175,0.625,20.1625,0.545,9.84875,33750,6135,4.9312,2.2687,125.323,2595.976,17.3938,2.2687,6.5687,17.3938,1.15,19.6625,1
11/10/2025 10:13,21.175,0.625,20.1625,0.545,9.84875,33700,6115,4.9125,2.2725,125.323,2596.166,17.4125,2.2725,6.5725,17.4125,1.15,19.685,1
11/10/2025 10:18,21.175,0.6125,20.1625,0.5325,9.855,33700,6140,4.9087,2.2537,125.323,2596.355,17.425,2.2537,6.5537,17.425,1.15,19.6787,1
11/10/2025 10:23,21.15,0.625,20.1625,0.545,9.84875,33775,6140,4.9238,2.265,125.323,2596.543,17.4375,2.265,6.565,17.4375,1.15,19.7025,1
11/10/2025 10:28,21.175,0.625,20.1625,0.545,9.84875,33625,6085,4.9275,2.25,125.323,2596.732,17.4688,2.25,6.55,17.4688,1.15,19.7188,1
11/10/2025 10:33,21.175,0.625,20.175,0.545,9.855,33700,6085,4.9238,2.2537,125.323,2596.919,17.475,2.2537,6.5537,17.475,1.15,19.7287,1
11/10/2025 10:38,21.15,0.6,20.1375,0.52,9.84875,33625,6085,4.9087,2.2537,125.323,2597.107,17.5688,2.2537,6.5537,17.5688,1.15,19.8225,1
11/10/2025 10:43,21.125,0.6,20.1375,0.52,9.84875,33475,6080,4.9463,2.2875,125.323,2597.298,17.8813,2.2875,6.5875,17.8813,1.15,20.1688,1
11/10/2025 10:48,21.1125,0.6,20.125,0.52,9.8425,33425,6075,4.9725,2.31,125.323,2597.489,18.2,2.31,6.61,18.2,1.15,20.51,1
11/10/2025 10:53,21.0875,0.6125,20.1125,0.5325,9.83,33225,6075,4.9875,2.3325,125.323,2597.683,18.4,2.3325,6.6325,18.4,1.15,20.7325,1
11/10/2025 10:58,21.0875,0.6,20.1125,0.52,9.83625,33100,6085,4.995,2.3438,125.323,2597.878,18.5875,2.3438,6.6438,18.5875,1.15,20.9313,1
11/10/2025 11:03,21.0875,0.6,20.1125,0.52,9.83625,33225,6100,5.0025,2.3475,125.323,2598.074,18.7125,2.3475,6.6475,18.7125,1.15,21.06,1
11/10/2025 11:08,21.0875,0.6125,20.1125,0.5325,9.83,33225,6120,5.0062,2.3438,125.323,2598.269,18.6813,2.3438,6.6438,18.6813,1.15,21.0251,1
11/10/2025 11:13,21.0875,0.6125,20.1125,0.5325,9.83,33125,6140,5.0137,2.3438,125.323,2598.466,18.7937,2.3438,6.6438,18.7937,1.15,21.1375,1
11/10/2025 11:18,21.0625,0.6125,20.1,0.5325,9.82375,33225,6135,5.0062,2.3475,125.323,2598.662,18.8625,2.3475,6.6475,18.8625,1.15,21.21,1
11/10/2025 11:23,21.075,0.6,20.1,0.52,9.83,33125,6160,5.01,2.3512,125.323,2598.858,18.8875,2.3512,6.6512,18.8875,1.15,21.2387,1
11/10/2025 11:28,21.075,0.625,20.1,0.545,9.8175,33225,6160,4.995,2.3512,125.323,2599.054,18.9313,2.3512,6.6512,18.9313,1.15,21.2825,1
11/10/2025 11:33,21.075,0.625,20.1125,0.545,9.82375,33125,6135,5.01,2.3475,125.323,2599.25,19.0063,2.3475,6.6475,19.0063,1.15,21.3538,1
11/10/2025 11:38,21.0875,0.6375,20.1125,0.5575,9.8175,33250,6135,5.0025,2.3475,125.323,2599.446,19.0437,2.3475,6.6475,19.0437,1.15,21.3912,1
11/10/2025 11:43,21.075,0.6125,20.1125,0.5325,9.83,33225,6155,5.01,2.3512,125.323,2599.641,19.1,2.3512,6.6512,19.1,1.15,21.4512,1
11/10/2025 11:48,21.075,0.6,20.1,0.52,9.83,33250,6160,5.0025,2.3475,125.323,2599.838,19.125,2.3475,6.6475,19.125,1.15,21.4725,1
11/10/2025 11:53,21.075,0.625,20.1,0.545,9.8175,33300,6190,5.01,2.3475,125.323,2600.034,19.1875,2.3475,6.6475,19.1875,1.15,21.535,1
11/10/2025 11:58,21.075,0.6125,20.1,0.5325,9.82375,33300,6170,4.995,2.3475,125.323,2600.23,19.2438,2.3475,6.6475,19.2438,1.15,21.5913,1
11/10/2025 12:03,21.075,0.6125,20.125,0.5325,9.83625,33225,6165,5.0062,2.3475,125.323,2600.426,19.2688,2.3475,6.6475,19.2688,1.15,21.6163,1
11/10/2025 12:08,21.075,0.575,20.1,0.495,9.8425,33300,6180,5.0137,2.3438,125.323,2600.622,19.3438,2.3438,6.6438,19.3438,1.15,21.6876,1
11/10/2025 12:13,21.0625,0.6,20.1,0.52,9.83,33225,6205,5.0025,2.3512,125.323,2600.818,19.375,2.3512,6.6512,19.375,1.15,21.7262,1
11/10/2025 12:18,21.0625,0.6125,20.075,0.5325,9.81125,33300,6195,4.995,2.3475,125.323,2601.013,19.4438,2.3475,6.6475,19.4438,1.15,21.7913,1
11/10/2025 12:23,21.075,0.575,20.1,0.495,9.8425,33350,6225,4.9913,2.3438,125.323,2601.21,19.475,2.3438,6.6438,19.475,1.15,21.8188,1
11/10/2025 12:28,21.075,0.575,20.1125,0.495,9.84875,33250,6240,4.9913,2.3475,125.323,2601.405,19.5,2.3475,6.6475,19.5,1.15,21.8475,1
11/10/2025 12:33,21.0625,0.6125,20.1,0.5325,9.82375,33300,6215,5.0062,2.3475,125.323,2601.601,19.5375,2.3475,6.6475,19.5375,1.15,21.885,1
11/10/2025 12:38,21.075,0.6125,20.1125,0.5325,9.83,33300,6215,4.9913,2.3475,125.323,2601.797,19.5938,2.3475,6.6475,19.5938,1.15,21.9413,1
11/10/2025 12:43,21.0625,0.6,20.1125,0.52,9.83625,33350,6220,4.995,2.3438,125.323,2601.992,19.625,2.3438,6.6438,19.625,1.15,21.9688,1
11/10/2025 12:48,21.05,0.6125,20.1,0.5325,9.82375,33350,6215,4.9837,2.3325,125.323,2602.188,19.675,2.3325,6.6325,19.675,1.15,22.0075,1
11/10/2025 12:53,21.05,0.575,20.0625,0.495,9.82375,33350,6250,5.01,2.3475,125.323,2602.384,19.7313,2.3475,6.6475,19.7313,1.15,22.0788,1
11/10/2025 12:58,21.0375,0.6125,20.0625,0.5325,9.805,33450,6265,4.9875,2.3438,125.323,2602.579,19.775,2.3438,6.6438,19.775,1.15,22.1188,1
11/10/2025 13:03,21.05,0.6125,20.0625,0.5325,9.805,33300,6260,5.0025,2.34,125.323,2602.774,19.8313,2.34,6.64,19.8313,1.15,22.1713,1
11/10/2025 13:08,0.1125,0.55,0.025,0.47,-0.1825,33325,350,0,0,125.323,2602.849,19.9188,0,4.3,19.9188,1.15,19.9188,1
11/11/2025 8:09,21.2625,0.6125,20.1625,0.5325,9.855,33600,6535,5.19,2.4863,125.323,2604.078,17.775,2.4863,6.7863,17.775,1.15,20.2613,1
11/11/2025 8:14,21.275,0.6125,20.2,0.5325,9.87375,33500,6615,5.1113,2.4263,125.323,2604.283,17.7438,2.4263,6.7263,17.7438,1.15,20.1701,1
11/11/2025 8:19,21.275,0.6375,20.2,0.5575,9.86125,33575,6560,5.085,2.4,125.323,2604.484,17.8,2.4,6.7,17.8,1.15,20.2,1
11/11/2025 8:24,21.2625,0.625,20.2,0.545,9.8675,33625,6510,5.0625,2.385,125.323,2604.684,17.875,2.385,6.685,17.875,1.15,20.26,1
11/11/2025 8:29,21.25,0.625,20.1875,0.545,9.86125,33600,6485,5.0475,2.37,125.323,2604.882,17.9063,2.37,6.67,17.9063,1.15,20.2763,1
11/11/2025 8:34,21.2625,0.6375,20.175,0.5575,9.84875,33500,6450,5.0438,2.37,125.323,2605.08,17.975,2.37,6.67,17.975,1.15,20.345,1
11/11/2025 8:39,21.2625,0.6375,20.2,0.5575,9.86125,33650,6420,5.0325,2.3663,125.323,2605.278,18.0375,2.3663,6.6663,18.0375,1.15,20.4038,1
11/11/2025 8:44,21.25,0.6375,20.2,0.5575,9.86125,33600,6430,5.0287,2.3625,125.323,2605.475,18.1,2.3625,6.6625,18.1,1.15,20.4625,1
11/11/2025 8:49,21.2375,0.6375,20.2,0.5575,9.86125,33525,6390,5.0287,2.3588,125.323,2605.672,18.15,2.3588,6.6588,18.15,1.15,20.5088,1
11/11/2025 8:54,21.25,0.6125,20.225,0.5325,9.88625,33500,6370,5.025,2.3512,125.323,2605.868,18.175,2.3512,6.6512,18.175,1.15,20.5262,1
11/11/2025 8:59,21.2375,0.6375,20.225,0.5575,9.87375,33625,6370,5.0213,2.3475,125.323,2606.064,18.2063,2.3475,6.6475,18.2063,1.15,20.5538,1
11/11/2025 9:04,21.2125,0.6,20.225,0.52,9.8925,33525,6370,5.01,2.3475,125.323,2606.26,18.2563,2.3475,6.6475,18.2563,1.15,20.6038,1
11/11/2025 9:09,21.2125,0.6125,20.2,0.5325,9.87375,33600,6340,5.0137,2.34,125.323,2606.456,18.2875,2.34,6.64,18.2875,1.15,20.6275,1
11/11/2025 9:14,21.2125,0.625,20.1875,0.545,9.86125,33500,6345,5.0137,2.34,125.323,2606.652,18.325,2.34,6.64,18.325,1.15,20.665,1
11/11/2025 9:19,21.2125,0.6125,20.2,0.5325,9.87375,33500,6370,5.0137,2.34,125.323,2606.847,18.3625,2.34,6.64,18.3625,1.15,20.7025,1
11/11/2025 9:24,21.2125,0.6,20.1875,0.52,9.87375,33600,6370,5.0137,2.34,125.323,2607.042,18.3938,2.34,6.64,18.3938,1.15,20.7338,1
11/11/2025 9:29,21.2125,0.6125,20.2375,0.5325,9.8925,33600,6320,5.0062,2.3438,125.323,2607.238,18.3562,2.3438,6.6438,18.3562,1.15,20.7,1
11/11/2025 9:34,21.2125,0.6125,20.1875,0.5325,9.8675,33625,6320,5.01,2.3325,125.323,2607.432,18.4063,2.3325,6.6325,18.4063,1.15,20.7388,1
11/11/2025 9:39,21.2125,0.625,20.2,0.545,9.8675,33500,6340,4.9875,2.34,125.323,2607.627,18.5813,2.34,6.64,18.5813,1.15,20.9213,1
11/11/2025 9:44,21.2125,0.6125,20.2,0.5325,9.87375,33625,6370,5.01,2.3438,125.323,2607.823,18.6813,2.3438,6.6438,18.6813,1.15,21.0251,1
11/11/2025 9:49,21.2125,0.6625,20.2,0.5825,9.84875,33500,6325,5.0062,2.34,125.323,2608.018,18.7563,2.34,6.64,18.7563,1.15,21.0963,1
11/11/2025 9:54,21.2,0.6125,20.2,0.5325,9.87375,33625,6345,5.0025,2.3475,125.323,2608.214,18.7813,2.3475,6.6475,18.7813,1.15,21.1288,1
11/11/2025 9:59,21.2,0.6,20.1875,0.52,9.87375,33475,6325,5.0062,2.34,125.323,2608.409,18.7937,2.34,6.64,18.7937,1.15,21.1337,1
11/11/2025 10:04,21.1875,0.6,20.1875,0.52,9.87375,33500,6310,5.0137,2.3438,125.323,2608.605,18.8125,2.3438,6.6438,18.8125,1.15,21.1563,1
11/11/2025 10:09,21.1875,0.625,20.225,0.545,9.88,33525,6315,4.995,2.34,125.323,2608.8,18.8188,2.34,6.64,18.8188,1.15,21.1588,1
11/11/2025 10:14,21.1875,0.6,20.2,0.52,9.88,33600,6285,4.995,2.3325,125.323,2608.996,18.8375,2.3325,6.6325,18.8375,1.15,21.17,1
11/11/2025 10:19,21.175,0.6,20.175,0.52,9.8675,33575,6300,5.0025,2.3325,125.323,2609.19,18.875,2.3325,6.6325,18.875,1.15,21.2075,1
11/11/2025 10:24,21.15,0.6125,20.1875,0.5325,9.8675,33625,6285,4.9913,2.3287,125.323,2609.385,18.8813,2.3287,6.6287,18.8813,1.15,21.21,1
11/11/2025 10:29,21.175,0.625,20.2,0.545,9.8675,33500,6290,4.9837,2.3325,125.323,2609.579,18.8813,2.3325,6.6325,18.8813,1.15,21.2138,1
11/11/2025 10:34,21.175,0.625,20.2,0.545,9.8675,33625,6285,4.9837,2.3325,125.323,2609.774,18.9063,2.3325,6.6325,18.9063,1.15,21.2388,1
11/11/2025 10:39,21.15,0.6125,20.2,0.5325,9.87375,33575,6290,5.0025,2.325,125.323,2609.968,18.9187,2.325,6.625,18.9187,1.15,21.2437,1
11/11/2025 10:44,21.15,0.6125,20.1875,0.5325,9.8675,33500,6270,4.995,2.3287,125.323,2610.163,18.9438,2.3287,6.6287,18.9438,1.15,21.2725,1
11/11/2025 10:49,21.15,0.6375,20.1875,0.5575,9.855,33600,6290,4.9913,2.3287,125.323,2610.357,18.9625,2.3287,6.6287,18.9625,1.15,21.2912,1
11/11/2025 10:54,21.15,0.6125,20.1875,0.5325,9.8675,33600,6250,4.9875,2.3287,125.323,2610.551,19.0063,2.3287,6.6287,19.0063,1.15,21.335,1
11/11/2025 10:59,21.125,0.625,20.1625,0.545,9.84875,33425,6250,4.9913,2.34,125.323,2610.746,19.125,2.34,6.64,19.125,1.15,21.465,1
11/11/2025 11:04,21.1375,0.6125,20.175,0.5325,9.86125,33425,6235,5.0213,2.3625,125.323,2610.942,19.3313,2.3625,6.6625,19.3313,1.15,21.6938,1
11/11/2025 11:09,21.125,0.6625,20.1625,0.5825,9.83,33225,6210,5.04,2.3813,125.323,2611.14,19.5,2.3813,6.6813,19.5,1.15,21.8813,1
11/11/2025 11:14,21.125,0.625,20.1625,0.545,9.84875,33175,6215,5.0587,2.4,125.323,2611.339,19.6313,2.4,6.7,19.6313,1.15,22.0313,1
11/11/2025 11:19,21.125,0.575,20.1625,0.495,9.87375,33100,6190,5.0587,2.4038,125.323,2611.54,19.7,2.4038,6.7038,19.7,1.15,22.1038,1
11/11/2025 11:24,21.1125,0.575,20.1625,0.495,9.87375,33125,6210,5.07,2.4038,125.323,2611.739,19.7563,2.4038,6.7038,19.7563,1.15,22.1601,1
11/11/2025 11:29,21.0875,0.575,20.125,0.495,9.855,33050,6220,5.07,2.4038,125.323,2611.94,19.8,2.4038,6.7038,19.8,1.15,22.2038,1
11/11/2025 11:34,21.0875,0.5625,20.1375,0.4825,9.8675,33200,6220,5.0587,2.4038,125.323,2612.14,19.7938,2.4038,6.7038,19.7938,1.15,22.1976,1
11/11/2025 11:39,21.1125,0.575,20.125,0.495,9.855,33125,6235,5.0587,2.3962,125.323,2612.34,19.8313,2.3962,6.6962,19.8313,1.15,22.2275,1
11/11/2025 11:44,21.0875,0.5625,20.1375,0.4825,9.8675,33050,6210,5.0625,2.4,125.323,2612.54,19.8688,2.4,6.7,19.8688,1.15,22.2688,1
11/11/2025 11:49,21.1125,0.575,20.1375,0.495,9.86125,33100,6235,5.0737,2.3887,125.323,2612.74,19.8875,2.3887,6.6887,19.8875,1.15,22.2762,1
11/11/2025 11:54,21.075,0.575,20.125,0.495,9.855,33200,6235,5.04,2.4,125.323,2612.939,19.9188,2.4,6.7,19.9188,1.15,22.3188,1
11/11/2025 11:59,21.075,0.5625,20.125,0.4825,9.86125,33175,6210,5.0512,2.3887,125.323,2613.139,19.9563,2.3887,6.6887,19.9563,1.15,22.345,1
11/11/2025 12:04,21.075,0.575,20.125,0.495,9.855,33225,6215,5.0475,2.3962,125.323,2613.339,19.9688,2.3962,6.6962,19.9688,1.15,22.365,1
11/11/2025 12:09,21.075,0.5625,20.1125,0.4825,9.855,33225,6225,5.0438,2.3962,125.323,2613.539,19.9938,2.3962,6.6962,19.9938,1.15,22.39,1
11/11/2025 12:14,21.0625,0.55,20.1125,0.47,9.86125,33200,6235,5.0512,2.3887,125.323,2613.738,20.05,2.3887,6.6887,20.05,1.15,22.4387,1
11/11/2025 12:19,21.075,0.55,20.1125,0.47,9.86125,33100,6245,5.0587,2.385,125.323,2613.937,20.0688,2.385,6.685,20.0688,1.15,22.4538,1
11/11/2025 12:24,21.075,0.575,20.1125,0.495,9.84875,33300,6220,5.0475,2.385,125.323,2614.136,20.0875,2.385,6.685,20.0875,1.15,22.4725,1
11/11/2025 12:29,21.075,0.5625,20.1125,0.4825,9.855,33200,6240,5.0438,2.3887,125.323,2614.335,20.1375,2.3887,6.6887,20.1375,1.15,22.5262,1
11/11/2025 12:34,21.075,0.5625,20.125,0.4825,9.86125,33225,6245,5.04,2.385,125.323,2614.534,20.1813,2.385,6.685,20.1813,1.15,22.5663,1
11/11/2025 12:39,21.0625,0.575,20.1125,0.495,9.84875,33225,6240,5.04,2.3775,125.323,2614.733,20.1938,2.3775,6.6775,20.1938,1.15,22.5713,1
11/11/2025 12:44,21.05,0.5625,20.125,0.4825,9.86125,33250,6275,5.0475,2.385,125.323,2614.932,20.1938,2.385,6.685,20.1938,1.15,22.5788,1
11/11/2025 12:49,21.0625,0.55,20.125,0.47,9.8675,33250,6285,5.04,2.3813,125.323,2615.131,20.2188,2.3813,6.6813,20.2188,1.15,22.6001,1
11/11/2025 12:54,21.05,0.5625,20.1125,0.4825,9.855,33225,6295,5.0475,2.3813,125.323,2615.328,20.2625,2.3813,6.6813,20.2625,1.15,22.6438,1
11/11/2025 12:59,21.05,0.575,20.1125,0.495,9.84875,33225,6260,5.0287,2.37,125.323,2615.527,20.2938,2.37,6.67,20.2938,1.15,22.6638,1
11/11/2025 13:04,21.05,0.575,20.1,0.495,9.8425,33350,6285,5.04,2.3775,125.323,2615.725,20.3125,2.3775,6.6775,20.3125,1.15,22.69,1
11/11/2025 13:09,21.0375,0.575,20.1125,0.495,9.84875,33300,6285,5.0438,2.37,125.323,2615.924,20.3438,2.37,6.67,20.3438,1.15,22.7138,1
11/11/2025 13:14,21.05,0.5625,20.125,0.4825,9.86125,33250,6275,5.0287,2.37,125.323,2616.122,20.3563,2.37,6.67,20.3563,1.15,22.7263,1
11/11/2025 13:19,21.05,0.575,20.125,0.495,9.855,33250,6310,5.0287,2.37,125.323,2616.32,20.4125,2.37,6.67,20.4125,1.15,22.7825,1
11/11/2025 13:24,21.05,0.5625,20.1125,0.4825,9.855,33375,6290,5.04,2.3775,125.323,2616.518,20.425,2.3775,6.6775,20.425,1.15,22.8025,1
11/11/2025 13:29,21.0375,0.575,20.1,0.495,9.8425,33300,6330,5.0287,2.37,125.323,2616.715,20.4688,2.37,6.67,20.4688,1.15,22.8388,1
11/11/2025 13:34,21.0375,0.5625,20.1,0.4825,9.84875,33250,6290,5.0287,2.37,125.323,2616.912,20.4938,2.37,6.67,20.4938,1.15,22.8638,1
11/11/2025 13:39,21.0375,0.5375,20.075,0.4575,9.84875,33425,6310,5.0213,2.3663,125.323,2617.11,20.525,2.3663,6.6663,20.525,1.15,22.8913,1
11/11/2025 13:44,0.2,0.5,0.1,0.42,-0.12,33350,355,0,0,125.323,2617.201,20.625,0,4.3,20.625,1.15,20.625,1
11/12/2025 8:11,21.3,0.575,20.2,0.495,9.8925,33650,6525,5.1637,2.4825,125.323,2618.463,17.9625,2.4825,6.7825,17.9625,1.15,20.445,1
11/12/2025 8:16,21.275,0.6,20.225,0.52,9.8925,33600,6660,5.1075,2.4375,125.323,2618.668,17.925,2.4375,6.7375,17.925,1.15,20.3625,1
11/12/2025 8:21,21.275,0.6125,20.2375,0.5325,9.8925,33625,6585,5.0737,2.4075,125.323,2618.869,17.925,2.4075,6.7075,17.925,1.15,20.3325,1
11/12/2025 8:26,21.2625,0.6125,20.225,0.5325,9.88625,33625,6550,5.0663,2.3887,125.323,2619.07,17.9438,2.3887,6.6887,17.9438,1.15,20.3325,1
11/12/2025 8:31,21.25,0.625,20.225,0.545,9.88,33575,6505,5.0475,2.3813,125.323,2619.269,17.975,2.3813,6.6813,17.975,1.15,20.3563,1
11/12/2025 8:36,21.25,0.6,20.2,0.52,9.88,33650,6485,5.0325,2.3775,125.323,2619.468,18.0125,2.3775,6.6775,18.0125,1.15,20.39,1
11/12/2025 8:41,21.25,0.625,20.2375,0.545,9.88625,33600,6455,5.04,2.3625,125.323,2619.664,18.0313,2.3625,6.6625,18.0313,1.15,20.3938,1
11/12/2025 8:46,21.2625,0.625,20.225,0.545,9.88,33475,6415,5.0213,2.3512,125.323,2619.861,18.05,2.3512,6.6512,18.05,1.15,20.4012,1
11/12/2025 8:51,21.25,0.6125,20.225,0.5325,9.88625,33500,6440,5.0213,2.3588,125.323,2620.058,18.0875,2.3588,6.6588,18.0875,1.15,20.4463,1
11/12/2025 8:56,21.2375,0.6125,20.2,0.5325,9.87375,33625,6400,5.0062,2.3512,125.323,2620.255,18.1,2.3512,6.6512,18.1,1.15,20.4512,1
11/12/2025 9:01,21.2375,0.6,20.1875,0.52,9.87375,33525,6370,4.9913,2.3438,125.323,2620.451,18.1313,2.3438,6.6438,18.1313,1.15,20.4751,1
11/12/2025 9:06,21.2,0.6125,20.1875,0.5325,9.8675,33650,6370,4.995,2.34,125.323,2620.646,18.1563,2.34,6.64,18.1563,1.15,20.4963,1
11/12/2025 9:11,21.2,0.625,20.2,0.545,9.8675,33525,6365,5.0025,2.3325,125.323,2620.84,18.1625,2.3325,6.6325,18.1625,1.15,20.495,1
11/12/2025 9:16,21.1875,0.6,20.1875,0.52,9.87375,33575,6340,5.0512,2.34,125.323,2621.035,18.175,2.34,6.64,18.175,1.15,20.515,1
11/12/2025 9:21,21.175,0.575,20.175,0.495,9.88,33625,6315,4.9913,2.3287,125.323,2621.23,18.225,2.3287,6.6287,18.225,1.15,20.5537,1
11/12/2025 9:26,21.1875,0.625,20.175,0.545,9.855,33575,6340,4.9875,2.325,125.323,2621.424,18.2375,2.325,6.625,18.2375,1.15,20.5625,1
11/12/2025 9:31,21.175,0.625,20.175,0.545,9.855,33500,6295,4.9837,2.325,125.323,2621.618,18.2563,2.325,6.625,18.2563,1.15,20.5813,1
11/12/2025 9:36,21.2125,0.625,20.1875,0.545,9.86125,33600,6300,4.9913,2.325,125.323,2621.812,18.1813,2.325,6.625,18.1813,1.15,20.5063,1
11/12/2025 9:41,21.2125,0.6125,20.175,0.5325,9.86125,33575,6270,4.9725,2.3137,125.323,2622.006,18.1563,2.3137,6.6137,18.1563,1.15,20.47,1
11/12/2025 9:46,21.2,0.6,20.175,0.52,9.8675,33375,6290,4.9913,2.325,125.323,2622.199,18.45,2.325,6.625,18.45,1.15,20.775,1
11/12/2025 9:51,21.15,0.625,20.1375,0.545,9.83625,32975,6190,5.0438,2.4038,125.323,2622.396,18.8938,2.4038,6.7038,18.8938,1.15,21.2976,1
11/12/2025 9:56,21.15,0.6,20.1375,0.52,9.84875,33075,6220,5.0512,2.3962,125.323,2622.596,18.9375,2.3962,6.6962,18.9375,1.15,21.3337,1
11/12/2025 10:01,21.1375,0.6,20.125,0.52,9.8425,33225,6245,5.0325,2.385,125.323,2622.796,18.95,2.385,6.685,18.95,1.15,21.335,1
11/12/2025 10:06,21.1375,0.625,20.125,0.545,9.83,33250,6240,5.0438,2.3775,125.323,2622.995,18.9875,2.3775,6.6775,18.9875,1.15,21.365,1
11/12/2025 10:11,21.1375,0.6125,20.1625,0.5325,9.855,33350,6240,5.0325,2.37,125.323,2623.193,18.975,2.37,6.67,18.975,1.15,21.345,1
11/12/2025 10:16,21.1375,0.6,20.1625,0.52,9.86125,33350,6220,5.04,2.3775,125.323,2623.391,19.0063,2.3775,6.6775,19.0063,1.15,21.3838,1
11/12/2025 10:21,21.1375,0.6,20.1625,0.52,9.86125,33325,6210,5.0287,2.3663,125.323,2623.588,19.0313,2.3663,6.6663,19.0313,1.15,21.3976,1
11/12/2025 10:26,21.1375,0.575,20.125,0.495,9.855,33175,6235,5.0287,2.3663,125.323,2623.786,19.0437,2.3663,6.6663,19.0437,1.15,21.41,1
11/12/2025 10:31,21.125,0.575,20.125,0.495,9.855,33250,6235,5.0325,2.3663,125.323,2623.984,19.0563,2.3663,6.6663,19.0563,1.15,21.4226,1
11/12/2025 10:36,21.125,0.575,20.125,0.495,9.855,33300,6220,5.01,2.3588,125.323,2624.181,19.0813,2.3588,6.6588,19.0813,1.15,21.4401,1
11/12/2025 10:41,21.125,0.6,20.125,0.52,9.8425,33375,6225,5.0137,2.3588,125.323,2624.378,19.1062,2.3588,6.6588,19.1062,1.15,21.465,1
11/12/2025 10:46,21.125,0.5625,20.1375,0.4825,9.8675,33250,6210,5.025,2.3475,125.323,2624.575,19.125,2.3475,6.6475,19.125,1.15,21.4725,1
11/12/2025 10:51,21.1125,0.6,20.125,0.52,9.8425,33250,6225,5.0137,2.3625,125.323,2624.771,19.1438,2.3625,6.6625,19.1438,1.15,21.5063,1
11/12/2025 10:56,21.125,0.575,20.125,0.495,9.855,33350,6210,5.0062,2.3625,125.323,2624.968,19.1438,2.3625,6.6625,19.1438,1.15,21.5063,1
11/12/2025 11:01,21.125,0.575,20.125,0.495,9.855,33425,6240,5.0137,2.3625,125.323,2625.164,19.1875,2.3625,6.6625,19.1875,1.15,21.55,1
11/12/2025 11:06,21.1375,0.6125,20.1625,0.5325,9.855,33300,6210,4.995,2.3512,125.323,2625.361,19.225,2.3512,6.6512,19.225,1.15,21.5762,1
11/12/2025 11:11,21.1375,0.6,20.1375,0.52,9.84875,33375,6220,5.0287,2.3512,125.323,2625.558,19.2688,2.3512,6.6512,19.2688,1.15,21.62,1
11/12/2025 11:16,21.1125,0.5625,20.125,0.4825,9.86125,33375,6220,5.01,2.3512,125.323,2625.754,19.275,2.3512,6.6512,19.275,1.15,21.6262,1
11/12/2025 11:21,21.1125,0.575,20.1375,0.495,9.86125,33450,6220,5.01,2.3475,125.323,2625.95,19.3188,2.3475,6.6475,19.3188,1.15,21.6663,1
11/12/2025 11:26,21.0875,0.575,20.1125,0.495,9.84875,33300,6250,4.9913,2.3512,125.323,2626.146,19.3875,2.3512,6.6512,19.3875,1.15,21.7387,1
11/12/2025 11:31,21.075,0.6,20.1125,0.52,9.83625,33325,6240,4.995,2.34,125.323,2626.341,19.4063,2.34,6.64,19.4063,1.15,21.7463,1
11/12/2025 11:36,21.0875,0.6,20.1125,0.52,9.83625,33350,6245,5.0062,2.3512,125.323,2626.538,19.4,2.3512,6.6512,19.4,1.15,21.7512,1
11/12/2025 11:41,21.0875,0.575,20.125,0.495,9.855,33325,6220,5.0062,2.3438,125.323,2626.733,19.45,2.3438,6.6438,19.45,1.15,21.7938,1
11/12/2025 11:46,21.1125,0.575,20.125,0.495,9.855,33450,6240,5.0025,2.3475,125.323,2626.929,19.4688,2.3475,6.6475,19.4688,1.15,21.8163,1
11/12/2025 11:51,21.0875,0.6,20.125,0.52,9.8425,33450,6220,5.0062,2.3475,125.323,2627.125,19.5,2.3475,6.6475,19.5,1.15,21.8475,1
11/12/2025 11:56,21.125,0.575,20.1375,0.495,9.86125,33375,6220,5.01,2.3475,125.323,2627.321,19.5188,2.3475,6.6475,19.5188,1.15,21.8663,1
11/12/2025 12:01,21.0875,0.575,20.125,0.495,9.855,33450,6235,5.0025,2.3475,125.323,2627.517,19.5375,2.3475,6.6475,19.5375,1.15,21.885,1
11/12/2025 12:06,21.1125,0.6,20.1375,0.52,9.84875,33350,6250,5.01,2.3475,125.323,2627.712,19.55,2.3475,6.6475,19.55,1.15,21.8975,1
11/12/2025 12:11,21.0875,0.6,20.125,0.52,9.8425,33375,6250,5.0025,2.34,125.323,2627.908,19.5563,2.34,6.64,19.5563,1.15,21.8963,1
11/12/2025 12:16,21.1125,0.6125,20.1375,0.5325,9.8425,33325,6220,5.0025,2.34,125.323,2628.103,19.575,2.34,6.64,19.575,1.15,21.915,1
11/12/2025 12:21,21.1125,0.6125,20.1375,0.5325,9.8425,33450,6210,5.0025,2.3475,125.323,2628.299,19.6063,2.3475,6.6475,19.6063,1.15,21.9538,1
11/12/2025 12:26,21.0875,0.6,20.1375,0.52,9.84875,33500,6210,5.01,2.34,125.323,2628.494,19.625,2.34,6.64,19.625,1.15,21.965,1
11/12/2025 12:31,21.0875,0.6,20.125,0.52,9.8425,33425,6235,5.0062,2.34,125.323,2628.689,19.65,2.34,6.64,19.65,1.15,21.99,1
11/12/2025 12:36,21.0875,0.6125,20.125,0.5325,9.83625,33375,6240,4.9913,2.3438,125.323,2628.884,19.6938,2.3438,6.6438,19.6938,1.15,22.0376,1
11/12/2025 12:41,21.0875,0.6,20.125,0.52,9.8425,33450,6240,4.9913,2.3325,125.323,2629.079,19.7063,2.3325,6.6325,19.7063,1.15,22.0388,1
11/12/2025 12:46,21.0875,0.6,20.125,0.52,9.8425,33500,6240,5.0025,2.3325,125.323,2629.274,19.7063,2.3325,6.6325,19.7063,1.15,22.0388,1
11/12/2025 12:51,21.0875,0.575,20.125,0.495,9.855,33475,6240,4.9875,2.3325,125.323,2629.469,19.725,2.3325,6.6325,19.725,1.15,22.0575,1
11/12/2025 12:56,21.0875,0.6,20.125,0.52,9.8425,33375,6240,4.995,2.34,125.323,2629.664,19.7688,2.34,6.64,19.7688,1.15,22.1088,1
11/12/2025 13:01,21.075,0.575,20.1125,0.495,9.84875,33425,6240,4.9913,2.3325,125.323,2629.859,19.825,2.3325,6.6325,19.825,1.15,22.1575,1
11/12/2025 13:06,21.0625,0.575,20.1125,0.495,9.84875,33350,6265,4.995,2.34,125.323,2630.054,19.875,2.34,6.64,19.875,1.15,22.215,1
11/12/2025 13:11,21.0625,0.6,20.1,0.52,9.83,33475,6290,4.9875,2.34,125.323,2630.249,19.8875,2.34,6.64,19.8875,1.15,22.2275,1
11/12/2025 13:16,21.0625,0.6,20.1125,0.52,9.83625,33525,6285,4.9837,2.3325,125.323,2630.443,19.9375,2.3325,6.6325,19.9375,1.15,22.27,1
11/12/2025 13:21,21.0625,0.6,20.1125,0.52,9.83625,33375,6300,4.9875,2.3325,125.323,2630.638,19.9563,2.3325,6.6325,19.9563,1.15,22.2888,1
11/12/2025 13:26,21.0375,0.6,20.1,0.52,9.83,33475,6285,4.9875,2.3325,125.323,2630.832,19.975,2.3325,6.6325,19.975,1.15,22.3075,1
11/12/2025 13:31,0.1,0.5,0.025,0.42,-0.1575,33350,345,0,0.0037,125.323,2630.899,20.1125,0.0037,4.3037,20.1125,1.15,20.1162,1
11/13/2025 8:07,21.2625,0.5625,20.1875,0.4825,9.8925,33700,6615,5.1975,2.4863,125.323,2632.103,18,2.4863,6.7863,18,1.15,20.4863,1
11/13/2025 8:12,21.3125,0.5625,20.2375,0.4825,9.9175,33525,6670,5.1037,2.43,125.323,2632.307,17.9,2.43,6.73,17.9,1.15,20.33,1
11/13/2025 8:17,21.325,0.575,20.2375,0.495,9.91125,33650,6575,5.085,2.4038,125.323,2632.509,17.85,2.4038,6.7038,17.85,1.15,20.2538,1
11/13/2025 8:22,21.325,0.6,20.2375,0.52,9.89875,33600,6555,5.0625,2.3887,125.323,2632.709,17.8875,2.3887,6.6887,17.8875,1.15,20.2762,1
11/13/2025 8:27,21.3,0.6,20.2375,0.52,9.89875,33700,6495,5.0287,2.3775,125.323,2632.907,17.9938,2.3775,6.6775,17.9938,1.15,20.3713,1
11/13/2025 8:32,21.2625,0.6,20.2,0.52,9.88,33625,6495,5.0438,2.37,125.323,2633.105,18.0563,2.37,6.67,18.0563,1.15,20.4263,1
11/13/2025 8:37,21.2625,0.625,20.225,0.545,9.88,33625,6445,5.0213,2.3625,125.323,2633.303,18.1188,2.3625,6.6625,18.1188,1.15,20.4813,1
11/13/2025 8:42,21.25,0.575,20.225,0.495,9.905,33625,6440,5.0025,2.3588,125.323,2633.5,18.15,2.3588,6.6588,18.15,1.15,20.5088,1
11/13/2025 8:47,21.2375,0.6125,20.225,0.5325,9.88625,33525,6440,5.0062,2.3512,125.323,2633.696,18.2,2.3512,6.6512,18.2,1.15,20.5512,1
11/13/2025 8:52,21.2125,0.575,20.2,0.495,9.8925,33700,6420,5.01,2.3438,125.323,2633.892,18.2188,2.3438,6.6438,18.2188,1.15,20.5626,1
11/13/2025 8:57,21.2125,0.6,20.2,0.52,9.88,33625,6400,5.0062,2.3475,125.323,2634.088,18.2563,2.3475,6.6475,18.2563,1.15,20.6038,1
11/13/2025 9:02,21.2,0.6125,20.1875,0.5325,9.8675,33650,6370,4.995,2.3438,125.323,2634.284,18.2625,2.3438,6.6438,18.2625,1.15,20.6063,1
11/13/2025 9:07,21.2125,0.625,20.2,0.545,9.8675,33725,6380,5.0025,2.34,125.323,2634.478,18.2875,2.34,6.64,18.2875,1.15,20.6275,1
11/13/2025 9:12,21.2125,0.6,20.225,0.52,9.8925,33575,6350,5.0025,2.3325,125.323,2634.674,18.3125,2.3325,6.6325,18.3125,1.15,20.645,1
11/13/2025 9:17,21.2,0.6125,20.1875,0.5325,9.8675,33625,6350,4.9913,2.3325,125.323,2634.868,18.3188,2.3325,6.6325,18.3188,1.15,20.6513,1
11/13/2025 9:22,21.2125,0.6125,20.225,0.5325,9.88625,33625,6325,4.9837,2.3325,125.323,2635.063,18.3562,2.3325,6.6325,18.3562,1.15,20.6887,1
11/13/2025 9:27,21.1875,0.6,20.2,0.52,9.88,33700,6340,4.995,2.325,125.323,2635.258,18.3562,2.325,6.625,18.3562,1.15,20.6812,1
11/13/2025 9:32,21.2125,0.6,20.2375,0.52,9.89875,33650,6320,4.9875,2.3325,125.323,2635.452,18.3125,2.3325,6.6325,18.3125,1.15,20.645,1
11/13/2025 9:37,21.2375,0.6,20.2375,0.52,9.89875,33650,6325,4.9913,2.3287,125.323,2635.646,18.3,2.3287,6.6287,18.3,1.15,20.6287,1
11/13/2025 9:42,21.2125,0.6,20.2,0.52,9.88,33600,6285,4.9762,2.3287,125.323,2635.841,18.3813,2.3287,6.6287,18.3813,1.15,20.71,1
11/13/2025 9:47,21.2375,0.6125,20.2,0.5325,9.87375,33250,6295,5.0137,2.3475,125.323,2636.035,18.6938,2.3475,6.6475,18.6938,1.15,21.0413,1
11/13/2025 9:52,21.1875,0.6,20.175,0.52,9.8675,33175,6195,5.0625,2.4075,125.323,2636.233,19,2.4075,6.7075,19,1.15,21.4075,1
11/13/2025 9:57,21.1875,0.6125,20.2,0.5325,9.87375,33100,6225,5.0587,2.4038,125.323,2636.433,19.0563,2.4038,6.7038,19.0563,1.15,21.4601,1
11/13/2025 10:02,21.1875,0.575,20.1875,0.495,9.88625,33175,6225,5.0512,2.3887,125.323,2636.633,19.0688,2.3887,6.6887,19.0688,1.15,21.4575,1
11/13/2025 10:07,21.15,0.6,20.175,0.52,9.8675,33300,6260,5.0325,2.3887,125.323,2636.832,19.075,2.3887,6.6887,19.075,1.15,21.4637,1
11/13/2025 10:12,21.15,0.575,20.175,0.495,9.88,33175,6245,5.04,2.385,125.323,2637.031,19.0875,2.385,6.685,19.0875,1.15,21.4725,1
11/13/2025 10:17,21.15,0.6125,20.1375,0.5325,9.8425,33225,6235,5.0213,2.37,125.323,2637.23,19.1125,2.37,6.67,19.1125,1.15,21.4825,1
11/13/2025 10:22,21.15,0.6,20.1625,0.52,9.86125,33175,6220,5.025,2.37,125.323,2637.428,19.1438,2.37,6.67,19.1438,1.15,21.5138,1
11/13/2025 10:27,21.1375,0.6125,20.175,0.5325,9.86125,33325,6240,5.0287,2.3775,125.323,2637.625,19.1625,2.3775,6.6775,19.1625,1.15,21.54,1
11/13/2025 10:32,21.125,0.6125,20.1625,0.5325,9.855,33225,6240,5.0325,2.3663,125.323,2637.823,19.2125,2.3663,6.6663,19.2125,1.15,21.5788,1
11/13/2025 10:37,21.125,0.6,20.1625,0.52,9.86125,33225,6235,5.0287,2.3663,125.323,2638.021,19.25,2.3663,6.6663,19.25,1.15,21.6163,1
11/13/2025 10:42,21.1375,0.575,20.175,0.495,9.88,33200,6225,5.0325,2.3663,125.323,2638.219,19.2688,2.3663,6.6663,19.2688,1.15,21.6351,1
11/13/2025 10:47,21.125,0.6,20.125,0.52,9.8425,33300,6250,5.025,2.3663,125.323,2638.417,19.325,2.3663,6.6663,19.325,1.15,21.6913,1
11/13/2025 10:52,21.1125,0.6,20.1375,0.52,9.84875,33375,6220,5.0213,2.3625,125.323,2638.614,19.3375,2.3625,6.6625,19.3375,1.15,21.7,1
11/13/2025 10:57,21.1125,0.575,20.1625,0.495,9.87375,33325,6210,5.04,2.37,125.323,2638.811,19.3813,2.37,6.67,19.3813,1.15,21.7513,1
11/13/2025 11:02,21.1375,0.575,20.1625,0.495,9.87375,33300,6220,5.0213,2.3663,125.323,2639.008,19.4,2.3663,6.6663,19.4,1.15,21.7663,1
11/13/2025 11:07,21.1125,0.575,20.1625,0.495,9.87375,33325,6220,5.025,2.3588,125.323,2639.205,19.4375,2.3588,6.6588,19.4375,1.15,21.7963,1
11/13/2025 11:12,21.0875,0.575,20.125,0.495,9.855,33325,6225,5.01,2.3588,125.323,2639.402,19.4188,2.3588,6.6588,19.4188,1.15,21.7776,1
11/13/2025 11:17,21.1125,0.5625,20.125,0.4825,9.86125,33300,6215,5.0213,2.3588,125.323,2639.599,19.4313,2.3588,6.6588,19.4313,1.15,21.7901,1
11/13/2025 11:22,21.1125,0.575,20.125,0.495,9.855,33375,6210,5.0213,2.3512,125.323,2639.796,19.45,2.3512,6.6512,19.45,1.15,21.8012,1
11/13/2025 11:27,21.1125,0.575,20.1375,0.495,9.86125,33300,6240,5.01,2.3588,125.323,2639.992,19.4563,2.3588,6.6588,19.4563,1.15,21.8151,1
11/13/2025 11:32,21.1125,0.5625,20.1375,0.4825,9.8675,33300,6215,5.0137,2.3512,125.323,2640.189,19.4875,2.3512,6.6512,19.4875,1.15,21.8387,1
11/13/2025 11:37,21.0875,0.575,20.1375,0.495,9.86125,33350,6210,5.0137,2.3512,125.323,2640.385,19.5125,2.3512,6.6512,19.5125,1.15,21.8637,1
11/13/2025 11:42,21.0875,0.575,20.1375,0.495,9.86125,33300,6235,5.0062,2.3512,125.323,2640.581,19.5375,2.3512,6.6512,19.5375,1.15,21.8887,1
11/13/2025 11:47,21.0875,0.6,20.125,0.52,9.8425,33250,6220,5.0062,2.3625,125.323,2640.778,19.5688,2.3625,6.6625,19.5688,1.15,21.9313,1
11/13/2025 11:52,21.0875,0.575,20.125,0.495,9.855,33325,6210,5.01,2.3512,125.323,2640.975,19.6063,2.3512,6.6512,19.6063,1.15,21.9575,1
11/13/2025 11:57,21.0875,0.6125,20.125,0.5325,9.83625,33350,6210,5.0137,2.3588,125.323,2641.171,19.6313,2.3588,6.6588,19.6313,1.15,21.9901,1
11/13/2025 12:02,21.075,0.5625,20.125,0.4825,9.86125,33300,6235,5.0025,2.3588,125.323,2641.368,19.6625,2.3588,6.6588,19.6625,1.15,22.0213,1
11/13/2025 12:07,21.0875,0.6,20.1375,0.52,9.84875,33375,6235,5.01,2.3625,125.323,2641.564,19.675,2.3625,6.6625,19.675,1.15,22.0375,1
11/13/2025 12:12,21.0875,0.6,20.1375,0.52,9.84875,33325,6220,5.01,2.3512,125.323,2641.76,19.7188,2.3512,6.6512,19.7188,1.15,22.07,1
11/13/2025 12:17,21.075,0.575,20.125,0.495,9.855,33475,6225,5.0062,2.3512,125.323,2641.956,19.7563,2.3512,6.6512,19.7563,1.15,22.1075,1
11/13/2025 12:22,21.0875,0.5625,20.1375,0.4825,9.8675,33350,6215,5.0062,2.3588,125.323,2642.153,19.8,2.3588,6.6588,19.8,1.15,22.1588,1
11/13/2025 12:27,21.0875,0.5375,20.125,0.4575,9.87375,33350,6225,5.01,2.3588,125.323,2642.35,19.8313,2.3588,6.6588,19.8313,1.15,22.1901,1
11/13/2025 12:32,21.0875,0.5625,20.125,0.4825,9.86125,33300,6265,4.9913,2.3512,125.323,2642.546,19.85,2.3512,6.6512,19.85,1.15,22.2012,1
11/13/2025 12:37,21.0625,0.6,20.1125,0.52,9.83625,33325,6260,5.0062,2.3475,125.323,2642.742,19.875,2.3475,6.6475,19.875,1.15,22.2225,1
11/13/2025 12:42,21.0625,0.55,20.1125,0.47,9.86125,33375,6240,5.0213,2.3475,125.323,2642.937,19.9,2.3475,6.6475,19.9,1.15,22.2475,1
11/13/2025 12:47,21.0625,0.5375,20.1125,0.4575,9.8675,33350,6285,4.995,2.3438,125.323,2643.133,19.9625,2.3438,6.6438,19.9625,1.15,22.3063,1
11/13/2025 12:52,21.0625,0.5375,20.1,0.4575,9.86125,33425,6285,4.9913,2.3438,125.323,2643.328,19.9813,2.3438,6.6438,19.9813,1.15,22.3251,1
11/13/2025 12:57,21.05,0.5375,20.1,0.4575,9.86125,33450,6300,4.9913,2.3438,125.323,2643.525,20,2.3438,6.6438,20,1.15,22.3438,1
11/13/2025 13:02,21.05,0.5625,20.1125,0.4825,9.855,33375,6270,4.9913,2.34,125.323,2643.72,20.0438,2.34,6.64,20.0438,1.15,22.3838,1
11/13/2025 13:07,21.05,0.55,20.1,0.47,9.855,33375,6270,4.9913,2.3475,125.323,2643.916,20.0625,2.3475,6.6475,20.0625,1.15,22.41,1
11/13/2025 13:12,21.075,0.55,20.1125,0.47,9.86125,33375,6290,4.995,2.3475,125.323,2644.112,20.1063,2.3475,6.6475,20.1063,1.15,22.4538,1
11/13/2025 13:17,21.05,0.55,20.1,0.47,9.855,33475,6275,5.0025,2.3438,125.323,2644.308,20.1188,2.3438,6.6438,20.1188,1.15,22.4626,1
11/13/2025 13:22,21.05,0.55,20.1125,0.47,9.86125,33475,6300,5.0062,2.3438,125.323,2644.503,20.1563,2.3438,6.6438,20.1563,1.15,22.5001,1
11/13/2025 13:27,21.0375,0.55,20.075,0.47,9.8425,33425,6310,4.995,2.3475,125.323,2644.699,20.1875,2.3475,6.6475,20.1875,1.15,22.535,1
11/13/2025 13:32,5.425,0.55,5.175,0.47,2.3925,33325,6295,0,1.0237,125.323,2644.887,20.2125,1.0237,5.3237,20.2125,1.15,21.2362,1
11/14/2025 8:10,21.3,0.5625,20.1875,0.4825,9.8925,33625,6615,5.1825,2.4937,125.323,2645.816,18.0563,2.4937,6.7937,18.0563,1.15,20.55,1
11/14/2025 8:15,21.3375,0.575,20.225,0.495,9.905,33650,6705,5.1075,2.4412,125.323,2646.021,17.9438,2.4412,6.7412,17.9438,1.15,20.385,1
11/14/2025 8:20,21.3375,0.6,20.225,0.52,9.8925,33525,6630,5.0888,2.4075,125.323,2646.222,17.925,2.4075,6.7075,17.925,1.15,20.3325,1
11/14/2025 8:25,21.3,0.625,20.2375,0.545,9.88625,33650,6605,5.0625,2.3962,125.323,2646.422,18.0125,2.3962,6.6962,18.0125,1.15,20.4087,1
11/14/2025 8:30,21.3,0.625,20.225,0.545,9.88,33600,6545,5.0587,2.3813,125.323,2646.621,18.0938,2.3813,6.6813,18.0938,1.15,20.4751,1
11/14/2025 8:35,21.2625,0.575,20.2,0.495,9.8925,33525,6510,5.0325,2.3775,125.323,2646.82,18.1313,2.3775,6.6775,18.1313,1.15,20.5088,1
11/14/2025 8:40,21.25,0.575,20.225,0.495,9.905,33575,6510,5.04,2.3775,125.323,2647.018,18.1687,2.3775,6.6775,18.1687,1.15,20.5462,1
11/14/2025 8:45,21.25,0.5625,20.2,0.4825,9.89875,33500,6480,5.025,2.3625,125.323,2647.216,18.1938,2.3625,6.6625,18.1938,1.15,20.5563,1
11/14/2025 8:50,21.2125,0.6,20.1875,0.52,9.87375,33625,6445,5.025,2.3588,125.323,2647.413,18.225,2.3588,6.6588,18.225,1.15,20.5838,1
11/14/2025 8:55,21.2375,0.575,20.2,0.495,9.8925,33575,6420,5.025,2.3588,125.323,2647.609,18.2625,2.3588,6.6588,18.2625,1.15,20.6213,1
11/14/2025 9:00,21.2125,0.575,20.2,0.495,9.8925,33525,6445,5.0062,2.3475,125.323,2647.805,18.275,2.3475,6.6475,18.275,1.15,20.6225,1
11/14/2025 9:05,21.2,0.5625,20.1625,0.4825,9.88,33525,6415,5.01,2.3475,125.323,2648.001,18.2813,2.3475,6.6475,18.2813,1.15,20.6288,1
11/14/2025 9:10,21.2,0.5625,20.175,0.4825,9.88625,33600,6370,5.01,2.3475,125.323,2648.198,18.3063,2.3475,6.6475,18.3063,1.15,20.6538,1
11/14/2025 9:15,21.1875,0.575,20.175,0.495,9.88,33475,6375,5.0025,2.34,125.323,2648.393,18.35,2.34,6.64,18.35,1.15,20.69,1
11/14/2025 9:20,21.1875,0.575,20.1875,0.495,9.88625,33575,6355,5.0062,2.34,125.323,2648.589,18.3313,2.34,6.64,18.3313,1.15,20.6713,1
11/14/2025 9:25,21.2,0.575,20.175,0.495,9.88,33475,6345,4.995,2.34,125.323,2648.783,18.35,2.34,6.64,18.35,1.15,20.69,1
11/14/2025 9:30,21.2,0.5625,20.175,0.4825,9.88625,33525,6325,4.995,2.3287,125.323,2648.978,18.3063,2.3287,6.6287,18.3063,1.15,20.635,1
11/14/2025 9:35,21.1875,0.6,20.175,0.52,9.8675,33625,6315,5.0062,2.3325,125.323,2649.172,18.5,2.3325,6.6325,18.5,1.15,20.8325,1
11/14/2025 9:40,21.1875,0.6,20.175,0.52,9.8675,33500,6380,4.9913,2.34,125.323,2649.368,18.5813,2.34,6.64,18.5813,1.15,20.9213,1
11/14/2025 9:45,21.1875,0.6,20.1625,0.52,9.86125,33500,6380,4.9875,2.34,125.323,2649.563,18.625,2.34,6.64,18.625,1.15,20.965,1
11/14/2025 9:50,21.1875,0.6,20.175,0.52,9.8675,33625,6370,4.995,2.3325,125.323,2649.758,18.65,2.3325,6.6325,18.65,1.15,20.9825,1
11/14/2025 9:55,21.1875,0.5625,20.175,0.4825,9.88625,33625,6345,4.9837,2.3287,125.323,2649.953,18.6563,2.3287,6.6287,18.6563,1.15,20.985,1
11/14/2025 10:00,21.1875,0.5625,20.175,0.4825,9.88625,33600,6370,4.9913,2.34,125.323,2650.147,18.6625,2.34,6.64,18.6625,1.15,21.0025,1
11/14/2025 10:05,21.1875,0.5625,20.175,0.4825,9.88625,33525,6325,4.995,2.3287,125.323,2650.341,18.6875,2.3287,6.6287,18.6875,1.15,21.0162,1
11/14/2025 10:10,21.175,0.6,20.1625,0.52,9.86125,33500,6340,4.9913,2.3325,125.323,2650.536,18.6813,2.3325,6.6325,18.6813,1.15,21.0138,1
11/14/2025 10:15,21.15,0.6,20.1625,0.52,9.86125,33625,6315,4.9762,2.325,125.323,2650.73,18.7,2.325,6.625,18.7,1.15,21.025,1
11/14/2025 10:20,21.15,0.5625,20.1375,0.4825,9.8675,33600,6315,4.9762,2.3213,125.323,2650.924,18.7125,2.3213,6.6213,18.7125,1.15,21.0338,1
11/14/2025 10:25,21.15,0.575,20.1625,0.495,9.87375,33500,6315,4.9725,2.3213,125.323,2651.117,18.7438,2.3213,6.6213,18.7438,1.15,21.0651,1
11/14/2025 10:30,21.1375,0.6,20.1375,0.52,9.84875,33600,6300,4.9725,2.3213,125.323,2651.311,18.75,2.3213,6.6213,18.75,1.15,21.0713,1
11/14/2025 10:35,21.1375,0.6,20.1625,0.52,9.86125,33600,6310,4.9688,2.31,125.323,2651.504,18.75,2.31,6.61,18.75,1.15,21.06,1
11/14/2025 10:40,21.125,0.6,20.125,0.52,9.8425,33500,6285,4.9725,2.3137,125.323,2651.697,18.7688,2.3137,6.6137,18.7688,1.15,21.0825,1
11/14/2025 10:45,21.1375,0.6125,20.1375,0.5325,9.8425,33500,6285,4.9688,2.3137,125.323,2651.891,18.7688,2.3137,6.6137,18.7688,1.15,21.0825,1
11/14/2025 10:50,21.125,0.575,20.1375,0.495,9.86125,33500,6285,4.9762,2.31,125.323,2652.084,18.825,2.31,6.61,18.825,1.15,21.135,1
11/14/2025 10:55,21.1125,0.575,20.125,0.495,9.855,33425,6285,4.9837,2.325,125.323,2652.277,18.8875,2.325,6.625,18.8875,1.15,21.2125,1
11/14/2025 11:00,21.0875,0.6125,20.1125,0.5325,9.83,33425,6235,4.9913,2.3325,125.323,2652.471,19.0688,2.3325,6.6325,19.0688,1.15,21.4013,1
11/14/2025 11:05,21.0875,0.6,20.1125,0.52,9.83625,33300,6225,5.0062,2.3588,125.323,2652.667,19.2438,2.3588,6.6588,19.2438,1.15,21.6026,1
11/14/2025 11:10,21.0875,0.5625,20.125,0.4825,9.86125,33100,6225,5.0287,2.37,125.323,2652.863,19.3688,2.37,6.67,19.3688,1.15,21.7388,1
11/14/2025 11:15,21.0875,0.55,20.1125,0.47,9.86125,33200,6220,5.0287,2.3813,125.323,2653.062,19.4688,2.3813,6.6813,19.4688,1.15,21.8501,1
11/14/2025 11:20,21.0875,0.575,20.1,0.495,9.8425,33200,6210,5.0438,2.3813,125.323,2653.261,19.5125,2.3813,6.6813,19.5125,1.15,21.8938,1
11/14/2025 11:25,21.0625,0.6,20.1,0.52,9.83,33075,6215,5.0475,2.385,125.323,2653.46,19.5625,2.385,6.685,19.5625,1.15,21.9475,1
11/14/2025 11:30,21.075,0.5625,20.1125,0.4825,9.855,33050,6225,5.0287,2.385,125.323,2653.659,19.5688,2.385,6.685,19.5688,1.15,21.9538,1
11/14/2025 11:35,21.0625,0.6,20.1,0.52,9.83,33125,6210,5.0325,2.385,125.323,2653.858,19.6125,2.385,6.685,19.6125,1.15,21.9975,1
11/14/2025 11:40,21.0625,0.5625,20.075,0.4825,9.83625,33100,6210,5.0287,2.3775,125.323,2654.056,19.6438,2.3775,6.6775,19.6438,1.15,22.0213,1
11/14/2025 11:45,21.0625,0.575,20.1,0.495,9.8425,33175,6215,5.025,2.3775,125.323,2654.254,19.6563,2.3775,6.6775,19.6563,1.15,22.0338,1
11/14/2025 11:50,21.075,0.5625,20.125,0.4825,9.86125,33200,6215,5.0438,2.3813,125.323,2654.453,19.7,2.3813,6.6813,19.7,1.15,22.0813,1
11/14/2025 11:55,21.075,0.55,20.1125,0.47,9.86125,33225,6225,5.0475,2.3813,125.323,2654.652,19.7438,2.3813,6.6813,19.7438,1.15,22.1251,1
11/14/2025 12:00,21.0625,0.5625,20.125,0.4825,9.86125,33200,6245,5.0325,2.3775,125.323,2654.85,19.7563,2.3775,6.6775,19.7563,1.15,22.1338,1
11/14/2025 12:05,21.0625,0.575,20.1125,0.495,9.84875,33175,6250,5.025,2.37,125.323,2655.048,19.7688,2.37,6.67,19.7688,1.15,22.1388,1
11/14/2025 12:10,21.0625,0.575,20.1125,0.495,9.84875,33250,6225,5.0287,2.3625,125.323,2655.246,19.825,2.3625,6.6625,19.825,1.15,22.1875,1
11/14/2025 12:15,21.0625,0.5625,20.1125,0.4825,9.855,33300,6245,5.0213,2.3663,125.323,2655.444,19.8438,2.3663,6.6663,19.8438,1.15,22.2101,1
11/14/2025 12:20,21.05,0.55,20.1,0.47,9.855,33175,6225,5.025,2.37,125.323,2655.641,19.8625,2.37,6.67,19.8625,1.15,22.2325,1
11/14/2025 12:25,21.05,0.575,20.075,0.495,9.83,33300,6245,5.0287,2.37,125.323,2655.839,19.9,2.37,6.67,19.9,1.15,22.27,1
11/14/2025 12:30,21.0625,0.5625,20.075,0.4825,9.83625,33250,6265,5.025,2.37,125.323,2656.036,19.9188,2.37,6.67,19.9188,1.15,22.2888,1
11/14/2025 12:35,21.0625,0.6,20.075,0.52,9.8175,33250,6240,5.0287,2.3663,125.323,2656.234,19.9125,2.3663,6.6663,19.9125,1.15,22.2788,1
11/14/2025 12:40,21.0625,0.6,20.075,0.52,9.8175,33300,6250,5.025,2.3663,125.323,2656.431,19.9313,2.3663,6.6663,19.9313,1.15,22.2976,1
11/14/2025 12:45,21.05,0.575,20.1,0.495,9.8425,33225,6260,5.0062,2.37,125.323,2656.628,19.9625,2.37,6.67,19.9625,1.15,22.3325,1
11/14/2025 12:50,21.0375,0.575,20.075,0.495,9.83,33325,6270,5.0062,2.3588,125.323,2656.825,20.0125,2.3588,6.6588,20.0125,1.15,22.3713,1
11/14/2025 12:55,21.05,0.575,20.075,0.495,9.83,33250,6285,5.0213,2.3625,125.323,2657.021,20.0438,2.3625,6.6625,20.0438,1.15,22.4063,1
11/14/2025 13:00,21.0375,0.575,20.075,0.495,9.83,33325,6285,5.0062,2.3512,125.323,2657.218,20.0625,2.3512,6.6512,20.0625,1.15,22.4137,1
11/14/2025 13:05,21.0375,0.6,20.075,0.52,9.8175,33250,6285,5.0213,2.3588,125.323,2657.415,20.0813,2.3588,6.6588,20.0813,1.15,22.4401,1
11/14/2025 13:10,21.05,0.6,20.1,0.52,9.83,33350,6315,5.01,2.3512,125.323,2657.611,20.1063,2.3512,6.6512,20.1063,1.15,22.4575,1
11/14/2025 13:15,21.05,0.575,20.1,0.495,9.8425,33425,6290,5.0287,2.3588,125.323,2657.807,20.1188,2.3588,6.6588,20.1188,1.15,22.4776,1
11/14/2025 13:20,21.05,0.5625,20.075,0.4825,9.83625,33350,6295,5.0137,2.3588,125.323,2658.003,20.1563,2.3588,6.6588,20.1563,1.15,22.5151,1
11/14/2025 13:25,21.0375,0.575,20.075,0.495,9.83,33425,6315,4.995,2.3512,125.323,2658.2,20.1688,2.3512,6.6512,20.1688,1.15,22.52,1
11/14/2025 13:30,21.0375,0.5625,20.075,0.4825,9.83625,33325,6295,5.0025,2.3438,125.323,2658.396,20.2063,2.3438,6.6438,20.2063,1.15,22.5501,1
11/14/2025 13:35,0.2375,0.4875,0.15,0.4075,-0.08875,33375,355,0,0,125.323,2658.492,20.3125,0,4.3,20.3125,1.15,20.3125,1
11/17/2025 8:10,21.275,0.6125,20.125,0.5325,9.83625,33825,6225,5.025,2.3213,125.323,2659.295,14.6563,2.3213,6.6213,14.6563,1.15,16.9776,1
11/17/2025 8:15,21.3125,0.625,20.1375,0.545,9.83625,33775,6270,4.9688,2.28,125.323,2659.486,14.6,2.28,6.58,14.6,1.15,16.88,1
11/17/2025 8:20,21.275,0.625,20.125,0.545,9.83,33825,6210,4.9463,2.25,125.323,2659.676,14.6063,2.25,6.55,14.6063,1.15,16.8563,1
11/17/2025 8:25,21.275,0.625,20.1625,0.545,9.84875,33775,6185,4.9162,2.2312,125.323,2659.864,14.625,2.2312,6.5312,14.625,1.15,16.8562,1
11/17/2025 8:30,21.3,0.625,20.175,0.545,9.855,33825,6155,4.9275,2.2312,125.323,2660.05,14.6625,2.2312,6.5312,14.6625,1.15,16.8937,1
11/17/2025 8:35,21.275,0.625,20.1375,0.545,9.83625,33750,6100,4.9087,2.2237,125.323,2660.236,14.675,2.2237,6.5237,14.675,1.15,16.8987,1
11/17/2025 8:40,21.2625,0.6125,20.1375,0.5325,9.8425,33875,6080,4.8975,2.2125,125.323,2660.421,14.6938,2.2125,6.5125,14.6938,1.15,16.9063,1
11/17/2025 8:45,21.2625,0.625,20.1375,0.545,9.83625,33775,6055,4.8937,2.2163,125.323,2660.605,14.7313,2.2163,6.5163,14.7313,1.15,16.9476,1
11/17/2025 8:50,21.2625,0.625,20.1625,0.545,9.84875,33850,6035,4.875,2.1975,125.323,2660.79,14.75,2.1975,6.4975,14.75,1.15,16.9475,1
11/17/2025 8:55,21.275,0.625,20.175,0.545,9.855,33850,6005,4.8975,2.1975,125.323,2660.974,14.7688,2.1975,6.4975,14.7688,1.15,16.9663,1
11/17/2025 9:00,21.2625,0.6375,20.1375,0.5575,9.83,33875,6000,4.8937,2.1938,125.323,2661.158,14.7938,2.1938,6.4938,14.7938,1.15,16.9876,1
11/17/2025 9:05,21.25,0.6375,20.1375,0.5575,9.83,33775,5985,4.8712,2.1975,125.323,2661.342,14.8125,2.1975,6.4975,14.8125,1.15,17.01,1
11/17/2025 9:10,21.2375,0.6375,20.1375,0.5575,9.83,33850,5960,4.8862,2.1938,125.323,2661.525,14.8625,2.1938,6.4938,14.8625,1.15,17.0563,1
11/17/2025 9:15,21.2375,0.6375,20.1375,0.5575,9.83,33850,5970,4.8712,2.19,125.323,2661.708,14.8875,2.19,6.49,14.8875,1.15,17.0775,1
11/17/2025 9:20,21.25,0.6125,20.125,0.5325,9.83625,33750,5975,4.8788,2.1938,125.323,2661.891,14.9,2.1938,6.4938,14.9,1.15,17.0938,1
11/17/2025 9:25,21.2375,0.6375,20.1375,0.5575,9.83,33850,5950,4.8712,2.1825,125.323,2662.074,14.9188,2.1825,6.4825,14.9188,1.15,17.1013,1
11/17/2025 9:30,21.2125,0.6125,20.125,0.5325,9.83625,33775,5975,4.875,2.1862,125.323,2662.257,14.9625,2.1862,6.4862,14.9625,1.15,17.1487,1
11/17/2025 9:35,21.25,0.625,20.125,0.545,9.83,33750,5925,4.875,2.19,125.323,2662.439,14.9625,2.19,6.49,14.9625,1.15,17.1525,1
11/17/2025 9:40,21.2375,0.6375,20.1375,0.5575,9.83,33750,5945,4.8675,2.19,125.323,2662.621,15.0063,2.19,6.49,15.0063,1.15,17.1963,1
11/17/2025 9:45,21.2125,0.6,20.1375,0.52,9.84875,33850,5930,4.86,2.1825,125.323,2662.803,15.0438,2.1825,6.4825,15.0438,1.15,17.2263,1
11/17/2025 9:50,21.2125,0.6125,20.1375,0.5325,9.8425,33825,5905,4.8525,2.1862,125.323,2662.985,15.0688,2.1862,6.4862,15.0688,1.15,17.255,1
11/17/2025 9:55,21.2125,0.6125,20.125,0.5325,9.83625,33725,5925,4.86,2.19,125.323,2663.168,15.1063,2.19,6.49,15.1063,1.15,17.2963,1
11/17/2025 10:00,21.2,0.6125,20.125,0.5325,9.83625,33750,5900,4.8563,2.1862,125.323,2663.35,15.125,2.1862,6.4862,15.125,1.15,17.3112,1
11/17/2025 10:05,21.2125,0.6125,20.1375,0.5325,9.8425,33850,5930,4.8675,2.1862,125.323,2663.532,15.1438,2.1862,6.4862,15.1438,1.15,17.33,1
11/17/2025 10:10,21.1875,0.625,20.125,0.545,9.83,33775,5925,4.8675,2.1862,125.323,2663.714,15.1875,2.1862,6.4862,15.1875,1.15,17.3737,1
11/17/2025 10:15,21.175,0.6125,20.1,0.5325,9.82375,33850,5885,4.8563,2.175,125.323,2663.895,15.175,2.175,6.475,15.175,1.15,17.35,1
11/17/2025 10:20,21.175,0.6,20.125,0.52,9.8425,33775,5895,4.8525,2.175,125.323,2664.076,15.225,2.175,6.475,15.225,1.15,17.4,1
11/17/2025 10:25,21.175,0.6125,20.075,0.5325,9.81125,33725,5875,4.8487,2.1862,125.323,2664.258,15.2375,2.1862,6.4862,15.2375,1.15,17.4237,1
11/17/2025 10:30,21.175,0.6125,20.1,0.5325,9.82375,33850,5885,4.8563,2.175,125.323,2664.439,15.2688,2.175,6.475,15.2688,1.15,17.4438,1
11/17/2025 10:35,21.15,0.6375,20.1125,0.5575,9.8175,33750,5870,4.8487,2.1713,125.323,2664.62,15.3,2.1713,6.4713,15.3,1.15,17.4713,1
11/17/2025 10:40,21.175,0.625,20.1125,0.545,9.82375,33750,5855,4.8563,2.1713,125.323,2664.801,15.3125,2.1713,6.4713,15.3125,1.15,17.4838,1
11/17/2025 10:45,21.1375,0.6,20.1,0.52,9.83,33775,5880,4.8375,2.1637,125.323,2664.982,15.325,2.1637,6.4637,15.325,1.15,17.4887,1
11/17/2025 10:50,21.15,0.625,20.075,0.545,9.805,33900,5865,4.8563,2.175,125.323,2665.163,15.3188,2.175,6.475,15.3188,1.15,17.4938,1
11/17/2025 10:55,21.1375,0.6125,20.075,0.5325,9.81125,33775,5865,4.8487,2.1675,125.323,2665.344,15.35,2.1675,6.4675,15.35,1.15,17.5175,1
11/17/2025 11:00,21.1375,0.6375,20.1,0.5575,9.81125,33725,5865,4.8262,2.1637,125.323,2665.525,15.3813,2.1637,6.4637,15.3813,1.15,17.545,1
11/17/2025 11:05,21.1375,0.6,20.075,0.52,9.8175,33775,5845,4.845,2.1675,125.323,2665.705,15.4,2.1675,6.4675,15.4,1.15,17.5675,1
11/17/2025 11:10,21.15,0.625,20.1,0.545,9.8175,33775,5855,4.83,2.1675,125.323,2665.886,15.4313,2.1675,6.4675,15.4313,1.15,17.5988,1
11/17/2025 11:15,21.1375,0.6,20.075,0.52,9.8175,33775,5870,4.8487,2.1713,125.323,2666.066,15.45,2.1713,6.4713,15.45,1.15,17.6213,1
11/17/2025 11:20,21.1375,0.6125,20.075,0.5325,9.81125,33750,5845,4.8338,2.1675,125.323,2666.247,15.475,2.1675,6.4675,15.475,1.15,17.6425,1
11/17/2025 11:25,21.1125,0.6125,20.0625,0.5325,9.805,33775,5875,4.8487,2.1563,125.323,2666.428,15.4938,2.1563,6.4563,15.4938,1.15,17.6501,1
11/17/2025 11:30,21.125,0.6,20.075,0.52,9.8175,33725,5865,4.8262,2.1637,125.323,2666.608,15.5313,2.1637,6.4637,15.5313,1.15,17.695,1
11/17/2025 11:35,21.1125,0.6,20.0625,0.52,9.81125,33875,5865,4.8375,2.1637,125.323,2666.788,15.5125,2.1637,6.4637,15.5125,1.15,17.6762,1
11/17/2025 11:40,21.125,0.6125,20.075,0.5325,9.81125,33775,5845,4.8338,2.1675,125.323,2666.969,15.5375,2.1675,6.4675,15.5375,1.15,17.705,1
11/17/2025 11:45,21.1125,0.6,20.0625,0.52,9.81125,33825,5870,4.8375,2.1563,125.323,2667.149,15.55,2.1563,6.4563,15.55,1.15,17.7063,1
11/17/2025 11:50,21.125,0.6125,20.075,0.5325,9.81125,33850,5830,4.845,2.1563,125.323,2667.329,15.5438,2.1563,6.4563,15.5438,1.15,17.7001,1
11/17/2025 11:55,21.1125,0.6125,20.05,0.5325,9.79875,33775,5845,4.8338,2.1563,125.323,2667.509,15.5688,2.1563,6.4563,15.5688,1.15,17.7251,1
11/17/2025 12:00,21.0875,0.6,20.05,0.52,9.805,33725,5870,4.845,2.1525,125.323,2667.689,15.6,2.1525,6.4525,15.6,1.15,17.7525,1
11/17/2025 12:05,21.0875,0.6125,20.0375,0.5325,9.7925,33825,5850,4.8262,2.1563,125.323,2667.869,15.5875,2.1563,6.4563,15.5875,1.15,17.7438,1
11/17/2025 12:10,21.075,0.6125,20.0625,0.5325,9.805,33850,5845,4.8187,2.1637,125.323,2668.049,15.6438,2.1637,6.4637,15.6438,1.15,17.8075,0
11/17/2025 12:15,21.0875,0.575,20.05,0.495,9.8175,33775,5850,4.845,2.1563,125.323,2668.229,15.6563,2.1563,6.4563,15.6563,1.22,17.8126,1
11/17/2025 12:20,0.0375,0.5375,0,0.4575,-0.18875,33700,305,0,0.0037,125.323,2668.265,15.85,0.0037,4.3037,15.85,1.35,15.8537,0
